-0.315097,-0.398908,0.0560518,-0.0198387,-0.0279131,-0.00628523,-0.10022,-0.0614489,-0.0214896,-0.153474,-0.0879394,0.334818,-0.113274,0.0696846,-0.349869,-0.253467,-0.0909889,-0.158484,-0.0749226,-0.210453,0.0680531,-0.179735,-0.0660282,-0.238664,-0.120948,-0.153629,-0.0151717,-0.0942276,-0.127286,0.220071,-0.0237921,-0.363667,-0.317954,-0.146314,-0.0107131,-0.16626,-0.155255,0.0336338,-0.0665385,-0.0858916,-0.111468,-0.222937,-0.192931,0.0995969,-0.055273,0.0182578,-0.0229214,-0.0167108,-0.0748684,-0.108548,0.203433,-0.349816,-0.111417,-0.0772674,-0.120163,-0.225542,-0.0111253,-0.23754,-0.0599439,-0.181682,-0.0366886,-0.10364,-0.246633,-0.0441557,-0.194701,-0.209565,-0.30524,-0.043949,-0.0116406,-0.527334,-0.0961716,-0.125893,-0.255417,0.285009,-0.105893,-0.0499863,-0.0494505,0.0221562,-0.0996843,-0.126632,-0.0666687,-0.0925895,-0.038635,-0.142041,-0.0669378,-0.132252,-0.0111479,-0.109568,0.00837532,0.00434232,-0.0249807,-0.00140891,0.025974,-0.269408,-0.174559,-0.0274959,-0.156341,-0.0458459,-0.151584,0.581843,0.0480666,-0.196,-0.163224,-0.358765,0.0786467,0.269356,-0.093304,-0.0943248,-0.00788167,-0.200316,0.0980743,-0.07591,-0.0831734,0.152492,-0.0886586,0.0164397,-0.284419,-0.16572,-0.149506,0.115231,-0.336955,-0.0566231,-0.109098,0.0865412,-0.0604653,0.259738,-0.162045,-0.193032,-0.183037,-0.0891591,-0.105026,0.0298404,-0.0903863,0.0867399,0.00678731,-0.104237,-0.0430381,0.0394739,-0.320914,-0.0537088,-0.324411,-0.0900732,-0.0507122,-0.0973095,0.091065,-0.133819,-0.204299,-0.0678092,-0.194273,0.042891,-0.163212,0.113092,0.0447293,0.0999085,-0.168206,-0.0133614,-0.394531,0.144907,0.0712272,-0.135072,0.0445036,-0.177228,-0.0678595,0.124612,-0.337382,-0.140687,-0.0415079,0.117522,0.0719234,-0.0569429,0.244757,-0.185786,-0.174426,0.692894,0.0131387,0.175828,-0.0900935,-0.233941,-0.0893482,-0.128516,-0.117628,-0.166865,0.0253091,-0.169197,-0.0354613,-0.317301,0.0807762,-0.149641,-0.138794,0.202226,-0.0960346,0.00290953,-0.155558,0.0227843,0.11928,-0.069181,-0.0286293,-0.228654,0.0252789,-0.0798301,-0.17997,0.158953,-0.0768568,0.00363067,-0.187237,-0.0822888,-0.126778,-0.0254713,-0.0775388,-0.149342,-0.0648802,-0.0245974,-0.290016,0.0808102,0.0181104,-0.148604,-0.137804,-0.0802861,-0.168791,-0.375426,0.0738697,-0.00819227,0.16351,0.0770469,0.00443117,-0.180551,-0.0376454,-0.0949647,-0.140299,-0.0531401,-0.0427686,0.0750852,0.252741,-0.44761,-0.0448284,0.0712759,-0.105952,-0.124794,0.14018,0.20374,-0.112919,-0.294405,-0.0828005,-0.128591,0.0998053,0.336771,0.216974,-0.0302304,-0.139285,-0.147293,-0.0149493,-0.134446,-0.121187,-0.105514,-0.00580094,-0.166166,
-0.116703,0.000241819,0.121838,-0.112062,0.0409452,-0.0793746,-0.0801899,0.0825403,-0.00317047,-0.0660998,0.00941722,0.00376289,0.139287,0.0811254,-0.110163,0.0452037,0.0203708,0.0727102,0.0181562,0.260454,0.174873,0.0662006,-0.0653136,-0.0105268,0.140002,-0.0449459,-0.00758339,0.000608833,-0.0494168,0.0501468,0.10066,-0.214857,0.0497002,-0.0376132,0.0595697,-0.0483486,-0.0649574,0.0965938,0.031237,0.0067603,-0.0797158,0.0869207,0.0736037,-0.0717888,-0.0404517,-0.144672,0.000467049,-0.122916,-0.0381699,0.0884143,-0.0494963,0.0340462,0.0940172,0.0366676,-0.0188079,0.020328,-0.126082,-0.124232,-0.0895661,-0.0610237,-0.0411168,-0.13732,-0.1218,0.0462591,-0.0638771,0.0980027,-0.0957954,-0.0258719,0.128221,0.115552,0.122,-0.124017,-0.0699228,-0.0354441,-0.0257148,-0.0487915,0.00622836,0.0715972,0.0592434,-0.0419699,0.13617,0.118713,0.111011,-0.0359837,0.0325147,0.0194141,0.0394284,0.0167686,-0.0201297,0.0934489,-0.116709,0.161578,0.135377,0.00781035,0.179054,0.0629432,-0.0489274,0.0894863,-0.0633131,-0.14603,0.106025,-0.096153,-0.102931,-0.0304281,0.0750627,0.0260821,-0.0865941,-0.0618256,-0.133816,0.156533,0.0457974,0.0698829,-0.250544,0.0428571,0.0544239,0.148463,-0.146995,0.0206633,0.0857533,-0.0452141,0.0348446,0.0791709,0.133908,0.0782301,-0.00536598,-0.00696954,-0.02828,-0.0307325,-0.0868872,0.0157939,-0.0352704,-0.049397,0.0553525,-0.0563905,0.0657558,0.0288701,0.00955382,0.0889015,0.00534987,-0.140689,0.045765,0.110936,-0.0947298,0.042812,-0.00314099,0.0288629,-0.12728,0.0311553,-0.0640817,-0.0474473,0.0385268,-0.0528285,0.00262633,0.0316244,0.0199605,-0.0482619,-0.111488,0.144062,0.0972267,0.0279847,-0.113001,0.0722398,-0.0242276,-0.126829,0.00570897,0.108224,-0.132893,-0.0226776,-0.0246859,-0.073972,0.117697,0.091023,0.027428,-0.113147,-0.0255705,-0.0512521,-0.163195,0.0849284,0.0800074,0.0448964,0.0719321,0.187012,-0.0365549,-0.0587523,0.0258319,0.0200861,-0.0375002,0.038912,-0.0836197,0.0178377,0.0370287,0.0912235,-0.0425352,-0.0286714,0.0699706,-0.0287561,0.0981378,-0.0393235,0.0335104,-0.0506753,-0.0361916,0.0616087,-0.229477,0.0766638,-0.0382048,0.000355572,-0.0229014,-0.0446519,0.0673239,0.144582,-0.00946077,-0.0393564,0.043149,0.0917134,-0.00456145,0.0321103,-0.0438109,0.0857189,0.158573,-0.152186,0.059392,0.162005,0.0475952,-0.0128903,0.139847,-0.00105437,-0.0104809,0.0639521,-0.02349,-0.129976,-0.0501896,0.013844,-0.128642,0.127134,0.00200911,0.189228,0.0608832,0.111106,0.037461,-0.0984755,-0.036376,-0.0768201,0.0872501,0.143706,0.018544,-0.13627,-0.0248235,-0.0209974,0.129529,0.256373,0.149714,-0.122497,-0.067312,0.0969079,0.0270926,-0.0234818,
-0.0655121,0.152279,-0.11559,0.0956796,0.0177893,-0.129889,-0.00570613,0.0499657,0.0273503,-0.0755893,0.0893856,-0.136394,0.117492,0.0653871,-0.076271,-0.136161,0.155676,-0.0411664,0.0138778,-0.0673108,-0.0929516,0.00740051,-0.154026,-0.0843878,0.104141,-0.110692,-0.205222,-0.0163097,-0.0537753,-0.0509301,-0.0610645,-0.0560656,-0.133851,-0.0503273,-0.113541,-0.0727976,-0.0601725,-0.0507401,0.0138955,-0.0520798,-0.0167857,-0.0895513,-0.0437889,-0.0546513,0.0414378,0.191499,-0.0284306,0.0149431,0.0651362,0.0321986,0.0129261,0.0723313,0.170997,-0.0954332,-0.000252098,0.0924282,0.0163347,0.073087,0.0713477,0.0648181,0.0298715,0.0279958,0.163183,-0.00131433,-0.0501514,0.0257583,-0.166158,-0.0781377,0.10863,-0.0408841,-0.107472,0.0739242,-0.238735,0.125607,-0.118509,-0.0713672,0.0304248,0.0878532,-0.222397,-0.00844311,0.0597963,-0.181506,-0.0199381,-0.0434603,-0.159014,-0.068008,0.0223498,-0.0154192,-0.0141215,-0.0858175,0.0229613,0.0377441,-0.0703971,-0.10282,-0.0265893,-0.0930082,0.0243517,0.0399499,0.0714364,-0.00915865,0.123163,0.120517,-0.143722,0.0616169,-0.087507,-0.108644,0.0122081,0.0737147,-0.0428467,-0.0845347,-0.168956,-0.0628556,-0.0660157,-0.0408513,-0.0207725,0.106527,0.0203158,0.0758723,-0.0292247,-0.0881152,-0.0640104,-0.159858,0.0382343,-0.135098,-0.126675,0.0624277,0.0140317,0.151783,-0.046087,-0.06345,-0.0812597,0.094657,-0.0401065,-0.0521987,-0.18439,0.168595,-0.0248866,0.103046,0.0192085,0.100825,-0.0583488,0.08034,-0.124115,-0.0681607,0.0251562,-0.16441,-0.113413,0.0158336,-0.0244806,0.0401566,0.0338147,-0.025024,-0.117218,-0.0832608,0.077506,-0.0760713,0.234686,0.0203068,-0.0550499,-0.0280883,0.013598,0.00978563,-0.13234,0.0341109,-0.00378774,-0.0656744,0.0862279,-0.0543781,-0.0206485,-0.0149996,0.0892101,0.137485,0.0472952,0.0728377,-0.0681935,-0.0250753,0.0137012,0.0420253,0.0484724,0.177388,-0.013993,0.148923,0.0258385,0.0299439,0.0912566,-0.0242303,-0.0771433,0.0942615,-0.00333876,-0.200373,-0.0236588,-0.162235,-0.0199201,0.255714,0.0284338,0.120603,0.0408738,-0.0902427,-0.0431784,0.0379721,-0.097283,-0.0540462,0.0879424,0.0737343,0.0165699,0.0804896,-0.048816,0.0808843,-0.0209945,-0.118605,-0.145975,0.0232152,0.0620009,0.0598704,0.0870783,0.043977,-0.0456894,0.0477817,0.00540095,0.111593,0.0606375,0.140519,-0.028114,0.0328862,0.0382822,-0.110346,0.0197563,0.12021,-0.0682056,0.0708312,-0.264491,-0.0454225,0.0447665,-0.0476067,-0.0388908,-0.0932393,-0.00426971,0.0310627,0.0561684,0.150786,-0.0753267,-0.0639966,0.110823,-0.000659942,0.031898,0.111159,-0.02315,0.101866,0.160814,0.0992516,0.165783,-0.0538495,-0.107011,-0.115011,0.0361882,0.032101,
0.0900978,0.0610585,-0.031376,-0.11199,-0.0574777,0.0948635,-0.0279157,0.00845078,0.0512197,0.0135408,0.0354792,0.0812792,0.0548036,0.0606265,-0.201578,0.0692249,-0.127096,0.0376413,0.0697415,0.0179567,-0.14881,-0.0766574,0.0198071,0.0852323,-0.135205,-0.0171954,-0.130064,0.0158132,-0.00577596,0.0187383,0.104697,0.0559627,-0.0483745,0.0494567,-0.0886813,0.236126,-0.103635,0.0161074,0.0151362,-0.140299,0.0806311,-0.0360147,-0.0284487,0.0802309,-0.120503,-0.162356,-0.0696541,-0.0105198,0.111841,-0.0508439,0.335831,0.0339207,-0.0117959,-0.106184,-0.0339315,-0.00327428,-0.0279454,-0.0917643,0.0183154,0.0818057,0.0286527,0.0223427,0.0880192,-0.0586379,0.0937601,-0.0190954,0.139959,-0.0562157,0.00783047,-0.130217,-0.130248,0.149512,0.0708878,0.117705,0.0287138,0.103325,-0.0705429,-0.0137501,-0.0421243,-0.0609384,-0.0847384,-0.105351,0.108872,0.008595,0.0599402,-0.0388999,0.0377856,0.12313,0.0702539,-0.0349446,-0.0450374,0.0215876,-0.0637781,0.0646105,-0.0235836,-0.0846234,-0.0110262,0.14834,-0.138194,0.0973824,-0.0242326,-0.0332282,-0.0547441,0.0272682,0.00499006,-0.0175368,0.100663,0.0377595,0.120216,0.0971563,-0.0936061,-0.0860013,0.0818188,0.0599244,-0.135867,-0.00733203,0.0188578,-0.0585066,0.0799471,-0.0611641,0.00076906,0.0619457,-0.0995914,0.149043,-0.102692,-0.0933777,-0.0831801,0.212156,0.0236884,0.0497657,-0.0177645,0.0102268,-0.0884789,0.111529,0.0969524,-0.176841,0.0414587,0.0310412,-0.0747665,0.0117577,0.0304666,-0.102248,0.12446,0.0185797,0.0576647,-0.0524461,-0.225476,0.208956,-0.060157,-0.207933,0.0657252,-0.0702221,0.114509,0.0644385,-0.145541,-0.173452,0.169455,-0.0872308,-0.186557,0.151659,-0.000576741,-0.0753226,0.12233,-0.0706503,0.0560377,-0.120446,-0.064608,0.15897,0.119385,0.0100249,-0.089309,-0.121508,0.233058,-0.0461065,0.182037,0.00926975,0.0524713,0.143215,0.0955925,0.0907662,-0.0130354,-0.0474569,0.00610045,-0.117928,0.0575019,-0.0390109,-0.0306134,-0.152347,-0.101955,0.0376244,-0.13356,0.0234304,0.0537788,-0.196036,0.0838319,-0.0352957,-0.143203,0.0153168,0.00514179,-0.00577991,-0.0950943,0.0618677,-0.00104235,-0.0142347,-0.0039707,-0.0055751,-0.0409373,0.0959221,-0.0872315,0.140165,0.027469,-0.0514891,-0.0611785,0.154944,-0.00200234,0.0342907,-0.0804884,0.0303918,-0.0491255,0.0776135,-0.0472769,0.083968,0.069565,-0.0646575,-0.0375557,-0.11772,-0.0345036,0.0496204,-0.121104,0.0692378,-0.0442779,0.175203,-0.0487808,0.0345327,-0.0654302,0.0498032,-0.0658889,0.00458782,0.0401798,-0.11843,-0.115759,0.0815375,0.124905,0.0888754,-0.0162702,0.0177957,0.0300339,-0.0380091,-0.136964,0.0401157,0.0755713,-0.0754123,0.0106799,0.0978861,-0.262992,0.0523402,
0.0333324,-0.0117663,0.148904,0.0123404,0.109048,-0.111989,0.0250211,-0.159217,-0.0255869,0.0471032,0.0507568,0.098807,-0.0344547,-0.198318,-0.0331247,-0.00404286,-0.00440986,-0.0596922,-0.0128509,0.111138,0.224432,-0.185972,0.0412259,-0.124754,-0.107805,0.0994585,-0.188925,-0.0845541,-0.110005,0.132735,-0.0136007,-0.112656,-0.0748611,-0.0501101,0.120381,-0.00214177,-0.017043,0.100863,0.018684,-0.123468,-0.098202,-0.0313793,-0.116742,-0.0523465,0.0229605,-0.0923345,-0.242715,-0.0149407,-0.0926308,-0.00605643,-0.0272974,-0.102959,0.00923106,0.0157345,0.0571764,-0.0893976,-0.0394331,0.107662,-0.204229,-0.0876468,0.10349,-0.0687858,0.11101,-0.109705,-0.144363,-0.0403563,-0.221251,-0.00952085,-0.080463,-0.063116,-0.0444759,-0.2007,0.0154721,-0.0295865,0.117692,-0.0624991,0.104741,-0.123956,0.0588102,-0.199446,0.184942,-0.034897,-0.0769658,0.174962,-0.0896328,0.14744,-0.0842076,-0.0146942,0.0551676,0.051665,0.0118948,0.321625,-0.142784,-0.0980188,0.10791,0.100907,-0.144578,-0.0343004,-0.16092,0.0723702,-0.100384,0.0142137,0.0189203,-0.114823,0.0423824,0.104735,-0.118779,-0.0204182,-0.0820751,0.100935,0.147709,-0.0885018,-0.0739034,0.0576614,-0.0343908,0.16807,0.0356495,-0.0466217,0.0497802,0.126559,0.062617,-0.0343725,-0.119728,-0.0535613,0.016051,0.128057,0.102256,0.100532,0.0237259,-0.046024,-0.114003,0.0736208,0.0111268,-0.00841926,0.13064,-0.000837013,-0.0701545,-0.0560563,-0.073259,-0.119187,-0.0915289,0.144962,-0.0932615,0.0131347,0.0457658,0.0420794,-0.12108,-0.126389,-0.0740146,0.0800453,-0.0270643,0.0979897,-0.132015,-0.1317,-0.0189989,0.0174651,-0.156943,-0.0463614,0.0877775,0.0831307,-0.056613,0.0965414,-0.0275248,-0.046277,-0.0716034,0.0398748,0.0984277,0.0784688,0.00217518,-0.0227505,0.0548111,-0.0706136,-0.0553165,0.0984296,-0.0625749,-0.039618,-0.0907731,-0.212183,-0.0452417,-0.196637,0.117177,-0.0131433,0.144133,0.0391855,-0.0577985,-0.141488,0.135875,0.0435346,0.0497851,-0.0813899,0.145084,0.023155,0.0295967,-0.113119,-0.0222813,-0.0293234,0.00818324,-0.0442076,-0.0137878,0.0629372,0.138983,0.0543425,-0.186351,0.012272,-0.0653565,0.0103597,-0.00618095,0.01506,0.0936785,0.0983874,-0.0109945,-0.289592,0.0997115,-0.105606,-0.0890096,-0.0424624,-0.0309471,-0.0418228,-0.0286298,0.0108194,-0.0307566,-0.0777136,0.0135162,0.029297,-0.00916028,-0.143311,-0.135455,0.0650801,0.0219449,0.0185032,0.0941945,0.0539503,0.0704992,-0.0423776,-0.0746119,0.0202476,0.00445767,0.056942,0.0679281,0.100602,-0.190598,-0.0376169,-0.0644502,-0.185242,-0.0518833,0.148357,-0.0920622,0.013301,0.109809,0.113921,0.073085,0.0925587,-0.0212493,-0.168104,0.0325261,0.0235704,
0.0733158,0.216226,-0.0486289,-0.129585,0.0235126,0.0597889,-0.0597919,-0.0286578,0.107109,0.138747,0.111117,0.208781,-0.0982961,0.00388738,0.0406953,0.0925375,0.0477991,-0.0893962,0.0573858,-0.167235,-0.00922368,0.0143748,-0.0162793,0.192009,-0.070244,0.170751,-0.0534312,0.0548579,-0.128511,-0.0194505,-0.185576,0.181774,0.154358,0.114117,-0.0391472,0.157264,-0.0215253,-0.0520893,-0.0850898,-0.0731489,0.228774,0.108765,0.225572,-0.114019,0.127302,-0.087187,-0.107789,-0.00481302,0.0223789,-0.0755456,0.220893,0.038096,0.0256931,0.111438,-0.0446405,0.154235,0.20112,0.0165235,-0.0211804,0.00976001,-0.00871392,0.0443338,0.149638,-0.223822,0.102871,0.122891,-0.116828,-0.167842,0.0699716,0.168532,-0.0446878,0.230168,-0.0335104,-0.00622895,-0.101656,-0.0773091,-0.400571,0.0380603,-0.139321,-0.170272,0.058642,-0.0586411,0.0637595,0.0156403,0.113396,0.103293,-0.102874,-0.0333049,0.039476,-0.0828487,-0.0834524,0.145627,0.0591329,0.228406,0.249212,-0.0142434,0.191129,-0.0332705,0.00866632,0.23485,0.129021,0.0441326,-0.0889471,0.0937947,0.079288,-0.131762,-0.214052,0.0169101,-0.188574,-0.0794154,0.0595713,-0.299707,-0.0951664,-0.161649,0.0543091,0.106251,-0.0502838,-0.0603325,-0.159576,-0.0835393,0.128441,-0.0358398,-0.0180272,-0.0597512,0.0261397,-0.0830042,0.113847,-0.0244866,0.0984547,-0.00539766,-0.117362,0.103293,0.148897,0.0831131,0.183098,-0.13737,-0.0643646,0.0560247,0.0133352,0.0236671,0.119792,-0.101914,-0.105071,-0.0221915,0.0413376,-0.126674,-0.143843,-0.120629,-0.0611789,-0.00850873,0.0881186,0.131864,-0.169144,0.180516,-0.106161,-0.0496671,0.158268,0.0517223,-0.0861898,-0.0791825,-0.0688724,-0.104801,0.179486,-0.135678,-0.058867,-0.0335738,-0.0880637,0.302512,-0.00282256,-0.175859,0.118541,-0.343951,0.130511,0.0746526,-0.0596511,-0.033276,-0.149595,0.148656,-0.00217596,-0.0911965,0.0145928,-0.028209,-0.0360662,-0.0956082,0.129226,0.17535,0.0695747,-0.0473678,-0.0516176,-0.065946,0.0587762,0.0074857,0.0661283,0.034045,-0.0820109,0.0786111,0.0355562,0.0441334,-0.0142523,0.0708424,-0.0599879,-0.0348095,0.0577323,0.0102024,0.0725796,0.0250233,-0.146829,0.162903,0.0176064,0.155418,-0.000674648,-0.134911,-0.151153,0.110897,0.0459303,-0.141232,0.0116385,-0.0652597,0.103723,-0.146495,0.0928733,0.0618092,0.277068,-0.108327,0.130651,0.00271321,-0.104522,0.0391049,-0.0282095,0.115713,0.0234414,0.0510937,0.0744058,0.16253,-0.131508,-0.113884,-0.083611,0.00314135,-0.221532,0.135481,0.0652152,0.266892,0.0877144,0.104681,-0.0359961,-0.135263,0.209899,-0.15995,0.0932855,0.107105,-0.202404,0.143753,0.109642,0.0915587,0.173146,-0.128741,
0.0494883,0.0617245,-0.149263,-0.134224,-0.0114385,0.0510234,0.0493353,-0.0762673,-0.0797427,0.202218,0.0655635,0.176436,0.125775,-0.109477,-0.0249118,-0.00451284,0.086586,0.0612779,0.0523419,-0.0544777,0.017678,0.111763,-0.253618,0.0479794,0.031161,0.00190029,-0.0351645,0.0405126,-0.0938577,-0.188393,-0.0956352,0.0636003,0.194217,-0.17869,0.0398017,0.0416713,0.200812,0.0176125,-0.0545183,-0.0567737,0.0137392,0.246887,-0.153462,0.0606654,0.0519393,0.0642724,-0.101518,0.0905494,0.0103495,0.102342,0.033827,0.00034195,0.0260666,0.143807,0.0211633,-0.149044,0.0184878,0.0497085,-0.0219551,-0.015525,0.169146,-0.121871,0.0349276,0.123797,0.0605869,-0.0546016,0.0618867,-0.0880247,0.0805199,0.0881632,0.0473771,0.123875,-0.0984184,0.0845832,-0.0815945,-0.10445,-0.0888598,-0.00943924,-0.0042332,-0.0521806,0.00207294,0.107535,-0.0234126,0.0168473,-0.0850288,-0.0722603,-0.00289527,-0.0368688,0.00467175,0.149198,0.011818,0.302073,-0.183851,-0.0360936,-0.00467561,-0.0864997,0.0537369,0.087853,-0.00961385,-0.0275413,-0.075645,-0.0713286,-0.0755732,0.0289304,-0.00215176,-0.192763,-0.00442904,-0.0298958,-0.130772,0.155507,0.0187274,-0.146978,0.0379317,0.0573197,-0.0521244,0.0601689,-0.186922,0.19076,-0.0287409,-0.0437892,0.0501512,-0.140505,-0.0131522,0.00578728,-0.0414451,0.00366085,0.0301993,-0.0356985,0.0723555,-0.0632719,-0.0630916,-0.0659735,0.0931019,0.013689,0.0689479,0.0155004,-0.0419946,0.0237176,0.143727,0.0276087,0.108176,-0.00619816,0.101813,-0.166695,0.0637549,-0.201876,0.110998,-0.0313739,0.00692917,0.0583778,-0.0909374,0.107969,-0.0870061,0.185781,-0.0492977,0.00263423,0.0954728,0.0291297,-0.179193,0.0978476,0.0317246,-0.00228045,0.225514,-0.0834829,0.1489,0.197384,0.12301,0.116548,0.016896,-0.0900987,-0.0220908,-0.0575667,-0.0234742,0.0544317,0.10792,0.0110599,-0.00707652,-0.105755,0.0287025,-0.215985,-0.0862537,0.0166233,0.0387585,-0.0644091,-0.0614637,0.0892614,-0.0905808,-0.0366838,-0.126698,-0.0663095,0.0582013,-0.127199,0.14302,0.153979,-0.00352343,0.0199278,0.0941266,0.113795,-0.109434,-0.0563429,-0.128851,0.0847854,-0.134031,-0.0500662,-0.0593095,-0.0139579,-0.0980543,0.115171,-0.0214679,-0.0417269,0.0185132,0.111308,-0.177506,-0.0792809,0.0218689,0.0123825,0.189963,-0.0932796,-0.0797013,0.214207,-0.0832836,-0.0839608,0.0217437,0.075649,-0.0197913,-0.105455,0.0704898,-0.0418873,-0.0750973,-0.000210001,-0.00581243,-0.00978156,0.0957603,-0.101198,0.0345488,0.0132695,-0.193512,-0.150959,-0.131735,0.00818258,0.205691,0.0187585,-0.0294305,-0.00737885,0.139433,0.0172402,0.00886217,-0.013745,0.0889078,-0.0646214,0.0244642,-0.0665086,-0.0827221,0.0312471,-0.172551,-0.023087,
0.00122569,0.169168,-0.0117123,0.0188952,-0.150522,-0.0234457,-0.113152,-0.0289347,-0.00321307,0.140088,0.0118037,0.105647,0.0838263,-0.0838973,0.14318,-0.0354125,-0.0781793,0.0616408,0.144094,0.176912,-0.109594,-0.0936153,-0.0932381,0.10029,-0.0904751,0.0180993,0.0799277,-0.00414277,-0.199864,0.0482301,0.00850929,0.137363,-0.00280053,0.00064028,-0.00225395,0.0264002,-0.019527,-0.024554,-0.0406518,-0.00460671,0.0499965,0.042529,-0.00298458,-0.059329,-0.0653649,-0.126283,0.140463,0.0249364,-0.0426996,-0.091481,0.13668,-0.00743039,0.04665,-0.0250184,-0.0838989,0.199622,0.138873,0.0509103,-0.0371517,0.11858,-0.0774312,0.111564,0.0237797,0.0558205,0.0285969,0.0725659,0.0174041,-0.129641,-0.0183999,-0.0161898,-0.0185851,0.16128,-0.038245,0.150861,-0.154384,-0.03248,-0.220304,0.0312071,-0.0230556,-0.0835563,0.0184814,-0.108195,-0.194778,-0.0753197,0.0906038,0.00915099,-0.282902,-0.0801391,-0.00380352,-0.0607425,-0.0399154,0.133751,0.0202268,0.0228082,0.0776496,0.0617909,0.0834779,-0.0748003,-0.158625,0.030475,0.00618611,-0.0421247,-0.168952,0.0394582,-0.0193616,-0.0279809,-0.0328186,-0.118473,-0.122482,-0.0297226,0.0348011,-0.180035,-0.0449704,0.0968595,-0.0225587,0.0166658,0.108952,0.022967,0.247025,0.0590118,-0.0827433,0.016071,0.0492064,-0.133136,0.0736711,0.0921691,-0.0473244,-0.159478,-0.0349421,-0.172901,-0.0824244,-0.116523,0.0988533,0.0353853,0.163053,-0.153076,-0.00025194,0.00403757,0.00181426,-0.0127879,0.269581,-0.072122,-0.119331,0.0487192,0.0519564,-0.058631,0.0612848,-0.00518836,0.196145,0.067573,0.0365703,0.114228,0.342949,0.122576,-0.0498673,-0.0748047,0.264901,0.0168786,-0.0267455,-0.058489,0.0890645,0.162764,-0.0317222,0.0484535,0.152533,0.0774973,0.178795,0.243603,0.0533565,0.0118833,-0.0389673,-0.0447011,-0.0527136,0.162929,-0.130488,-0.0949019,0.091349,0.0917537,0.219177,0.0026843,0.0172829,-0.12397,0.15928,0.0136888,-0.0509775,-0.115684,0.0046171,-0.00338758,-0.0929481,-0.00188411,-0.0443978,0.0803661,0.139584,0.0538561,0.127623,-0.0370115,-0.0759078,0.118418,-0.119078,0.0196945,-0.0260083,-0.0556276,0.104177,0.00894161,-0.135459,0.0620113,0.045192,0.0598319,-0.120934,-0.0102442,0.138748,0.0706711,-0.0203492,0.148782,-0.0829456,0.0116752,0.168561,-0.148755,0.0754781,-0.153756,0.00723436,-0.109273,0.20031,-0.00787329,-0.0237626,0.159976,0.0652558,-0.0275544,0.0152032,0.00578302,0.0225924,0.00693463,0.177058,0.043834,0.051453,0.0304467,-0.0594313,-0.0749468,-0.0976955,0.00794866,-0.0412689,0.212828,0.0323503,-0.0300982,0.137292,-0.000930515,0.156004,0.0282361,-0.0421121,-0.119901,0.11382,0.0405159,0.231176,-0.120686,0.0101742,-0.178537,
0.076295,0.0569869,-0.0170228,0.118177,0.0215302,-0.0223536,0.025525,0.0986045,0.153857,-0.0970079,-0.144106,-0.0031782,0.033644,0.0107841,0.0668532,0.0282809,0.00178137,-0.0700174,0.0021448,-0.0481451,0.0280146,0.0622291,-0.138268,-0.00633424,-0.0253237,-0.0583567,0.0402607,-0.0508144,0.0636826,0.0524126,-0.0669178,-0.0379797,-0.119078,0.0781192,-0.101588,-0.00350407,-0.098785,-0.0456841,-0.041417,-0.000995845,-0.217545,-0.0998113,-0.068026,-0.0938613,0.101305,0.101093,0.146787,0.00457564,0.141756,0.0338697,0.0958274,-0.0430197,-0.120279,0.0741847,0.0595716,0.0475446,0.0572225,-0.00518352,-0.114772,-0.0287679,-0.224236,0.0392247,0.0379189,0.0831582,-0.058714,-0.0500778,0.0751009,-0.0758652,0.0244474,-0.0895347,-0.193293,0.0602113,-0.0985922,0.0296018,-0.0580546,-0.0666625,-0.0381633,0.0120474,0.0341159,0.0123642,-0.135328,-0.182254,-0.0656641,0.16742,-0.0484439,0.026508,-0.0623479,-0.0552028,0.0395818,0.0656867,0.051971,-0.0144296,0.063654,-0.125785,0.00828282,0.122551,-0.104554,-0.159167,-0.0402621,-0.00114714,0.0949927,-0.0153134,-0.0192067,0.0615968,-0.122578,-0.0489161,-0.0788179,0.113072,-0.170638,-0.0318619,-0.13695,0.124993,0.0355286,-0.0276398,-0.0242478,0.0746934,-0.0212375,0.00425852,-0.0773342,-0.117313,0.0914113,-0.00275211,-0.188896,0.0647828,-0.0462924,-0.12067,-0.181245,0.0269911,-0.107663,0.107901,-0.0565313,0.0311496,-0.128374,-0.139965,-0.0970402,-0.111281,-0.0502949,0.0363789,0.124429,0.0205181,-0.0172332,0.0206374,-0.0431813,-0.0324146,-0.0327297,-0.0902465,0.0254468,-0.0170379,-0.0485536,0.000475002,0.0660159,-0.00790512,-0.0132174,-0.142955,-0.0317027,0.0257048,-0.0638933,-0.027114,0.02711,0.0964428,0.163314,0.00540507,-0.0919691,0.0243258,0.109343,0.0768369,0.00050759,-0.0139503,0.102957,-0.102587,-0.0787489,-0.127203,0.0273807,0.111187,0.00735675,0.00310314,0.0811029,-0.057582,0.00741785,-0.0562823,0.0447902,-0.133136,0.0388128,0.231899,-0.0996875,0.0336508,-0.0128391,-0.0695121,-0.0157766,0.0177764,-0.0335104,0.0343942,0.0107737,-0.0259699,0.049523,0.221513,-0.0661113,0.000644292,-0.0608138,0.0285317,0.0564274,0.164264,-0.100373,0.0186026,0.00139035,-0.0736616,-0.0416594,0.0443648,0.00537918,-0.142973,-0.0132815,0.0659872,-0.117912,-0.051872,-0.0537807,-0.0085538,-0.0999572,0.0795038,-0.0202351,0.167451,-0.121187,-0.144824,-0.101977,-0.12246,-0.058059,-0.00628554,0.00583165,0.056821,0.07907,0.111199,-0.00568827,-0.0629992,0.0720144,-0.134701,-0.0309833,0.0309583,-0.0086594,0.00127984,-0.0452854,-0.000843601,0.106872,-0.147111,-0.16727,0.115776,0.117868,-0.0813952,0.126682,0.0649755,-0.0924245,0.00607488,-0.0364284,-0.0341156,0.0399537,0.0698383,0.00256873,-0.0357336,
0.0717475,0.207441,-0.212144,-0.0316583,-0.0326503,-0.00810396,-0.00961138,-0.0298675,-0.00263017,-0.0688043,0.0139782,0.120214,-0.137783,0.019686,0.205422,-0.038028,0.0128399,-0.0894202,-0.039426,-0.0477276,-0.0574504,0.00836769,-0.0159891,0.13863,-0.23143,-0.0952624,0.0918218,0.207266,0.0149723,0.0833333,0.169265,-0.0118047,0.00520564,0.0959516,-0.029083,0.106087,-0.0262848,-0.00175728,0.284827,-0.0540646,-0.0158591,0.152981,0.0595935,0.0732272,-0.00971166,0.00122563,-0.012535,0.00348408,-0.0270573,0.233045,0.0667195,0.00710625,-0.0703491,-0.0743961,0.0669614,0.0514019,-0.119697,-0.134801,-0.0471705,0.0759772,-0.000405372,0.139345,0.0582098,-0.0865069,0.101987,-0.0120921,0.0726281,-0.0696938,0.0310453,0.0746187,0.0208181,0.156898,-0.130816,-0.0537072,-0.0869039,-0.095679,-0.0729239,0.0666661,0.0585189,-0.0181946,0.133054,-0.0230183,0.119183,-0.0963037,0.0901775,0.0177506,0.00704754,-0.0865293,-0.0246672,-0.0482775,-0.0712353,-0.0728148,0.0647644,0.122813,0.00660395,0.0846948,-0.0354156,-0.0950513,-0.121391,0.084603,0.0400155,0.156197,-0.0728265,0.144697,-0.0840561,-0.236791,0.0295278,0.127622,0.0103813,0.00308941,-0.0465098,-0.157792,-0.173195,-0.0980719,-0.0327059,-0.000742053,0.0175006,0.0571067,0.0325983,0.0306815,0.0238396,-0.086213,-0.113762,0.0825164,0.0823178,-0.188142,0.0242189,0.102403,-0.166186,0.096643,0.0269937,-0.0948006,-0.064648,-0.00023723,0.155183,-0.0288222,-0.0419924,0.0184201,0.0761201,0.174443,-0.0248256,-0.108425,-0.0365486,0.111013,0.0696849,-0.0152947,0.116331,0.0843369,0.0631673,-0.0955683,0.127818,-0.033124,-0.0591967,0.100958,-0.0686317,0.0842169,-0.0546311,0.0265064,0.0666682,-0.0649769,-0.0942913,0.0105576,0.153662,0.0505552,0.13878,-0.0329298,0.120771,0.27555,0.0775883,0.0317468,-0.0285052,0.0693599,0.0445007,0.103131,-0.19615,0.118817,-0.15906,0.0535835,-0.0231269,0.0618879,-0.0152892,-0.0406848,-0.152071,0.0196589,-0.0819346,0.0891031,-0.018533,0.0741017,-0.0161369,0.0120132,0.0263473,-0.146517,-0.0370494,0.00552247,-0.0215621,0.0650709,-0.0768006,0.00252617,-0.153981,0.0403072,0.124685,-0.0646121,-0.218369,-0.037424,0.00627551,0.0164434,-0.0598891,-0.0625608,0.0620128,0.0995551,0.0190324,-0.130318,-0.135296,-0.0286702,-0.0825147,0.166687,0.0856239,-0.0980681,0.0820524,0.0653663,0.116549,0.0397543,0.0746184,-0.116738,-0.0551554,-0.170064,-0.104991,0.110852,0.115642,-0.0455063,-0.0968081,0.0166747,-0.0217279,0.148107,0.0308167,-0.154041,-0.0574693,-0.00229595,-0.0150095,0.0298179,0.126443,0.0214909,-0.0581773,0.0366551,0.00379176,0.144301,0.011074,-0.0560284,-0.0362207,0.106084,-0.00493291,-0.0397725,0.0406386,-0.137165,0.0444997,0.0210461,
0.0492467,-0.0476504,-0.0206131,-0.015994,-0.0777172,-0.0451979,-0.0209703,-0.00572601,0.16118,0.0809744,-0.114575,0.0374622,0.0580134,-0.00611256,0.139171,-0.00974997,0.0217695,0.147743,0.0909645,-0.110989,0.0910324,-0.0204117,-0.0701368,-0.120706,-0.105364,0.0517063,-0.0773972,-0.0595506,0.0987122,-0.0946544,-0.0280176,-0.0378266,-0.177175,-0.051375,0.0945175,0.0284069,-0.0474005,-0.060482,-0.0611455,0.0358138,0.0893621,0.137299,-0.110065,-0.0468317,0.020991,-0.0685068,-0.0374968,-0.0699351,-0.0536679,0.039692,0.228034,0.0299823,-0.154655,0.0310593,0.0755822,-0.00311131,0.120377,-0.11411,-0.00468524,0.108481,0.0268537,-0.0340684,0.0220912,0.0640013,0.173528,0.0877917,0.0666563,-0.0191639,0.0653386,0.0517026,0.0203966,0.258786,0.103144,0.0928438,0.0733801,-0.0183367,0.156514,0.0199672,-0.1021,-0.0588274,0.0464362,-0.00752909,-0.108519,-0.0674666,-0.0515945,0.0511542,0.12308,-0.0191414,-0.0340001,0.0698299,0.0161326,-0.0331561,-0.06152,0.0923904,0.0373065,-0.0240911,-0.0300989,-0.0301284,0.101559,0.109636,-0.00764889,-0.0686378,-0.149768,0.00835406,-0.10112,0.087789,-0.0515262,0.0511062,-0.00748825,0.049655,-0.0980441,-0.0545163,0.0218887,0.00271153,0.100133,0.00246375,0.100411,0.0667234,0.113915,-0.012686,-0.0585843,-0.0250053,0.0932328,0.0614684,-0.171514,-0.100326,-0.0222899,-0.0382264,-0.0077744,-0.0718122,0.10653,0.0580409,0.0806528,-0.00272785,-0.0316351,0.110742,-0.0168976,-0.0478037,-0.146146,0.0598534,0.186035,0.0669139,0.138585,-0.209002,0.0224536,-0.0452122,0.0858037,0.0739092,-0.147173,0.107628,-0.102782,-0.0107347,0.00723991,0.0315673,0.156796,-0.168857,-0.0257031,-0.127909,-0.149143,-0.0588551,0.0727355,-0.0406387,-0.0360885,-0.12113,0.100496,0.105359,0.112717,0.00980022,0.0437484,0.0458242,0.0409196,-0.0751191,-0.0471683,-0.0123564,0.0214259,0.0767337,-0.0302591,-0.16974,0.0970392,-0.0714765,0.0521968,-0.0235596,0.210567,-0.0629635,0.103701,0.0185837,0.0118715,-0.159843,-0.0322684,0.0686706,-0.121829,-0.0712149,-0.0616365,0.0373305,-0.0169542,0.0310794,-0.00104727,0.110428,0.113597,0.0873934,-0.121005,-0.0640873,-0.111789,0.0432727,-0.000953858,-0.0503289,-0.0386031,-0.185112,0.0202914,0.0270992,0.0328598,0.105014,-0.104964,0.15496,0.134671,-0.0239156,0.00727549,0.113693,-0.0397442,0.00668604,-0.148874,0.11542,0.235542,0.072003,-0.172774,0.0549302,-0.0686647,-0.0555578,0.0163231,-0.0117213,0.0199034,0.0125014,-0.112359,0.129509,-0.00395468,0.0327171,0.024216,-0.087988,-0.0659086,-0.103596,0.129911,-0.0488228,-0.0779344,0.00730413,-0.172214,0.0545414,0.0912892,0.169912,0.0663475,0.121661,-0.0855888,-0.0754969,-0.00359926,0.0727072,-0.0240931,-0.0990403,
-0.149705,-0.355629,-0.100464,-0.0223723,-0.0640296,0.137936,0.00926726,-0.17422,-0.149368,-0.139863,-0.00729049,0.310454,-0.197987,0.000233018,-0.310573,-0.138838,0.259369,-0.048027,-0.0212768,-0.220837,0.135554,-0.310034,-0.149924,-0.186022,-0.068074,-0.170652,0.00589231,-0.0592188,-0.0342803,0.085829,-0.092691,-0.29034,-0.35501,-0.258189,-0.0357526,-0.104211,-0.0127202,-0.0347577,-0.0106311,0.0199831,-0.174731,-0.185106,-0.0467202,0.0556532,-0.0295589,-0.104243,-0.0322835,-0.310917,0.0746151,0.0817462,0.145172,-0.208592,-0.000883662,-0.147211,-0.038108,-0.134824,0.0327934,-0.0290086,0.083944,-0.146171,-0.188604,-0.180603,-0.201368,-0.0537497,-0.132872,-0.138029,-0.265945,0.0556453,-0.0650642,-0.317126,0.0324011,-0.139428,-0.092868,0.376872,0.0561011,0.0507791,0.0200677,0.0627734,-0.103942,0.027328,0.00114919,0.0346726,-0.124216,-0.319069,-0.196578,-0.257305,0.0207585,-0.107534,0.159785,0.0253442,-0.0181443,-0.11773,0.0831109,-0.118772,-0.0221898,-0.00613424,-0.0398783,0.0593681,-0.133354,0.372901,0.0278368,-0.070664,0.00255762,-0.190999,0.0943071,0.0993959,-0.0061285,-0.150325,-0.0813406,0.0906945,0.045198,-0.169617,0.0421622,0.102263,0.0606937,-0.0325605,0.0189148,-0.127235,-0.110168,0.138661,-0.0929453,-0.0676617,-0.110303,0.241894,-0.111358,0.0782749,-0.0795904,-0.208342,0.026742,0.0135777,-0.0108526,-0.128737,-0.175581,0.0192227,0.0824585,-0.0994449,-0.194217,0.0640764,-0.115308,0.125131,-0.143304,0.0122209,0.0271898,-0.0430243,0.0863567,-0.181374,-0.00995752,-0.00352495,-0.032759,-0.00906238,-0.199138,0.15593,-0.0553907,0.245644,0.0929192,-0.0440543,-0.192569,0.098302,0.0114972,-0.0397993,0.0570655,-0.0197289,-0.141732,-0.0359269,-0.134907,-0.0028489,0.0561304,0.0366592,0.0391446,-0.0758596,0.0402696,-0.286071,-0.152428,0.477887,-0.0119729,0.0140127,-0.183541,-0.105809,-0.137568,-0.0675646,-0.112166,-0.0804543,-0.187789,-0.124572,-0.154204,-0.208106,0.0228078,-0.109134,-0.0223791,-0.151722,-0.0430971,-0.141997,-0.152078,-0.0795568,0.111247,-0.0387976,-0.0454872,-0.203639,-0.0358573,-0.255069,-0.0526628,0.0612664,0.11851,-0.0270577,-0.108887,0.0298033,-0.00420175,-0.0719373,0.196758,-0.00224667,-0.212437,-0.0303144,-0.184389,-0.0676902,-0.153309,-0.0248696,-0.00386243,0.0615675,0.0866531,0.0749971,-0.0437712,0.0632656,0.049854,-0.00367507,-0.0834962,-0.134647,-0.051453,-0.00605601,-0.15674,-0.0858977,-0.148841,-0.0126373,0.0719663,-0.286051,0.0769162,-0.0238912,0.113883,-0.00999989,-0.139296,0.169154,0.0525588,-0.194734,-0.0334492,-0.256806,-0.152065,0.300492,0.0401435,-0.104668,-0.0209909,-0.0901884,-0.187293,-0.177821,0.0157785,-0.246834,0.00545658,-0.0732477,
0.211111,-0.0780005,-0.00672448,0.12135,0.205935,-0.0783941,0.0215208,0.0403365,0.0869532,-0.0866978,0.0370845,-0.167503,0.0979816,-0.017788,0.0227268,-0.024473,-0.0514221,-0.0361917,0.0374513,-0.0716145,0.108186,-0.124199,0.223554,-0.0105398,-0.021568,-0.0781069,-0.0405301,-0.158363,0.054705,-0.170355,-0.0822734,-0.0484633,-0.0584964,-0.12769,0.10442,-0.0242599,-0.188923,0.00271606,0.119567,-0.0139563,0.111311,-0.0801089,0.059235,-0.0954698,0.0541541,0.0807163,-0.0113942,0.0976669,-0.129707,-0.0203906,-0.0206765,-0.0220815,-0.0490235,-0.0779505,-0.0607371,-0.170653,-0.0288028,0.0564381,0.128082,-0.128233,-0.0361605,-0.130495,-0.0531811,-0.0113199,0.0251086,0.00457384,0.115536,0.229554,0.0531541,-0.0606451,0.0301802,-0.072212,-0.0105922,-0.0365417,0.0124066,0.0310463,-0.012711,-0.0991127,0.11108,-0.0467938,-0.006706,-0.109876,0.0306842,-0.0458931,0.0112728,0.118812,-0.0344533,0.196163,-0.0736801,-0.000214696,0.0317577,0.207894,0.122784,-0.0280641,0.0352974,-0.0364619,-0.0783788,-0.16611,0.0377862,0.00113754,-0.0694909,-0.141132,0.10478,0.0277197,-0.124973,0.0959495,0.17417,-0.00527793,-0.0387077,-0.00516857,0.130305,-0.053467,-0.133468,0.182921,-0.164955,-0.16773,0.0463149,-0.0310555,0.0235581,-0.114961,-0.127135,0.0580133,-0.0915856,0.0366565,0.044076,0.0337174,0.149439,0.0131916,0.119871,0.113459,0.0143781,-0.0102232,0.0064871,-0.0463174,0.0624254,-0.0825434,0.0474903,0.0521084,-0.000485775,-0.140801,-0.0260506,0.0731935,0.06734,-0.211668,0.0621064,-0.210864,-0.0646223,-0.162059,-0.0716729,0.0286268,-0.0282822,0.047149,-0.0562856,-0.199697,-0.0501069,0.075095,-0.0706895,-0.024611,0.0830592,-0.0285569,-0.0810878,-0.0187937,0.00453567,0.00377066,-0.13299,-0.0952937,0.112517,-0.0677497,-0.132391,-0.0683793,-0.107165,-0.0157764,0.183869,-0.0843993,-0.260937,-0.0296836,-0.0767965,0.0704437,-0.0287386,0.00618086,0.0751613,-0.0990684,0.105006,0.101352,-0.17161,0.126486,-0.00746785,-0.131369,0.198463,0.0979654,-0.00071091,-0.105069,-0.0376187,0.0668216,0.214713,0.0360472,-0.048991,0.0842307,0.0310644,0.0772226,0.139097,0.00625536,0.0234776,-0.0200828,-0.128364,-0.00841373,0.0323652,-0.0243611,-0.141012,-0.128404,0.0465504,-0.129066,0.0976245,0.132562,-0.102767,0.123988,-0.049374,0.0711839,0.145376,0.095175,0.0617996,-0.0453596,0.0233325,0.0242861,0.0819457,0.0703689,-0.0794557,-0.121731,0.16324,-0.0511419,-0.0362868,-0.202658,0.0425873,0.0204997,-0.105931,-0.0668531,0.0564284,-0.0238181,-0.0526638,0.0213316,-0.0191096,0.00633678,0.0878758,0.104067,0.00732769,-0.0520333,-0.0219208,0.0139385,-0.109588,0.0515968,-0.0493829,-0.158823,0.145173,0.0236227,0.117854,0.0551297,
-0.188625,0.0336969,-0.129232,-0.00785031,0.07784,0.0372997,-0.19324,-0.0532824,0.097453,-0.24222,0.082536,-0.0699971,-0.0547278,0.0316424,-0.0637486,0.154772,0.0605145,0.0830371,-0.13347,-0.00352367,-0.0860995,-0.11072,-0.0531241,0.054293,0.0522569,-0.0611928,0.0621205,-0.0480497,0.0405802,0.119632,0.0587057,-0.0128581,-0.0399278,-0.188878,-0.0820124,-0.104569,-0.0342081,0.00272664,0.0559564,-0.000721387,-0.125218,0.0440442,0.0256573,0.00583851,-0.116437,-0.0452006,-0.0535047,-0.00950832,-0.0557141,-0.0897715,-0.0787238,0.121122,-0.231267,0.02769,0.0110108,-0.183715,0.151589,0.144935,0.0750152,0.0488715,-0.188979,0.0423575,-0.0231669,-0.0226604,0.0882027,-0.075229,0.000315941,0.0769106,0.0389253,0.0277109,0.124043,-0.0252354,-0.0181267,0.0226696,-0.0803244,-0.0973662,0.0938966,-0.0750168,0.0305078,-0.0265078,0.0410989,-0.0199518,0.0151369,-0.0451861,-0.0343207,-0.0353694,0.0644631,-0.148611,-0.0513341,0.0115213,0.00779695,0.0063883,-0.144991,0.121713,-0.0960557,0.185927,0.00474312,-0.00546298,0.0230826,0.0832651,-0.0278251,-0.0442995,-0.0125414,-0.0485629,0.0288191,-0.0725061,-0.0338936,-0.088092,-0.0279067,0.0488736,-0.07954,0.123204,-0.0365664,0.0334399,-0.0370399,-0.0067005,0.0220433,0.00622994,-0.0121897,-0.0114275,-0.00728051,0.145667,0.0195698,-0.107049,-0.044478,-0.121088,-0.131145,-0.0160849,0.0337731,0.0260251,-0.0512366,-0.00725331,-0.00782518,0.182621,-0.0450317,-0.149337,-0.0319397,-0.0371607,-0.0788689,0.117138,0.0835672,-0.0456207,-0.130368,-0.0739016,0.0710568,-0.0330092,-0.00241533,-0.0712312,0.0204372,0.0585155,-0.0566631,-0.0795257,-0.068624,0.0279543,0.0884758,0.00351609,-0.0108006,0.0148835,-0.0690411,0.0377315,-0.158904,0.0564284,0.0306201,-0.0281215,-0.108729,-0.0691787,-0.0229959,-0.0439033,-0.138884,0.0268886,-0.0968187,-0.136571,0.106889,0.1093,-0.000468174,0.0700297,-0.0642289,-0.132479,0.0394654,-0.00758898,0.15794,0.17278,-0.10257,-0.0186454,0.00876914,-0.203,-0.0140009,-0.107575,0.0365569,0.0970867,-0.0352898,0.0470241,-0.0234509,-0.0538191,0.0751251,0.0891079,0.0490883,0.0124239,-0.0610426,-0.138202,-0.0621639,0.151892,-0.0354973,-0.0178815,-0.0310108,-0.133322,-0.0541139,0.145018,0.0777143,-0.151149,-0.0165145,0.167926,0.0783746,0.171753,0.0759176,-0.0389224,0.0789387,0.047375,-0.0140292,0.0816815,0.0852269,-0.0729152,0.0264675,0.0707732,-0.0419105,-0.0166879,0.0685126,0.147214,0.0663153,-0.079152,-0.179791,0.0885034,0.109563,-0.0677453,0.042721,-0.0702265,-0.145956,-0.012245,-0.0612097,-0.0923478,-0.121182,-0.0848858,0.119335,-0.119008,0.0643165,0.173144,-0.0812721,0.106863,0.115947,0.0392589,0.0474031,0.00571507,0.0520306,0.0423219,0.20244,0.0123028,
-0.0762663,-0.414619,-0.155377,0.0224293,0.0175854,-0.0911095,-0.190258,-0.0345257,-0.0580794,-0.13113,-0.0803849,0.27842,0.0718994,-0.00436058,-0.210603,-0.186905,-0.0481757,-0.0487067,-0.204975,-0.183944,0.0881202,-0.31137,0.0755374,-0.0720864,-0.0364633,-0.0240817,-0.162122,-0.0743954,0.12416,0.249784,0.115683,-0.374414,-0.240379,-0.0614412,0.136632,-0.109604,-0.109979,-0.0513821,-0.0704708,-0.0599978,-0.0827218,-0.214309,0.0337618,0.0212942,0.039504,-0.149415,-0.057572,0.05514,-0.257744,0.0775285,0.062198,-0.157831,0.00167955,0.0052406,-0.169707,-0.234245,-0.00266063,-0.195183,-0.0743339,-0.172515,-0.093166,-0.0806125,-0.216562,-0.0218656,-0.1221,-0.139373,-0.247564,0.0481504,-0.134922,-0.512281,-0.0398757,-0.204403,0.0355304,0.167326,-0.0890139,-0.0239638,0.0480416,0.0140795,-0.0637662,-0.309208,-0.0837597,-0.219408,-0.0563437,-0.217431,-0.251106,-0.159191,-0.0822351,-0.125509,-0.0585011,-0.0590362,-0.0959558,-0.0898819,-0.138504,-0.192553,-0.0521094,-0.0476856,-0.133532,-0.125011,0.0140711,0.400222,0.0597709,-0.169061,-0.153989,-0.32259,0.0671737,0.0497049,-0.148084,-0.172849,0.0419734,0.0166227,0.064974,-0.0757376,-0.16363,0.109255,-0.059136,-0.150587,-0.174379,-0.0391288,-0.222906,-0.00427264,-0.324271,-0.123649,-0.0859534,0.0731839,0.0910196,-0.0620931,-0.228199,-0.124807,-0.00583115,-0.000502557,-0.058776,0.0810521,-0.0819227,0.0343765,0.0530946,-0.0878457,0.150652,0.0568455,-0.191345,-0.0515443,-0.148181,-0.102639,0.054643,-0.00609306,-0.00795462,-0.0833833,0.0502181,0.0216773,-0.146137,-0.156941,-0.020417,0.0901704,-0.0414359,-0.0375007,-0.0992003,-0.0283995,-0.376588,-0.0608364,0.0271992,0.0157293,0.107201,-0.0964,0.0250695,-0.153988,-0.199429,0.012216,-0.0605985,0.174176,-0.127168,0.103878,0.0468569,-0.0763134,-0.0578164,0.592461,-0.166327,0.0677409,-0.030531,-0.292091,-0.160797,-0.0787505,-0.150344,-0.0484534,0.0748872,-0.219961,0.0755068,-0.00991603,-0.00669636,0.0248873,-0.125694,0.103399,0.110338,-0.158229,0.0630604,-0.037148,-0.0254628,-0.117009,-0.035263,-0.233958,-0.13786,0.154274,0.0301481,0.0207679,-0.042892,0.0518277,-0.04477,0.072365,-0.0954395,-0.163022,0.113624,0.00650592,0.0505015,-0.164986,-0.141648,-0.110856,-0.0594358,-0.156889,-0.116161,0.0124255,0.057691,-0.0311548,0.125249,-0.118309,0.0960558,-0.0471784,-0.1301,-0.27347,0.0904183,0.0225179,-0.0651356,0.0776531,-0.0665589,-0.143429,0.111538,-0.352261,0.107285,0.0302639,-0.0873217,-0.0523141,-0.085974,0.0780453,-0.0800369,-0.19565,-0.144676,-0.173608,0.107533,0.380106,0.165395,-0.014775,-0.0748355,-0.0781444,-0.198767,-0.148961,-0.093648,-0.204884,0.0855332,-0.15417,
0.0344002,0.113707,0.000543545,0.0613986,-0.0813801,-0.0648482,0.035642,-0.0827675,0.0209839,0.109477,0.0866383,0.106667,0.0221639,-0.122319,-0.106659,-0.0156275,0.0747386,-0.159088,-0.110586,-0.138595,-0.126411,0.00873764,0.162284,0.106875,-0.0524954,0.24052,-0.0208254,0.12728,0.0476093,-0.0255421,-0.108742,0.198083,0.100552,0.188138,-0.0125313,0.109932,-0.122521,0.0569154,0.100577,0.0656237,-0.17098,-0.0571506,-0.0449448,0.107794,-0.133499,-0.140122,-0.0489327,0.0878627,-0.267828,-0.047325,0.23978,0.0223866,0.011058,-0.16946,0.0530479,0.0301308,0.104185,0.116318,-0.0163625,-0.0259138,-0.0854686,0.0161395,0.132893,-0.101755,0.0774717,0.0645434,0.150824,-0.0928989,0.111738,-0.0128908,-0.0648884,0.31302,-0.0233649,-0.000937811,-0.0292132,-0.128431,-0.154026,-0.141978,-0.132448,-0.0940264,0.0772751,0.0470491,0.0755655,0.0968168,0.0523186,0.0188243,-0.00660933,-0.0777474,0.108849,0.0100663,-0.00566428,-0.141149,-0.119416,0.0260782,0.00731613,-0.0415346,0.0121148,-0.073081,-0.0640336,0.0951278,0.0178714,-0.175627,-0.16327,0.0716063,0.107593,-0.0401046,-0.0686829,-0.168072,0.215714,0.0705775,-0.027137,-0.0403928,0.0179412,0.190409,-0.128723,0.0187845,-0.134712,-0.0513381,0.0597975,-0.0351351,0.199598,0.0111707,-0.0995224,-0.0383245,0.0100918,-0.190138,-0.0094073,0.0338913,-0.0497557,-0.0792856,0.175579,0.251838,0.0442846,-0.238646,0.133289,-0.0490811,0.0306026,-0.102766,0.223855,-0.0614646,0.255687,-0.0913652,-0.0943427,-0.0762861,0.0450729,-0.0258494,-0.059986,-0.103008,0.129939,-0.265441,0.121945,-0.141526,-0.0126492,-0.0291777,-0.0633506,0.077677,0.0967681,0.0889218,-0.0500732,-0.211147,-0.0434936,0.0488154,0.0793211,-0.0786013,0.0518611,-0.120632,-0.215186,0.245638,0.00419714,-0.119437,0.0161957,-0.0239549,0.0277294,0.000383579,-0.0248908,-0.07993,-0.180427,-0.10912,-0.0265772,0.0039657,-0.0146302,0.13133,-0.0309879,-0.0482499,-0.0670615,-0.195746,0.128606,-0.00358552,0.00574472,-0.0701018,0.0775408,-0.118715,0.0354569,-0.0257118,-0.102618,0.0684625,-0.034838,0.013214,-0.0909253,0.102344,0.0367613,-0.14798,0.0163201,0.0429759,0.129114,0.0718023,0.00138179,0.0936288,-0.035058,0.0686842,0.0361766,-0.121663,-0.204668,0.0882572,-0.101808,-0.100566,-0.196427,0.0648617,0.0401489,0.251898,-0.0317605,0.00889099,0.207891,-0.125409,-0.102965,0.0980724,0.0805163,-0.0395597,0.0545604,-0.0836803,0.01939,0.12916,0.020162,-0.0448407,-0.0552795,-0.060321,-0.136837,-0.196201,0.0212085,-0.153562,0.0300235,0.116679,0.107041,0.128518,0.0497484,-0.0846459,0.0233276,-0.159165,0.0834046,-0.0596668,-0.00281077,0.163976,0.127274,-0.0600885,0.09347,-0.219582,
0.0669728,0.015515,0.0150919,0.0412607,-0.20885,-0.136891,-0.046818,-0.0496593,-0.0391049,0.019592,0.115052,0.155342,0.0627374,-0.15666,0.0289617,0.0543003,-0.0169961,-0.0790209,-0.00133788,-0.109647,-0.000590433,0.102612,-0.0888134,0.0584061,0.00250371,0.0968887,0.0920049,0.103089,0.0434963,-0.0412659,-0.0654308,-0.199679,-0.0201682,0.137221,-0.0660014,0.0248798,-0.218429,-0.204757,0.0279794,-0.0331446,0.0268008,0.0491509,0.0289183,-0.0830032,0.151476,-0.178373,-0.00274526,-0.0729536,0.0135061,-0.033367,0.259848,-0.073037,-0.0404839,-0.0964408,-0.0532843,0.0962937,-0.12342,-0.070248,0.0379678,0.00445147,-0.185395,0.0270359,0.0197769,-0.0260863,-0.141357,0.0714771,-0.0333378,0.105925,0.058593,0.00293039,0.152418,-0.0830713,-0.0281888,-0.0616122,-0.17355,0.135474,0.0461755,0.0549333,-0.025524,-0.0989265,-0.171294,0.000361916,0.0129563,0.0171935,-0.0921427,0.0248121,-0.0277773,-0.0388127,-0.0408539,-0.0400585,0.156237,-0.0454342,-0.0722788,0.0342763,0.0824701,-0.0793314,-0.0198251,-0.0116824,-0.0787458,-0.0334253,-0.00277446,0.0539563,-0.0870609,0.0382735,-0.115237,0.0359025,-0.0736713,0.102893,0.0529043,-0.0906206,-0.130904,-0.0400342,0.099162,0.208299,0.0436598,-0.0464793,0.115201,0.0412029,0.0812775,0.0131407,0.096235,-0.0229282,-0.09819,-0.00446123,-0.0941047,0.103194,-0.11534,-0.149376,-0.0326446,-0.0323218,-0.0620011,-0.0625629,0.141159,0.168704,-0.0766636,0.0915629,0.0441625,-0.0854924,-0.0494255,0.0626466,-0.0913392,0.0364289,-0.0981267,-0.04371,0.0503994,-0.139623,0.0940421,-0.0242826,-0.0497184,0.104729,0.0391816,-0.076712,-0.0839561,-0.0813961,0.167986,0.102216,0.0295912,0.054356,-0.0937283,-0.00799987,-0.0833766,-0.022946,-0.0229966,-0.0553813,-0.167988,0.0667166,-0.0569331,0.00854681,-0.0267314,0.00985044,0.0193718,-0.0591449,0.0718886,0.141471,-0.0838177,-0.0503231,-0.0131733,-0.0982245,0.00958288,0.0178051,-0.103313,0.0786139,-0.0935008,0.0159386,-0.0890026,-0.147776,0.0204294,-0.0244782,0.0947398,-0.0209569,0.0451797,0.0364518,-0.117688,0.00603439,-0.00476368,-0.200829,0.0923481,-0.0428237,0.103466,0.116031,0.0990538,-0.102185,0.160262,-0.0659792,-0.171211,-0.0183313,0.0472357,0.0792299,0.0508123,0.0198803,0.138764,-0.0791639,-0.081305,0.0531787,-0.0502726,-0.0225922,-0.0335335,0.1383,0.120007,0.0969302,0.0189372,-0.030268,-0.00487659,-0.00874227,-0.0913904,-0.0733066,0.0878339,-0.0577652,-0.00422424,0.0521421,-0.136048,0.0931937,0.0178848,0.0276794,0.0109999,-0.12849,-0.0965788,0.0288202,0.0523641,-0.099626,-0.154871,0.0929887,-0.0432158,-0.0951668,0.121726,0.135255,0.101367,0.141358,0.0609823,-0.175016,-0.0883822,-0.0737651,-0.0831745,-0.147837,-0.0908057,0.0512428,
-0.0426116,-0.153782,-0.0928337,0.110139,-0.000814774,-0.245796,0.00453386,0.0423149,-0.016062,-0.0678548,-0.152724,0.0658763,-0.0187678,-0.325942,-0.0577797,-0.0589585,0.124041,0.0632278,-0.0416115,-0.0425172,-0.00465869,0.0559804,0.023779,-0.0677504,-0.0172909,0.0217458,-0.0312095,-0.116315,-0.0476991,-0.0580702,0.195992,-0.0775958,-0.0310333,0.127616,0.0879902,-0.0903007,0.113513,0.0903802,0.136217,-0.0610861,-0.185832,-0.105642,0.0657336,-0.141077,-0.0251062,0.0156757,0.115036,-0.0413248,-0.0726182,0.0379533,0.0416491,-0.105129,0.00373933,-0.0696561,-0.0104571,-0.0631282,0.058329,-0.136398,0.0524247,-0.0135839,0.0572209,-0.0150784,-0.161092,0.0727021,-0.0230501,0.00899869,-0.054504,0.0878449,-0.0334412,-0.238356,-0.126994,-0.121162,0.0152129,0.147942,-0.16081,-0.156355,-0.0196696,-0.13329,0.154183,-0.0698157,-0.0206448,-0.0566337,-0.0713767,-0.108901,-0.00993838,-0.0630521,0.12873,-0.0693725,0.123537,-0.015835,0.119587,-0.120451,0.075068,0.057211,-0.0153085,-0.0626733,0.02206,-0.239864,0.0649309,0.142494,-0.0429535,-0.126665,-0.0760666,-0.12846,0.0952853,0.146302,0.0213072,0.0971927,-0.00642091,0.0279013,0.143871,-0.0333263,-0.077014,-0.0736616,0.114765,-0.00567214,0.0712817,-0.0978213,0.0159529,0.0659698,-0.0564731,-0.0395817,0.135128,0.0763715,0.0942839,-0.0857134,-0.0256318,-0.143944,0.0765267,0.0278374,-0.0366379,0.178075,0.0397534,0.0316162,0.103104,-0.153958,-0.039473,-0.0599253,0.0313171,0.00386543,-0.0691654,-0.00521379,-0.112693,-0.109621,-0.0350927,0.121355,0.131788,-0.0836294,-0.0628162,-0.0606626,0.0538744,0.103973,-0.0312049,0.043611,0.141316,0.120022,-0.0814617,-0.0775521,-0.061469,-0.17679,-0.0701105,0.00602444,-0.0387782,-0.0155619,-0.158797,0.119096,-0.0684397,-0.0407837,0.00182469,-0.143248,0.0972932,-0.0721055,-0.0986664,0.126943,0.0442785,0.0498476,-0.0437985,-0.0646413,-0.11526,-0.006215,0.0572897,-0.0833309,0.0275685,-0.158139,-0.00499074,-0.107445,0.201276,-0.239836,-0.129368,0.0215736,0.0330993,-0.00321068,0.102785,0.019474,-0.0604324,0.0409036,-0.00505124,-0.171034,0.0721695,0.112449,-0.253252,-0.0410569,-0.0507078,0.0518268,-0.0931118,0.054664,-0.0156862,-0.167149,0.0432765,-0.0451723,-0.0497165,-0.00661704,-0.0728342,0.225124,0.093806,-0.0645402,0.0199373,-0.0179628,0.0649537,0.0102357,0.0865989,0.0816982,0.116382,0.0689424,0.0522905,-0.0346445,-0.0328264,-0.0730942,-0.00938657,-0.0821509,-0.0160393,0.0863055,0.109292,-0.242782,0.0440201,0.0635595,0.0417742,-0.0421194,-0.0823837,0.0134065,-0.0290303,0.0243245,-0.0413991,-0.123231,-0.148981,0.0476591,0.153565,0.00590929,0.0300562,0.082058,0.0589525,0.0307435,0.0748824,-0.0324192,0.140902,-0.0665653,
0.0637384,0.0828433,-0.02543,-0.0325919,-0.108387,-0.0695713,-0.0383888,0.0641253,-0.0531178,-0.0148238,0.0557655,0.028275,-0.0744624,-0.0231456,-0.00578475,-0.0567003,-0.126401,-0.0956734,0.0845878,0.00578959,0.0560245,0.0818806,-0.0771867,0.0799795,0.0429182,0.0643916,0.0478955,0.126734,0.124362,-0.0905977,0.00770555,-0.11299,-0.0968701,-0.0920453,0.102338,0.0668968,0.0741023,-0.0161682,-0.219232,0.0803578,0.0213221,0.0182761,0.1629,0.0693807,0.142143,-0.0393707,-0.0725626,0.168082,0.0715559,0.0903656,0.0315722,-0.109404,0.0110756,-0.0412187,-0.0379893,-0.146009,0.117765,-0.00994592,-0.0224696,0.0724875,-0.129925,-0.100297,0.110346,-0.160132,0.0549157,-0.145133,0.0280191,0.201534,0.101189,-0.137946,0.0931814,0.015383,0.0646723,-0.0492743,-0.0843677,-0.0324252,0.122194,-0.1526,-0.027212,-0.0441334,-0.0352444,0.0161489,0.142946,-0.0620533,0.0145426,-0.111543,0.143122,0.0121394,0.0614543,0.0381043,0.0268969,0.0113547,0.0565276,0.0202574,0.0866956,-0.142154,-0.0671283,-0.0264527,-0.0642517,-0.069389,0.0769841,-0.0844036,-0.00662594,0.132445,0.00439082,0.0613126,0.0246021,-0.173916,-0.0457967,0.0139113,-0.0525624,-0.1499,0.0352081,-0.0146222,0.0925243,0.121237,-0.180291,-0.0601375,-0.0761014,0.0322168,0.0640351,-0.00478899,0.0372184,-0.0827927,-0.112788,0.0386952,-0.0430374,0.0171213,0.0281577,0.0124679,0.0290121,0.0287135,-0.0740836,0.104826,0.0479421,-0.0227608,-0.13835,-0.0268971,0.150063,-0.0875925,0.0896519,-0.134029,-0.171768,0.0611507,0.02222,0.0147194,0.0482107,-0.0720905,0.0167529,-0.0107195,0.0111505,-0.0680333,-0.128976,-0.0866946,0.00233578,-0.134866,-0.0403977,0.0535666,0.120657,0.061467,-0.0637455,-0.125323,-0.148033,-0.00469213,-0.0951376,0.0644929,-0.0486204,-0.0504755,-0.100992,0.075366,-0.0261819,0.0836174,-0.0386815,-0.148874,-0.077157,-0.107539,0.111637,-0.0811715,0.0988846,0.0165007,-0.0443303,0.00992052,0.0279433,0.0651147,0.00107565,0.155907,-0.061515,0.0655993,0.0608528,0.0121643,-0.0209316,-0.029157,-0.0420817,-0.0230246,-0.0148967,-0.0614988,0.15779,0.00489431,0.130753,0.143943,0.213277,-0.0769434,-0.0863654,-0.0539036,0.211076,-0.137506,-0.0713896,-0.0971501,0.095747,-0.0303257,0.133171,-0.125173,-0.0680004,-0.107569,0.0882731,-0.0483859,0.168156,-0.0999884,-0.0310143,0.00187777,0.0767421,-0.0490318,0.048833,0.0460807,-0.0849475,-0.0278858,-0.0284678,0.0673347,-0.21677,-0.104676,0.132536,-0.0777131,-0.0115336,-0.112406,-0.119519,-0.00797155,-0.0609766,-0.058102,-0.0899104,0.0758903,0.0427196,0.062147,-0.0296633,-0.146922,-0.123209,0.0614223,0.07943,-0.0101662,-0.0722102,0.0623116,-0.0940996,0.0191491,-0.156301,-0.03043,-0.0444317,-0.0657086,
0.0094732,-0.183331,0.0744304,-0.00846279,0.069409,-0.134986,-0.0885917,-0.0183154,-0.00101684,0.142129,-0.0264866,0.0993955,-0.0721261,-0.0784033,-0.118392,0.0484558,0.0419477,-0.109951,0.0147281,-0.138601,0.10328,0.199167,0.0690964,-0.0293923,-0.0221826,-0.107063,-0.131798,-0.204618,-0.0547184,-0.0441634,0.0874003,-0.0249901,-0.287157,0.0371218,0.140041,0.0012204,-0.0503432,-0.0724764,0.00665845,-0.0441521,-0.137385,-0.0649458,-0.216173,0.0754651,-0.118145,0.0599565,-0.0605826,-0.0645697,-0.0243436,-0.0141636,-0.083686,-0.134866,0.0747621,-0.0634993,0.0108884,0.00376745,0.0521158,-0.141188,0.120095,-0.0875486,0.0146139,0.117792,-0.0981051,0.0154674,0.069286,0.0333059,-0.207202,0.0971203,0.0391017,-0.137308,-0.00815147,0.0313226,-0.143146,-0.0519903,0.216514,-0.149389,0.0932295,-0.0380628,-0.014566,-0.0344761,-0.119604,-0.0630896,-0.0592865,-0.210845,-0.0868365,0.0119716,0.0995208,0.128745,0.0851979,0.00821751,-0.0286962,0.0713785,0.0260677,-0.306155,-0.136088,-0.0625971,-0.0251503,0.0151357,-0.00962425,0.254677,0.0251805,-0.146758,0.120078,-0.144365,0.096472,-0.144681,-0.0963665,-0.131332,-0.117702,-0.0779999,0.0752832,0.073584,0.0701756,0.223057,0.0749481,0.114778,0.0518848,-0.0613827,0.117045,0.0549018,-0.203832,-0.0476185,-0.0407498,0.0439746,-0.0921997,-0.0606138,-0.0846828,0.048678,-0.0666368,-0.0956581,-0.139325,-0.0975437,-0.0582181,-0.121913,0.0630335,-0.0838486,0.0725195,0.0649476,-0.0830804,0.0296479,-0.264264,-0.137961,-0.243127,-0.280673,-0.12185,0.0281054,-0.040163,-0.154443,-0.0686062,0.00450813,-0.0764936,0.0120844,-0.0640673,0.0275116,-0.00123811,-0.0280708,-0.19047,-0.130569,-0.0040295,-0.0595814,0.0661923,0.0382045,0.0723549,0.0231988,-0.151149,-0.0708299,-0.0814479,0.0457892,-0.142468,0.00870455,0.144435,-0.136986,-0.171563,0.343393,-0.206752,0.00974587,0.0542946,-0.11471,-0.0894992,-0.0452468,0.00982231,0.0459528,-0.104791,-0.026206,-0.0236961,-0.0675918,-0.109319,-0.125948,0.0494483,0.0612704,-0.023816,0.0249472,-0.0321132,-0.143083,0.0758448,0.0584381,0.0926257,-0.158627,-0.0270496,0.105543,0.0560826,0.0297859,-0.0398174,-0.0134023,0.0330657,0.0612587,-0.071659,-0.0976211,0.0286142,0.0497452,0.0804643,-0.104197,0.0758863,-0.0701479,-0.00609952,0.0642388,0.0215921,-0.0455787,-0.0265356,-0.078828,0.0210709,0.0411581,0.113097,-0.0258925,-0.120718,-0.104306,0.0122963,0.0133678,0.139001,-0.0280702,0.0258564,0.0935074,0.192789,-0.115127,0.024003,0.00163496,0.0704475,0.00177567,-0.0816872,0.00512955,0.163317,-0.0754801,-0.0246727,-0.1258,-0.0332126,0.0830811,0.0583814,-0.176401,-0.108041,-0.0694816,-0.16962,-0.0245112,-0.146415,0.0177305,-0.147439,-0.0168662,
-0.0016118,0.0291261,0.101242,-0.145586,0.16072,-0.143575,0.0249148,-0.0757702,0.115564,0.0552098,0.0864539,-0.135554,-0.0280919,-0.113017,-0.131136,-0.108808,0.116194,-0.108885,0.186513,-0.0196012,0.0581532,0.0193741,-0.0048399,-0.121682,-0.0728719,0.000875383,0.00894052,-0.0505903,0.157201,0.0271071,0.0385697,0.0362307,-0.00461352,-0.098974,0.133336,-0.195981,-0.0498805,-0.118369,-0.0541535,-0.0130331,-0.0633594,-0.0691377,0.0486734,0.0925604,-0.0675982,0.00384097,0.132048,0.0273426,-0.0603022,-0.0261867,0.0785717,-0.253987,-0.111309,-0.0977996,-0.06844,0.0589732,-0.0243596,0.0108344,-0.038786,-0.156054,0.0839106,-0.121616,0.0243822,0.0579341,-0.119356,-0.138792,-0.00501101,0.0262723,0.0667768,-0.126298,-0.00601778,0.107762,-0.0545693,0.00337118,-0.157691,-0.182125,-0.0344249,-0.0149827,0.0736663,-0.0373091,-0.014135,0.0277223,-0.0697118,-0.0287413,-0.0292802,0.0723568,0.120544,-0.0294999,0.0376119,0.103008,0.00273001,0.0460471,0.0839295,0.0415703,0.00289445,-0.0999777,-0.00497562,0.042325,0.0025095,0.101675,-0.0832266,-0.00815498,0.0191487,0.0975648,-0.0486195,0.0784367,0.0482472,-0.160338,-0.0249697,0.0122025,0.109296,-0.0582963,-0.133927,-0.0489275,-0.0932947,0.00984714,-0.114277,0.0607515,-0.105178,-0.0860356,0.163113,-0.0783206,0.0185045,-0.10289,-0.0507437,-0.0733139,-0.0444486,-0.24427,-0.0921811,0.0677799,0.0197375,0.0772287,-0.0795261,-0.0507435,-0.0334719,-0.132413,-0.0135663,-0.0881884,-0.0784535,0.0969679,-0.0671251,0.00862602,-0.0600254,-0.0473736,0.0222316,0.122011,-0.0719919,0.0150522,0.0145581,-0.0380945,-0.0752155,0.0202727,0.00493283,-0.0142268,-0.0846062,-0.0677367,-0.0851234,-0.176096,0.102454,0.0491054,-0.116943,0.105379,0.0256716,-0.0423982,-0.0763192,0.03761,-0.0171949,-0.165776,0.00660546,-0.0645864,0.013211,-0.044868,-0.0878658,-0.0907757,0.0934,0.0620721,-0.117982,0.0451001,-0.171329,-0.0403943,0.00290751,-0.00642906,-0.246789,-0.0993536,-0.151672,-0.147383,0.0661718,-0.126382,0.0379561,0.00234475,0.0640596,0.00122366,0.0248631,0.0262096,0.0776404,-0.00787898,0.0968211,-0.0210565,0.0128759,-0.00723854,0.0459903,0.0562774,-0.0774593,-0.000970601,0.0190247,-0.0337418,0.000161315,-0.0116771,0.0932254,0.0327295,-0.0886172,-0.163925,-0.0482449,-0.0120952,0.00976535,-0.0801089,0.150832,-0.183046,0.233569,-0.0375941,0.0291739,0.0796848,-0.000461182,0.0555775,0.00972007,-0.046523,0.0511421,0.0547118,0.028026,-0.0260366,0.051912,-0.0588674,0.0709163,-0.165245,-0.125919,-0.0473314,0.193671,0.068989,0.0500982,0.0992795,-0.07477,-0.0508862,-0.0384981,0.100766,0.00365817,-0.0103773,-0.023773,0.0476554,-0.0438198,0.056702,0.0369668,0.0576145,-0.0748281,-7.26162e-05,-0.0563078,0.00338681,
-0.166063,-0.288329,0.117167,0.110878,0.0445552,-0.193422,-0.0798631,-0.00652388,-0.0540183,-0.164135,-0.142986,0.162587,-0.0658763,-0.253344,-0.235591,-0.208786,-0.0445503,0.0117228,-0.0848107,-0.131756,0.0825785,-0.129523,-0.118948,-0.113664,-0.0187713,-0.157067,-0.00291768,-0.136346,-0.135777,0.0466408,0.0519272,-0.292736,-0.313415,-0.176726,-0.0547825,-0.0950051,-0.1258,-0.0505775,-0.11066,-0.00459665,-0.0979265,-0.0372777,-0.112043,0.0734587,0.104345,-0.08765,-0.0363744,-0.0533651,-0.0953092,-0.0567729,0.212258,-0.060618,-0.0583967,-0.168335,0.100123,-0.0516702,-0.0674209,-0.0945364,-0.0308257,-0.218463,-0.126213,-0.0221814,-0.171646,-0.145615,-0.142187,-0.170785,-0.14551,-0.0473312,0.0343997,-0.358423,-0.0373458,-0.222953,-0.0795701,0.168519,-0.0514985,-0.00893756,0.041626,0.084712,-0.000316972,-0.115753,-0.20878,-0.104896,-0.106053,-0.170511,-0.194644,-0.0394369,-0.123803,-0.119124,0.0846704,-0.100762,-0.153488,0.00262798,-0.0324982,-0.330169,-0.0546953,-0.0822264,-0.0213096,0.0415106,-0.210005,0.339221,-0.0579405,-0.0993026,-0.0782657,-0.295038,0.0276657,0.118513,0.0163987,-0.0133704,-0.11515,0.0194337,0.00115929,-0.109909,-0.0507575,0.143326,-0.130973,-0.115956,-0.121433,0.111169,-0.0973181,-0.0296759,-0.197631,0.0347328,0.0731961,0.0444091,-0.0814357,0.0378989,-0.211331,-0.146043,-0.106904,0.0190173,-0.125979,0.158467,-0.0285302,0.0385225,0.0815257,-0.143561,-0.110438,0.125333,0.120513,0.0718871,0.0685788,-0.0254243,-0.235715,-0.0606252,0.0531929,0.0742252,-0.0420835,0.0433016,0.00942251,-0.0638726,-0.139205,0.0515783,-0.0701716,-0.0585109,0.0484777,0.000683398,-0.242688,-0.232977,-0.0267704,-0.0746229,0.0623715,-0.134129,0.030654,-0.0643912,-0.162138,-0.143787,0.00694357,0.133636,-0.00978992,0.00795668,0.0296757,-0.29272,-0.023498,0.499156,-0.101617,0.00929462,-0.0865752,-0.221563,-0.219758,0.103309,0.00100091,-0.163954,-0.0136659,-0.0560462,-0.238543,-0.138833,0.00605461,-0.000983569,-0.12161,0.0681787,0.105344,-0.0651312,0.0204681,-0.0221637,-0.033095,-0.0114003,-0.114775,-0.106048,-0.0203553,-0.186703,-0.0621745,0.0710732,-0.0137267,-0.0566826,0.0268459,-0.108941,-0.0291674,0.0154114,0.0760619,-0.0139737,0.118288,-0.0132647,-0.138521,-0.198515,0.131251,-0.0577871,-0.025884,0.152109,0.0441063,-0.225383,0.05467,0.0541483,0.0343824,-0.0281316,-0.116269,-0.157386,-0.226927,0.0702932,-0.129787,-0.0664028,-0.126557,0.138328,0.168631,-0.320462,-0.00156234,0.075729,0.0109367,-0.195692,0.203235,0.0340968,-0.115113,-0.170792,-0.0561321,-0.0526271,-0.178778,0.204967,-0.0755994,-0.133043,-0.0595505,-0.145805,-0.215884,0.0159014,0.0147266,0.0382379,-0.0630611,-0.131646,
0.0447392,-0.041812,0.0496528,-0.139524,0.0183747,0.0222177,0.00716518,0.0181981,-0.182601,0.184688,-0.032766,-0.069871,0.077206,0.0700766,-0.072455,0.100412,0.0471827,0.0442809,0.0288222,-0.0542908,0.0325356,0.082049,-0.0479573,0.0464132,0.078877,0.0299588,-0.0791675,-0.0434538,-0.016067,-0.0260452,-0.0594746,-0.0238391,0.00856349,-0.0319363,-0.084063,0.205766,0.0520285,0.0836238,-0.0661669,-0.0401521,0.00826112,0.0226138,-0.101556,-0.0152317,-0.171625,0.10141,-0.0521319,0.0916893,-0.208092,0.000671905,0.023321,0.118939,0.0494687,-0.0970799,0.00671552,0.0547997,-0.107512,-0.0225742,-0.0203698,0.00888121,0.118585,0.0987246,-0.0706852,-0.0801607,-0.0525885,0.0963588,-0.00303839,0.067227,0.0044682,-0.0668548,-0.16314,-0.076687,0.0823485,-0.00414657,0.0401238,-0.0831517,0.0193567,-0.0127216,0.0109082,-0.0205216,0.0137303,-0.0327544,0.0798296,-0.192199,-0.0194447,-0.0664553,0.118389,0.0926923,0.01774,0.0356605,-0.0281124,-0.0854456,0.0638597,0.0529285,-0.141456,0.0304635,-0.0519337,-0.0274065,-0.112994,-0.164223,-0.00175834,-0.119939,0.00192322,0.0503817,0.0140719,0.130274,-0.0711465,-0.159149,-0.0691672,0.149796,-0.029641,0.0572212,-0.0113844,0.00399689,-0.0293714,-0.0128122,-0.143846,-0.0803938,-0.0876464,0.0620799,-0.120835,-0.00162799,-0.0846045,0.0107061,-0.176107,0.120174,0.00679293,-0.0780195,0.0195473,0.0285579,-0.0404898,-0.0589007,0.0716866,-0.130154,0.168501,0.120084,-0.120978,-0.07745,0.0283757,0.0248824,-0.00294754,0.00701379,-0.0381903,0.137925,0.121971,-0.0682553,0.0683667,0.185987,0.0906523,-0.110854,-0.162562,-0.0380089,0.0534974,-0.136068,0.00306944,-0.102729,-0.112784,-0.0460915,-0.0503258,0.0745013,-0.18681,0.0638609,-0.0225857,0.129793,-0.0700988,0.070598,0.0979899,0.0449582,0.160317,-0.0628521,-0.0220042,-0.00078779,-0.0123073,0.07798,-0.0904812,-0.0436787,-0.0564283,0.0811798,-0.0130336,-0.0643575,0.0202183,0.0682481,-0.137282,0.0283961,-0.0612326,0.0279155,-0.0412698,0.0293095,-0.0338482,0.119,-0.00156163,-0.0302828,0.111234,0.0965769,0.0268306,0.0123318,-0.0711187,0.0307465,-0.0698885,0.0288511,0.114467,0.0607341,0.0275466,0.00431089,-0.00657153,0.105574,0.0607463,-0.00945501,0.00530966,-0.0637243,-0.0900303,-0.110689,0.0699112,0.158773,-0.165398,0.126593,-0.0866677,-0.215204,-0.0347953,-0.095117,-0.0646873,-0.0313284,0.0321121,-0.0173581,-0.0512255,0.149976,-0.101048,-0.0749508,-0.19431,-0.144136,0.171626,-0.0447468,0.0960539,0.136231,-0.0198997,0.0367102,0.0291101,-0.0928161,-0.0365564,-0.120788,-0.202706,-0.158001,0.00960101,-0.0327971,-0.157927,-0.0381149,-0.0640395,-0.0599315,0.00399512,0.00792687,0.175458,-0.0114253,-0.0565254,-0.072021,-0.188359,0.129955,
-0.0855736,0.104304,-0.072179,0.147972,0.182658,-0.161788,-0.0745412,0.000449252,0.0175249,0.179225,0.0887354,0.160246,-0.0477887,0.00255085,0.0748143,-0.0185136,-0.0783227,-0.0227003,-0.0311867,0.0464191,-0.0272483,0.037541,0.0968953,0.206553,-0.0721925,0.0740064,0.0309154,0.100691,0.115471,-0.0203105,-0.142061,-0.0491491,-0.00274742,-0.0711158,0.0845613,0.0371444,-0.0717189,-0.0580805,-0.0301956,0.0616989,-0.0355707,-0.0298427,-0.07023,-0.0660366,-0.014981,0.109824,-0.0813276,-0.0823259,-0.0870669,0.115929,0.336224,0.0368561,-0.0373388,-0.061567,-0.00379502,0.10654,-0.118475,-0.0510343,0.236691,0.00681206,0.0406796,-0.086647,0.0842882,0.141061,0.0299783,-0.0577784,0.119629,-0.0391757,-0.105625,0.192354,-0.202238,-0.0154793,0.214337,-0.00548817,0.0266848,0.0954862,-0.163628,-0.039213,-0.0902814,0.0256936,-0.0937328,-0.0104411,-0.0975163,-0.052407,-0.00484711,-0.0131112,-0.0279753,-0.0863274,0.0971572,-0.0869791,0.116895,0.0383268,0.0178867,0.0517835,0.125169,0.0180565,-0.0252818,0.0380571,0.0350354,0.166315,0.159467,-0.144414,0.047194,0.0967615,0.0166378,-0.149777,0.0161843,-0.141095,0.00130168,0.214599,0.0383387,-0.140949,-0.0382781,-0.0755425,-0.165068,0.00384457,-0.00308881,-0.0617068,-0.055964,0.102898,0.140968,0.035069,0.0455589,-0.0932252,0.0625336,-0.186856,-0.0180363,-0.195647,0.0421745,0.0551099,-0.16229,-0.0737544,-0.147089,0.0526054,0.0807729,-0.0173779,-0.104697,-0.0651026,-0.0600324,0.0285335,0.253678,0.0649765,-0.163526,-0.0820084,-0.0243752,-0.0132437,0.122903,-0.149112,0.227166,-0.0125346,0.156855,0.24486,0.197649,0.0818268,-0.00410772,-0.0884391,0.251857,-0.147617,-0.0103953,-0.149478,0.0649332,0.00236054,0.0837847,-0.031445,0.244596,0.0782754,-0.0670404,0.236901,0.0869227,-0.0773885,0.0302553,-0.166143,-0.0434402,0.068198,-0.032835,-0.108201,0.0101259,0.194627,-0.0316627,-0.11224,0.126588,0.0359226,0.039434,0.231496,0.0818348,0.0735147,-0.0450142,-0.0310456,-0.0705991,-0.176202,-0.0193622,0.076141,0.0535868,0.0352879,5.42822e-05,0.121158,-0.000560773,-0.127848,0.0615504,0.0583392,-0.105937,0.0130392,0.131339,-0.098381,0.0600576,-0.00280594,0.0825945,0.19467,-0.0294714,0.0879859,-0.0644419,0.0101114,-0.373247,0.0918358,-0.13067,0.0899363,0.063445,-0.154207,0.0500945,-0.0768578,-0.0348356,-0.109353,0.156727,0.0924546,-0.0165872,0.00658995,0.0220018,-0.0160523,-0.0721338,0.116033,0.0568712,0.00361334,-0.0651381,0.0471693,0.0676688,0.139719,-0.0170016,0.075402,-0.0756912,0.116824,-0.143959,0.190027,-0.0553414,0.0791616,-0.186681,-0.0200484,0.0836241,0.137811,-0.110121,-0.075364,0.0113748,-0.0654733,0.0184107,-0.0249091,0.034545,-0.0662794,
-0.0563317,-0.134987,0.10172,-0.0111901,0.0230364,0.161774,0.01808,0.128828,0.105435,-0.0708431,0.163951,-0.185501,-0.0477136,-0.0546491,-0.258024,0.040222,-0.115283,-0.0777018,-0.12145,0.199266,-0.139308,-0.148963,-0.0922956,0.0314134,0.0368969,0.130908,-0.0249444,0.0840201,-0.118214,0.0310427,0.0489394,-0.15992,0.145864,0.0320491,-0.0913326,-0.207907,0.0598767,0.0693465,0.106679,-0.0523986,0.10952,0.0309693,0.0488381,0.161059,-0.129322,-0.0334871,-0.0680319,0.0336604,-0.0117304,0.118193,0.103789,-0.133138,0.0461951,-0.0454824,0.0530213,-0.0586974,-0.118393,0.0228384,-0.115653,-0.0381337,0.0438521,-0.0262801,-0.0593987,-0.0493208,-0.0136796,0.0420764,0.0595177,-0.0888739,-0.0910145,0.0223479,-0.132851,-0.261735,-0.0647715,0.0902702,-0.0330145,-0.0596243,-0.0145488,0.136414,0.0704353,0.0101857,-0.00955396,0.217594,0.0543817,0.0482019,0.0787604,0.0596697,0.037145,-0.0591112,-0.0690345,0.0223324,-0.0924783,0.0601924,0.0121526,0.108291,-0.056201,-0.0594454,-0.143934,-0.219237,0.186251,0.067468,0.0368229,-0.00299626,-0.0692692,-0.0969546,-0.059068,0.00626635,0.0879716,-0.0344659,-0.0416666,0.0904241,-0.108433,-0.115281,0.0438337,0.066669,-0.0680435,-0.140234,-0.100938,0.0924288,-0.0856364,0.0562796,-0.0389146,0.0429297,0.0325555,-0.0989091,0.0951561,0.00504629,0.0968199,0.0553434,0.0145029,-0.00307588,-0.00259568,-0.103037,0.0540644,-0.0197995,0.00791198,-0.193519,0.00822111,0.0288447,0.0194999,-0.0131216,-0.0590965,-0.113405,-0.00904982,0.0434864,0.103152,-0.0039519,-0.0755644,0.0242188,-0.103433,-0.0333517,-0.119805,0.0966888,0.0115523,-0.0590947,-0.0637087,0.105231,0.0637119,-0.195535,0.0298826,0.131594,0.0663377,0.013063,-0.0580419,0.0334836,0.080489,-0.0409298,-0.0363327,-0.0077203,-0.13316,0.0259841,-0.0892183,0.172975,-0.0459148,-0.0848105,-0.0227598,-0.0836512,-0.224504,0.0708859,0.124995,-0.0866041,-0.0605901,0.077944,0.0622303,0.156788,0.0395408,0.0770252,-0.0608787,-0.077724,-0.0391364,-0.0819661,-0.0402406,0.0620879,-0.0748942,-0.0679224,0.128795,0.149415,-0.0622667,-0.0809131,0.0550766,0.0596604,0.113535,-0.0672071,0.088153,-0.0590986,0.0191411,0.101914,-0.122953,0.209543,0.077199,-0.0646136,0.123582,0.116471,-0.187538,0.0317586,-0.183777,-0.107774,-0.0367559,0.0511531,-0.0408186,-0.108762,0.0047801,-0.106677,-0.147624,0.0354107,0.108428,0.0833061,0.0817775,-0.0256929,0.00940618,0.159781,-0.0244464,-0.173812,0.045271,-0.0885579,-0.0896754,-0.0925987,-0.148765,-0.0454939,0.0942145,-0.0364488,-0.0606019,-0.0746561,-0.109603,-0.111619,0.0303581,-0.0398577,-0.0287792,0.158949,0.0705829,0.15754,-0.118864,-0.0806012,0.0807789,0.0656554,0.0563558,0.0403248,
0.0570878,0.317419,0.0197297,0.0194877,0.158112,0.122249,-0.0694642,-0.0860204,0.108289,0.0702049,0.00944295,-0.0592113,0.0205771,-0.101445,0.209088,-0.00442524,-0.043614,-0.0870197,-0.125422,-0.0860502,0.175834,0.211555,0.0205365,0.177528,-0.0824435,0.146826,-0.00723339,0.0593697,-0.0775363,-0.141628,0.0157683,0.130237,0.131491,-0.0215737,-0.0887137,0.137386,-0.162409,-0.0448394,-0.00332558,0.0946015,0.0106937,0.0754705,0.215434,-0.0210779,0.0301781,0.0257605,-0.0680404,-0.052802,0.0842842,0.143668,0.169785,0.246149,-0.106354,0.0190531,-0.0400855,0.0357867,-0.0896747,0.129629,-0.0794966,0.0969638,-0.289942,-0.0901756,0.0876312,-0.105629,0.118089,0.129636,0.0173328,-0.0104846,0.079417,0.149679,-0.0510852,0.112549,-0.136281,-0.0484405,0.0281361,0.0268078,-0.211898,0.0750817,-0.176808,0.178716,-0.130255,-0.0451815,0.149648,0.074885,0.0511379,-0.12316,0.0562007,0.073067,0.0291133,-0.0626243,-0.0372245,-0.00589257,0.0059212,0.161743,0.256339,0.0964526,-0.0712855,-0.0608587,-0.023236,-0.173854,0.055715,-0.0118845,-0.137733,0.239159,-0.0634576,-0.0708035,-0.131156,0.0628004,0.154159,-0.00335055,-0.0718733,-0.0851688,0.0105912,-0.0715127,-0.0437108,0.013516,-0.155515,-0.0991538,0.2205,-0.183043,0.186299,-0.099076,-0.0786306,-0.147197,-0.0730372,0.0185438,0.15293,-0.0211189,0.115324,-0.161601,0.0563622,0.0128567,0.256856,0.02312,-0.0673898,-0.0658019,-0.0886573,0.0351971,0.06803,-0.0271015,0.132002,0.0607566,-0.233115,-0.209007,0.161717,0.0728854,-0.0307883,-0.0857283,-0.041332,-0.0163404,0.0301062,-0.0571152,0.00225995,0.0936075,-0.103397,0.119959,0.211455,0.12834,-0.172813,-0.126464,0.0325554,-0.114793,0.136876,-0.0206305,0.0700075,-0.0298005,-0.254156,-0.0474015,-0.0404671,-0.0526038,-0.0849644,0.0253272,-0.0253088,-0.18068,-0.0477822,0.0462476,-0.148571,0.145381,0.0595506,0.114451,0.0560523,0.0509174,0.0021197,0.100559,0.154213,0.143909,-0.00998281,-0.124877,-0.129396,-0.0961303,-0.00278431,0.0968306,-0.151079,0.0665358,-0.0879751,-0.0595361,0.0164587,0.0376372,-0.16271,0.146098,-0.0473091,-0.0433707,0.0759699,-0.027625,-0.0230856,-0.145205,-0.0361004,-0.0559597,-0.137519,0.125412,-0.00446158,-0.0828015,-0.213023,0.0919884,0.0972682,0.0315768,-0.0248655,-0.0752335,0.0429456,0.0891893,0.117947,0.0348555,-0.186214,-0.0074106,0.0400319,-0.120263,0.116251,-0.0654181,-0.0842646,0.0714846,-0.00916033,-0.0535129,-0.0335391,0.259167,-0.0855294,0.0945693,0.0161618,-0.0140364,-0.113098,-0.0454035,-0.18049,0.227308,0.0798927,0.13626,-0.0785137,-0.156505,-0.0982222,0.00951112,0.027004,0.0811547,0.0424224,0.0530006,0.0453909,-0.0937694,-0.138832,-0.231312,
-0.165983,0.104243,-0.0168576,-0.0570855,0.201673,0.0449936,-0.0789657,-0.26483,0.0553818,0.000384336,-0.0747407,-0.0154801,0.0976651,-0.0892626,0.0441354,0.0274069,0.035484,0.0539233,0.0158398,0.00471169,-0.0673952,0.00174045,0.0292845,-0.0303438,-0.00429603,-0.0257238,-0.0255433,0.0845039,0.16373,-0.273861,-0.0525374,0.0596512,0.0332517,-0.0364263,0.0672532,0.0605094,-0.0686104,0.00383448,-0.00960343,-0.0165323,0.0248772,0.0912365,0.19303,0.172408,-0.0291206,0.0137013,-0.0727341,-0.0616734,0.0313663,0.0896653,0.0265476,0.125737,0.109627,-0.0991941,-0.020935,-0.0228919,-0.00783013,-0.0382263,-0.0564108,0.0566506,0.0465552,0.170389,0.0803059,-0.0158307,0.198335,-0.0313712,-0.0225471,-0.122809,-0.119802,-0.0875373,-0.106273,0.224197,-0.103797,-0.000671887,-0.128166,0.103805,-0.0294181,0.0172358,-0.055509,-0.0679197,-0.124414,-0.0261209,0.205714,-0.0248395,0.0661584,0.00342973,-0.136796,-0.0927349,0.0875722,-0.0761638,0.151865,0.025348,-0.00614003,0.0301573,-0.0097964,0.0452175,0.0837468,-0.153449,-0.127383,0.0445209,-0.0976391,0.0424958,0.0604648,-0.00907453,0.106419,0.0227205,0.00566982,0.110807,-0.0194474,-0.0130022,0.113482,0.0992681,-0.0156639,-0.0449013,-0.04559,0.0239608,-0.0119744,-0.18994,-0.115328,-0.00364561,0.0502719,0.153091,0.0226862,-0.128264,-0.0967809,-0.181835,0.0972639,0.122968,-0.13134,-0.019917,0.0206144,-0.195377,0.187991,-0.0990012,0.0850017,-0.180748,-0.00465772,-0.104023,0.275497,0.0115701,0.0484796,0.0767238,-0.239394,-0.0465572,-0.0680557,-0.0215969,0.0262532,0.0349634,-0.0301516,-0.0543675,0.0369183,-0.0922926,0.0731238,-0.0265922,-0.120989,-0.204273,-0.0278934,0.0365804,-0.0670095,0.0081173,0.131402,-0.0484176,0.0630444,-0.157917,0.0468226,-0.189119,0.045255,0.241461,0.0207473,-0.066968,0.00675873,0.00345715,0.00907387,0.0868968,-0.0344297,0.0132469,0.0693696,-0.0475958,0.0663598,0.0565962,0.038756,0.123196,-0.0922762,-0.208636,3.5428e-05,0.113283,-0.0428617,-0.134225,-0.0573877,-0.0900477,-0.0143522,0.127594,0.0850255,0.0937382,0.0687315,0.120276,0.0249986,0.0710879,-0.0635802,0.00606085,-0.123695,0.101971,0.0169791,-0.17749,-0.0442207,-0.161448,0.136384,0.024751,0.0790629,0.052662,0.0126382,-0.248039,-0.0761873,-0.0857534,-0.039598,-0.0973251,0.0714777,-0.0293904,0.175416,-0.00369254,-0.0681292,0.0664975,0.194786,-0.0715712,-0.0146094,0.133405,-0.00099465,0.0798832,-0.0485208,0.0927198,-0.00210965,-0.0480273,0.0162586,0.0856205,-0.008175,0.0132959,-0.0137311,-0.152501,-0.0964875,0.0117285,-0.0872504,-0.0358018,0.0804719,0.218463,-0.118662,0.0202078,0.0612387,-0.156693,0.0140715,0.111225,0.0051366,0.0133997,0.0883129,0.157858,0.0966802,-0.0396574,
-0.0342071,0.00743238,0.0845841,0.0453445,0.0488886,-0.0622953,-0.0706481,-0.133321,0.0500138,0.0472841,-0.00697761,0.0210534,0.0488742,-0.0161084,-0.0555631,0.0653104,0.0359768,0.049275,-0.0238934,0.0639379,0.179973,0.093855,0.00208107,0.122339,0.048006,0.0388541,0.129683,0.0944552,0.0334234,0.0591877,-0.0140639,-0.0659963,0.121096,-0.0795335,0.0613672,0.110693,0.0587351,-0.0437779,-0.115376,-0.0471751,-0.126899,-0.123623,0.0423078,0.00748193,-0.0342472,-0.036023,0.0138036,0.0207679,0.0647214,0.151536,0.0891046,0.0755368,-0.0331426,-0.08977,0.0101018,-0.00029236,-0.00904333,0.0371416,-0.0692518,0.129345,-0.0560945,-0.000513052,0.131428,-0.123394,-0.0623046,-0.0191393,0.0956878,-0.0182988,0.140294,0.0954523,-0.0511543,0.114982,-0.182345,0.162295,-0.201381,-0.110227,-0.028143,-0.0353592,0.0416296,-0.047536,0.00392565,-0.157162,-0.117296,0.0959902,0.0228023,-0.0517999,-0.0694749,-0.0793127,0.0321645,-0.143355,0.0632832,0.0551863,-0.00339619,-0.0975314,0.0994843,-0.00912191,0.107987,-0.0124545,-0.132542,-0.0910189,0.207145,0.0939291,-0.00233164,-0.00522449,0.0488195,-0.0626245,0.0238564,-0.112155,-0.0612124,0.0577648,0.107476,-0.146823,-0.140342,-0.170951,-0.0954669,0.0901433,-0.00907031,0.0074733,0.0781787,0.0306672,0.0214314,-0.00219335,-0.145065,0.0616972,0.0353942,0.0291464,-0.038643,0.0397886,0.0731122,-0.136497,-0.232356,0.146206,0.0661777,-0.0942929,0.0292677,-0.182429,0.0682068,0.071147,-0.119593,0.018096,0.0716878,-0.047301,-0.0663754,0.0303398,-0.125012,-0.0808533,-0.110668,0.107182,-0.0269207,0.0664961,0.133631,-0.00284027,-0.0889073,0.107797,-0.0413007,0.126692,-0.0609834,-0.0693025,0.102784,-0.210692,-0.0056466,0.0792533,-0.00394965,-0.0445304,0.131015,-0.00108245,0.0511047,0.1756,0.0256908,-0.00926353,-0.029249,-0.206559,0.0991238,-0.0198624,0.159564,-0.157847,-0.115996,-0.12174,-0.0356408,0.0362969,-0.0584084,0.080684,0.0347965,0.0041673,-0.00208928,0.00827527,-0.0378524,0.114047,0.0839357,-0.16802,-0.0833614,-0.16017,-0.0968477,0.114402,-0.00191122,0.0203065,0.0319287,0.0350059,-0.0539481,0.0590049,0.0526039,0.00441306,0.0383195,-0.0224295,0.0912776,-0.00291481,-0.039238,0.0782812,-0.0272786,0.209968,-0.0410297,0.20428,-0.0575273,0.0564626,-0.0959928,-0.0616805,0.0163207,0.0283865,0.0829448,-0.0904737,-0.0399696,0.00513922,0.245117,-0.00701646,-0.039957,0.00623186,0.0741182,-0.11247,0.0893755,0.00193913,-0.0360621,-0.250352,0.166613,-0.0670648,-0.195911,-0.020648,-0.0501427,0.0308267,-0.114604,-0.0681108,-0.0882566,0.141243,0.0748268,0.0174787,-0.038068,0.0666068,0.105675,-0.0781842,-0.0137677,0.174824,0.216298,-0.0648472,-0.0216647,0.0278446,-0.0236003,0.0122546,
0.0499391,0.156011,0.0799116,0.0406244,-0.0148429,0.0568884,-0.0235305,-0.0585541,0.0716399,-0.0150289,0.0204914,0.149905,-0.129853,0.0195625,0.00805087,0.0511344,-0.0542189,-0.0616992,0.0867793,-0.130752,0.159056,0.0941314,-0.000891841,0.188044,-0.0259102,-0.0872152,-0.08048,-0.000678076,-0.184826,0.1811,-0.0328396,0.174102,0.221993,-0.00919634,-0.0410203,0.111968,0.069842,-0.174199,0.188505,-0.183553,-0.0130735,0.224883,0.254308,0.111256,0.11503,-0.0747437,-0.0366636,0.0743005,-0.035286,-0.0383299,0.0534997,0.0247388,-0.14314,-0.298154,-0.0435657,-0.0423879,0.279646,0.0198052,-0.0703975,-0.0612711,0.00738007,0.0901314,0.0323239,-0.19126,0.0347059,0.150335,-0.142035,-0.0834738,-0.0549201,-0.00887792,-0.0375593,0.107548,-0.120877,-0.0318792,0.090642,-0.108544,-0.105456,-0.0771325,-0.0176249,-0.247424,-0.0286038,0.140471,-0.018344,0.0749758,0.145701,-0.0317459,-0.156207,-0.0739391,0.0324712,0.0824994,0.0132783,-0.0574455,-0.00955829,-0.0839078,-0.141228,-0.0821254,0.00747598,0.089573,-0.0550583,0.0776953,-0.0148182,0.0209832,-0.162106,0.149473,0.228562,0.0614238,-0.0741325,-0.096066,0.0983823,0.0838814,0.0739871,-0.141556,-0.235802,-0.0637258,0.193977,0.021956,-0.110818,-0.0833072,0.241593,-0.07274,0.244686,0.0139703,-0.095973,0.105343,-0.0808958,0.0746043,0.0762015,0.0998218,-0.0393472,-0.182028,-0.0897525,-0.069933,0.0993258,-0.0112081,0.0500045,-0.177591,-0.0634522,-0.0768442,-0.0173091,-0.0396551,0.0576199,-0.0166278,0.0340842,-0.14747,0.232156,-0.1306,0.0136522,0.101116,0.0297841,-0.151629,0.00802609,0.248158,-0.150483,0.184925,-0.111078,-0.16667,0.0885897,0.0696278,-0.250027,-0.166358,-0.00898797,-0.113766,-0.0772383,-0.0948178,0.0354112,-0.00981103,-0.0645956,0.462196,0.0170735,0.0315044,0.129695,0.0812055,-0.0465825,-0.052857,-0.0126204,-0.0791168,-0.138577,0.0488018,0.0998185,-0.00800559,0.0916511,0.0224686,-0.0674665,-0.0591576,-0.0472647,0.0868021,0.085134,-0.0694066,-0.057693,-0.0360347,-0.0364155,0.15864,0.0754225,0.00941785,-0.0300832,0.113703,-0.0645437,0.00986154,-0.0561595,0.0347502,-0.120618,0.0267167,-0.0700123,-0.0688382,0.00380822,-0.0934007,-0.163831,-0.131166,-0.0647501,0.10956,-0.0557937,-0.0494781,-0.232317,0.179856,0.0154929,0.0810415,-0.0304955,-0.0343457,0.038907,-0.0353863,0.159408,-0.104853,0.0563658,0.030159,0.0872167,-0.0888126,0.175748,-0.0965244,-0.222548,-0.0236937,-0.0303246,-0.0708741,-0.0401501,0.127009,-0.0101056,0.0192339,-0.128549,-0.0421384,-0.0883734,-0.0248065,-0.0394744,0.048177,0.116603,0.037148,0.0721791,-0.0150294,0.141164,0.0128413,-0.0927424,0.12113,-0.019508,-0.0923515,-0.0147376,-0.160407,0.267045,-0.0430017,
0.173374,0.37061,-0.215337,-0.00111594,0.0408269,0.0275614,-0.0674005,0.135697,0.0312629,0.131404,0.0114218,0.215604,0.0449532,-0.0748412,0.107775,0.102094,-0.0742152,-0.0645171,-0.120381,-0.225355,0.0659669,-0.0262106,-0.0593362,-0.04328,-0.0986271,-0.15027,-0.0897751,0.0609733,0.0972851,0.0394954,-0.0108406,0.171886,0.195567,0.238227,-0.149075,0.110706,-0.0641596,-0.042346,-0.135518,-0.104687,0.0282202,0.0354398,-0.133342,-0.0533631,-0.110068,-0.0724152,0.00962848,-0.0702875,-0.034618,0.17501,0.45772,0.0376505,-0.00966021,-0.105892,-0.0241684,0.0354522,0.0889135,0.0367833,0.0198507,-0.0163979,0.0909147,0.0797477,0.0380126,-0.065398,-0.00247724,-0.0112628,0.0941673,0.0146007,-0.0631938,0.121437,-0.214864,0.152209,-0.0669791,-0.0517787,-0.219395,0.0498888,-0.16151,0.221092,0.0440742,0.0292833,-0.0529796,-0.0590514,0.0247124,0.0323604,0.0907621,0.0890188,0.0323449,-0.0477706,0.0194251,-0.121472,-0.0159365,0.175712,-0.184754,0.147601,0.0785118,0.0250079,-0.0686389,-0.0533679,-0.065462,0.282359,0.145637,0.093418,-0.115342,0.0854625,0.102792,-0.22432,-0.179841,-0.12685,0.10244,-0.0636844,0.0554453,-0.0243535,0.0914127,-0.0765358,-0.0229119,-0.027922,-0.00447727,-0.0708678,-0.0631626,-0.168186,0.136589,-0.100098,-0.163438,-0.0751301,-0.191499,-0.0912843,0.111607,-0.0543336,-0.160974,-0.0664199,0.0353385,0.121568,0.197859,-0.248167,0.211811,-0.119597,0.0308115,-0.0409609,0.0944142,0.128289,0.197754,0.0331882,0.0888865,-0.115303,0.132757,-0.0915191,0.0530375,-0.0774769,0.0431232,-0.150737,0.164345,-0.116775,-0.143423,0.18739,0.0460797,-0.0656737,0.213077,0.0776253,-0.177679,-0.0989066,0.108388,0.110802,0.0287657,-0.149168,0.175546,-0.174919,-0.0678223,0.462802,-0.0825015,0.0108596,0.0550906,-0.224885,0.037603,0.138438,-0.0172244,0.00280062,0.040195,0.226046,0.226064,0.10037,0.220223,0.0529213,-0.245354,-0.0194399,0.167452,0.189274,0.0223343,0.0348141,-0.0375122,0.0436097,-0.0923545,-0.200092,-0.101676,0.129155,-0.0486986,-0.301519,0.0952058,-0.00450575,-0.189496,-0.211827,-0.156666,-0.0435537,-0.0593439,-0.0732428,0.00046987,-0.0872286,-0.120232,-0.0542213,-0.0790748,0.075528,-0.201679,-0.208093,-0.278977,-0.0175389,-0.109847,0.113234,-0.185793,-0.064443,-0.019339,0.0568752,-0.0606389,-0.0171704,0.13233,0.00861067,-0.0132418,0.0262477,0.230645,0.0516589,-0.195887,0.0529439,0.109749,0.0134281,0.13094,0.0599491,-0.133115,0.0775645,-0.168905,-0.160413,0.00407237,0.0526069,0.0644399,0.267598,0.054084,0.0616331,0.0763779,0.105281,0.1564,-0.265728,0.0751811,0.179268,0.121901,-0.0866168,-0.0473747,-0.111336,0.0134988,-0.0361786,
-0.0284293,0.0300835,0.0100132,-0.0648392,0.0909407,0.0610715,0.043662,-0.0661529,0.0440508,-0.0485732,-0.11165,-0.114423,0.195594,0.0421454,-0.116109,-0.00598537,0.083949,0.040082,-0.0762702,-0.159301,0.167493,-0.258792,-0.218052,0.0433712,0.0979935,-0.0446188,-0.193365,0.0840796,0.0424576,0.0364194,0.14013,-0.0116905,-0.0216813,0.0460206,0.0841719,-0.122555,0.0401392,0.0236346,0.00410353,0.0251527,-0.153346,-0.00802636,0.00885628,-0.076264,-0.0487406,-0.0464652,0.128788,-0.0305029,0.037827,-0.0953445,-0.0116805,-0.203647,0.0843059,-0.0469708,0.054714,0.0783407,-0.0447833,0.0420053,0.0447045,-0.153335,-0.0894436,-0.0417323,-0.0170752,0.0193173,-0.0151588,-0.0560782,-0.218625,-0.162902,0.0115846,0.0602887,-0.067564,-0.0292142,0.0238131,-0.0431104,0.06932,-0.0404115,-0.0636688,-0.0977014,0.169858,-0.0179304,0.045602,0.0709018,0.0392402,0.0757156,-0.0736404,0.0490091,0.0233498,-0.0528712,-0.0120994,-0.129954,-0.101295,-0.0400265,-0.0672382,0.0518852,-0.0491868,-0.017038,0.0210285,-0.00919018,0.0449914,-0.0368955,-0.0185092,0.0802963,-0.143513,-0.0552447,0.0316119,-0.0686845,0.112581,-0.0246616,0.0451458,0.00264193,0.0651149,-0.0725252,0.108707,0.0912957,0.082456,0.0809006,-0.00762058,-0.0934435,-0.253515,0.0645032,0.0170606,-0.0153333,-0.141432,-0.0166514,-0.143937,0.00694438,0.0484256,0.00184345,-0.074488,0.00052301,0.135633,-0.0416264,0.0854099,-0.000639833,-0.00255718,0.116926,-0.0182584,-0.124104,0.135544,0.11129,0.0264313,0.0386881,0.102958,-0.0235604,0.00934886,-0.0984985,0.0324372,-0.00249275,-0.0720058,-0.0309569,-0.175801,0.0164094,0.12268,0.0072877,0.00779334,0.0311583,0.011952,0.0442864,0.114209,0.0543848,-0.00196193,-0.176768,-0.056421,0.139784,0.0575306,0.143844,0.0468764,-0.0572479,-0.094313,-0.0366714,0.00236788,-0.126818,-0.0785382,0.187746,0.0247382,0.0466157,-0.0821429,-0.171357,-0.0177584,0.00262698,0.109537,0.035255,0.113002,-0.0177868,0.0365582,0.0604695,0.00369818,-0.0482391,-0.0543955,-0.012408,-0.17513,-0.0994985,-0.0654505,-0.162738,-0.0578353,-0.0838459,0.21042,0.0758251,-0.0931188,-0.0504584,-0.0500259,0.0290816,-0.101886,-0.0800058,-0.150441,0.0475669,-0.128195,-0.0226976,-0.0426399,-0.0637653,-0.038092,0.0285354,-0.111473,-0.117414,-0.0580608,0.0495294,0.0800521,0.0146622,0.0125662,-0.000570425,0.0227152,0.10766,-0.0075244,-0.0103719,-0.00134799,0.0301598,-0.0660889,0.146865,0.0494857,-0.0819532,0.00537732,0.00602693,-0.135672,0.0106842,-0.0376409,-0.272883,0.0114364,-0.227152,0.0179845,0.0213158,-0.0130641,-0.193574,-0.176009,0.00117853,0.128917,-0.0154998,-0.110461,-0.028537,0.0121169,0.0295542,0.138501,0.0399374,0.0284476,-0.109124,-0.0815306,-0.0399849,
-0.0294104,0.0560662,0.133745,0.0610424,-0.0847783,0.00758796,-0.0462016,-0.0213099,-0.0765294,0.0312163,-0.0206461,-0.115333,-0.000389419,-0.16144,0.0178513,-0.0183467,0.035911,-0.0509909,0.0251009,-0.146937,0.0208127,0.000437163,-0.123653,0.0182434,-0.0189264,0.0266816,-0.0159347,0.0316252,-0.083412,0.105722,0.0461162,0.0878386,0.0146776,0.0480142,-0.0136189,-0.144761,-0.0773902,-0.0401434,-0.151739,0.0643211,0.0849731,0.0454206,-0.169628,-0.0155365,0.00823476,-0.054873,0.110337,-0.0159539,-0.177495,0.120984,0.169829,0.00949109,0.0861884,0.0310639,-0.0976875,0.0581344,-0.032946,-0.0655573,0.10984,-0.129308,0.0766016,-0.0512547,0.00146648,0.0314652,-0.190906,0.127014,-0.00579047,-0.00686343,0.16057,0.00689553,-0.0356625,-0.040518,-0.0289434,-0.137088,-0.150299,0.102607,-0.0429393,-0.00703957,0.117549,0.000453135,-0.0294859,-0.0786537,0.015442,-0.0866698,0.00060912,0.0982044,0.0995754,-0.100468,-0.0416812,0.107434,0.0969689,-0.155067,0.0443981,0.0159878,0.181098,-0.0678014,-0.0525828,-0.0636518,0.0398817,0.0925668,0.155829,0.118794,0.129995,-0.151214,0.128365,-0.00116697,-0.118991,0.0383048,0.207944,0.0979358,-0.226749,-0.130493,-0.000318566,0.0140394,0.0986303,-0.0255191,0.0742858,-0.120707,0.0417989,0.0026658,-0.0938414,-0.0307394,0.0447837,-0.00623722,0.124017,-0.081766,0.000382401,-0.0843364,0.0271887,-0.149521,0.0596989,0.0347137,-0.00609175,-0.115434,-0.0756106,-0.0885953,-0.0464031,0.00580919,0.0314499,0.173524,0.0271545,-0.0835038,0.160103,-0.0740521,0.0715957,0.118938,0.103025,0.0540188,-0.0241372,-0.0701365,-0.0576038,0.146665,0.0756397,-0.00626812,0.140626,-0.0268265,-0.127564,-0.0711478,0.0319904,0.0122833,-0.12592,0.107189,-0.00889888,0.11637,-0.0549305,0.0360245,-0.0319241,-0.037218,-0.100271,0.147789,0.139737,-0.131934,-0.115621,-0.0293399,0.124917,-0.0393928,0.0164671,-0.185709,0.0292601,-0.0895134,-0.153414,0.0322343,-0.0996214,-0.0896874,-0.00640181,-0.0319333,-0.129501,0.0560037,-0.0449242,0.0720976,0.0369673,0.0254249,0.0306169,-0.00549714,-0.037038,0.0391764,0.07091,-0.0652707,0.0706075,-0.0605527,0.0895562,0.0492176,0.0298749,-0.122801,0.0649758,0.0798038,0.133594,-0.132228,0.040626,-0.168675,0.0672514,-0.162461,-0.107257,-0.00181103,-0.110143,-0.0925596,0.040211,-0.0399694,0.0947166,0.0450571,-0.186064,0.168379,-0.0748743,-0.169649,-0.0545596,0.069955,0.0553386,0.0123168,0.0329279,0.0832078,0.0376959,0.0247402,0.10672,-0.0851495,0.0075879,0.0420206,-0.0286276,-0.00304535,-0.0727157,0.0930999,-0.0381887,0.0220873,-0.0233247,-0.0141292,-0.0270353,0.00951288,-0.090949,0.0994455,0.159565,-0.146752,0.0361111,0.0188065,-0.000140092,0.0310667,-0.0123356,0.0128161,
-0.0733449,-0.0292608,0.123109,-0.0698407,0.155427,-0.0200702,0.209322,-0.108212,-0.102783,-0.0584308,-0.0265858,0.00990489,-0.0944466,0.0358453,-0.00236214,0.162913,0.0583047,0.133767,-0.0393604,-0.073614,0.0627412,0.00650222,0.224701,-0.0324254,0.0864095,-0.0643,0.0272102,0.0374953,0.112301,0.0187409,0.0563246,0.111097,-0.00468602,0.142321,-0.0261558,-0.257153,-0.040446,-0.0383339,-0.0012631,-0.0131495,0.0149938,0.0393042,-0.0337287,-0.0776702,0.218182,0.0449562,0.0814975,0.0338915,0.0700152,0.000512888,-0.0966883,-0.126267,-0.0647404,0.0451995,-0.108002,0.159624,0.0433021,-0.169237,0.0923014,-0.285691,-0.00715863,-0.0280002,-0.00199568,0.0439909,0.14345,0.040927,-0.0557428,0.246608,0.191387,0.0813152,-0.138745,0.00115439,-0.0771706,0.121189,0.100309,-0.00287841,0.0685152,-0.0151449,-0.0983889,0.10877,0.0233208,0.0246478,0.00288955,0.0262991,-0.117247,-0.0824574,0.0640267,0.030929,-0.0427729,0.0689468,-0.147117,-0.0568802,0.165187,0.0224811,-0.0168402,-0.0396509,-0.0369693,0.0472606,-0.0509561,0.101187,-0.0484055,-0.0389535,0.0970156,-0.0507719,-0.12045,0.152016,0.0667881,0.0136696,0.0518178,0.00110759,-0.0119361,0.00949526,-0.0280622,-0.0903392,0.0605582,0.214035,0.176168,-0.100823,0.088405,-0.0711279,-0.027169,-0.0544841,-0.0227848,-0.00747627,-0.0316735,-0.129583,0.0326734,-0.0374443,-0.0896839,0.134669,-0.0108764,0.0764457,-0.136655,0.00321254,0.0875765,-0.00181706,-0.0292042,0.100902,-0.136587,-0.24002,-0.128799,-0.101716,0.0628257,-0.00503662,0.021162,-0.00840857,0.0688276,-0.0570685,-0.0821204,0.180355,-0.0962267,-0.0237694,-0.0938896,0.133884,-0.0199852,0.0416393,-0.201046,-0.064232,-0.104438,-0.0440396,0.0195783,-0.00763969,0.00426261,0.186706,-0.132494,0.0837522,-0.0267378,0.0838908,0.0430534,0.109647,-0.00896783,-0.0235458,0.0283342,-0.0503281,-0.16343,-0.101577,-0.23552,0.10929,0.0278209,0.0155347,0.10916,-0.173921,-0.029939,-0.17934,-0.246557,-0.0687761,0.0987537,0.0596134,-0.04772,0.102149,0.153384,0.0676122,0.0292646,0.0306531,0.0131015,-0.020583,-0.0958841,0.0947493,0.025476,0.0903911,-0.0887126,-0.13479,0.123903,-0.0720024,-0.0174496,0.130607,-0.272795,0.0624032,-0.130136,-0.00499241,0.0402473,-0.0689485,-0.135915,0.0746036,0.233505,0.0799595,0.180578,0.00198714,0.144001,0.0760414,-0.0105992,0.0960123,0.0917758,0.120712,-0.0573155,0.0642949,-0.101411,0.151378,-0.137488,-0.152813,-0.0605269,0.0495198,-0.0353131,0.0204223,0.140105,0.0303061,-0.0549909,-0.0518203,0.0263685,-0.0547163,0.118384,-0.0132304,-0.10097,-0.141244,0.0796856,0.0440549,-0.0622542,-0.231023,0.0683019,-0.0878401,0.109239,0.00944844,-0.122838,0.0105021,0.051676,-0.0933636,
-0.154098,0.146258,0.0811849,-0.0753645,-0.0218552,-0.113866,-0.0451514,0.0338953,0.062385,-0.0177678,0.0209136,-0.0332877,-0.0441567,-0.237732,0.0412948,-0.0416639,-0.0121854,-0.0862293,0.0372495,-0.041468,0.0495347,0.00771876,0.0278934,0.0445639,0.0230176,0.0588549,-0.0800928,0.0889672,-0.0483278,-0.126686,0.0339672,0.0721312,0.103447,0.103475,-0.0756419,0.0744241,-0.016285,0.0776005,-0.112651,-0.10291,0.177351,0.0687814,-0.0265153,0.091643,0.0330853,-0.122998,0.122501,0.0360972,0.0119557,-0.110581,0.111032,-0.0834401,-0.00144567,0.0405901,-0.0491762,-0.00498796,-0.13488,0.06427,0.0698969,0.068254,0.0616614,-0.0660885,0.102524,0.0709246,0.0676014,0.0567044,0.0921527,-0.0451187,0.0720014,0.0365813,0.00316463,0.0635708,0.011396,0.0288923,-0.00910933,-0.118011,-0.206036,-0.00443762,0.0113047,-0.0724385,-0.161026,-0.0394577,-0.0291443,0.0923961,-0.0182993,0.011922,-0.0131519,-0.142433,0.0178161,-0.193729,-0.049566,-0.0137202,0.00167533,-0.0564028,0.0388147,-0.0747807,0.0307422,-0.0571817,-0.084202,0.0695569,-0.01415,-0.123423,-0.000247041,0.0537303,0.0902038,0.0137845,0.053087,0.138846,0.0171844,0.119017,0.0514397,0.00429473,0.0758299,0.113202,-0.0214277,0.16715,0.0594138,-0.028382,0.112251,0.140299,0.0280841,-0.0510775,0.0113997,0.0988386,0.116128,0.081282,0.014647,-0.170865,0.0396145,0.191556,0.0777596,0.131789,0.111955,-0.130254,0.0879693,-0.0189211,0.0129072,0.155133,0.0865605,0.0374873,0.0638729,0.0333383,-0.0453266,0.0694428,0.0886529,-0.0342495,0.0293571,-0.0351806,0.0900106,-0.0949156,-0.0303871,0.0827028,0.0129305,-0.0748175,0.0637643,-0.0121024,0.0396094,-0.177748,0.0710888,0.0314878,0.0170275,0.069605,-0.060765,-0.109523,0.155002,-0.0906353,0.0162039,-0.0128385,0.0965109,-0.056455,0.160589,-0.135389,-0.065447,0.0215571,-0.0117677,-0.137449,-0.187773,0.0857979,0.152497,0.0959538,0.022527,-0.0121215,-0.0484177,-0.0428054,0.0821515,0.0100394,0.0623349,0.0758547,0.0272077,0.0552905,-0.029473,-0.0131545,-0.0757784,0.133868,0.00462092,0.0360319,0.0308866,-0.00366713,-0.235655,-0.0158321,0.00653641,-0.0967436,-0.0201492,-0.185221,-0.111483,-0.0249249,-0.0853762,-0.0987052,0.0412463,0.0273886,0.149267,-0.140628,0.0839082,-0.158078,-0.166333,0.119879,-0.128849,0.0315458,-0.05082,-0.0495473,-0.207364,0.00895581,0.195914,-0.0705536,-0.0191347,0.0556906,0.0739395,-0.0860651,-0.0883906,0.0409394,-0.0176138,0.0714091,0.0799399,-0.0973119,0.0725793,-0.0136346,-0.10655,0.25247,-0.0370495,-0.0104965,0.184614,0.0571414,0.0205626,0.0474597,-0.0684638,-0.0363001,0.0987981,0.123125,0.219925,0.0113832,0.0513796,0.0382153,0.0317452,0.0123274,-0.0386495,-0.0190078,
0.12573,-0.00176376,0.159115,-0.0486812,-0.121293,0.245742,0.0649313,0.0423497,-0.0627962,-0.0205417,-0.124537,0.0820802,-0.110508,0.0357169,-0.110277,-0.0060924,0.0719801,0.0766398,0.113342,-0.125913,0.0170831,-0.128652,0.133104,0.0427771,-0.0827027,-0.0558049,0.0754532,-0.143643,-0.0699614,-0.180685,0.0330651,-0.05852,0.050397,0.05846,0.145105,0.141593,-0.148164,-0.168698,0.168554,-0.034111,-0.0396881,-0.141359,-0.0724448,0.0282181,-0.0495447,0.00869319,-0.0848652,0.0799394,0.0297961,0.0452308,-0.157684,-0.0709386,-0.00817781,0.0969321,-0.0185556,0.0292659,0.112338,-0.052504,0.163663,0.0496349,-0.00339133,-0.0965394,-0.0638299,0.187036,-0.185533,-0.0117597,-0.103712,0.037436,-0.000718856,-0.0364027,0.0518728,-0.0183158,-0.0832743,0.0374343,0.0147215,-0.0156982,0.173085,-0.0085171,0.0121407,-0.0654091,-0.0575818,0.0476699,-0.182411,-0.0652828,0.200041,0.00816238,-0.0473516,-0.0229506,-0.118771,0.0741668,0.0991021,-0.0942286,-0.0424392,0.147799,-0.13855,0.125494,0.0345454,-0.052725,-0.0293464,-0.108195,0.173931,-0.0338292,0.000542987,0.0013841,0.00918276,0.0763587,0.0992529,-0.057447,-0.0249277,-0.150227,-0.00928158,-0.13067,0.0239572,-0.0581556,-0.073764,0.0470014,-0.0869244,0.0579653,-0.12321,0.0878108,0.176806,-0.0697828,-0.0300144,0.0692617,-0.0150843,-0.0433755,0.0237886,0.122274,-0.126169,-0.079084,0.14115,0.139268,-0.0683848,0.0289354,-0.0760041,-0.00677694,0.0133628,-0.0794795,-0.0570142,0.0463411,0.0841389,0.086326,-0.0833332,0.0374331,0.0284068,0.0241137,-0.174457,0.181841,0.0491314,-0.0346455,-0.00580797,0.118282,-0.0327721,0.0396,-0.111054,-0.066989,-0.240539,-0.00295106,0.0318027,-0.0388276,0.0604415,0.137803,0.0362843,0.0145025,-0.166339,0.0650235,0.141614,0.168937,-0.00253513,0.0643012,0.021416,-0.0880435,0.0127313,-0.0333187,-0.187829,0.0830714,0.00740635,0.0844708,-0.0192579,0.145676,-0.082357,0.0200481,-0.112957,-0.206199,-0.0431889,-0.14811,-0.0505513,-0.17996,0.122976,0.135589,-0.0482662,-0.0599845,-0.183795,-0.00429082,-0.0503212,-0.0398314,-0.0214177,-0.144511,0.00395749,-0.000693879,0.00188642,0.0199551,-0.0842538,0.0777321,-0.0464301,-0.0288516,0.093949,0.0471662,0.174233,-0.0423068,0.0667699,-0.062897,0.0648713,-0.0448201,0.166235,0.00445875,-0.00974894,0.0922182,0.00229091,-0.034945,0.0512116,-0.116731,0.0726455,-0.166995,0.0762633,-0.192001,-0.231819,-0.0821126,-0.112604,-0.0112638,-0.10407,-0.0895897,-0.00885767,-0.0507558,-0.00203439,-0.00936262,-0.0518061,0.00157463,0.0993405,-0.0184887,-0.0336623,0.019779,0.059488,0.0998895,0.0759083,0.0244686,-0.0933094,-0.1174,-0.100074,0.0978989,0.117149,-0.233496,0.0397226,0.173412,-0.055591,-0.0678541,
0.0791627,-0.0648585,0.232672,0.0818473,-0.00558399,0.0304147,-0.185747,-0.0422188,-0.0254317,0.112091,-0.00494509,0.041995,0.0121135,0.00134874,-0.157679,0.0510763,-0.025591,-0.0569713,-0.00460013,0.190546,0.0655488,-0.0997158,-0.101499,-0.0438079,-0.00278504,0.0165323,0.0364804,-0.173697,0.0316565,0.0849612,0.0988084,0.054187,-0.0274142,-0.0813566,0.109597,-0.0112903,0.122171,-0.114556,-0.0356182,-0.0932988,0.0784038,-0.0146455,0.0272602,0.11508,-0.0169033,-0.0447573,-0.107814,0.0606469,-0.144132,0.0772798,0.0455029,-0.0583082,-0.0135579,0.0243247,-0.149946,-0.10779,-0.0527756,0.0504995,-0.128347,-0.0512183,-0.0373183,0.138794,0.0918917,0.0136123,0.219685,0.10589,0.0513858,0.0380764,-0.0699913,0.00881596,-0.102267,0.0167376,0.0273195,0.0702459,-0.107195,-0.0406031,-0.103539,0.118175,-0.0143381,-0.1136,-0.0270158,0.0474505,0.0862569,-0.0260356,-0.0873084,0.0128416,-0.0847029,0.0126469,0.0895797,-0.0570105,-0.00326594,-0.16883,0.00655103,-0.082821,-0.0983563,-0.07909,-0.115706,0.0995497,-0.00330705,-0.107671,0.0016996,0.0279179,-0.0637739,-0.173951,0.0851114,0.00555174,-0.0923169,-0.0351815,-0.0695111,-0.124239,-0.122565,-0.047266,0.139211,-0.147735,-0.044566,-0.0548982,0.0707825,0.0203484,0.0595313,0.0168967,-0.0910499,0.154792,-0.0505862,0.0139928,-0.0177449,0.00491587,-0.0231761,-0.0201071,0.0169697,-0.0503318,-0.184295,-0.0138103,0.186789,-0.00314363,0.000789474,-0.0452719,-0.0845477,0.00400679,-0.0804105,-0.159919,-0.118573,-0.0428967,-0.0849783,0.169826,-0.138654,-0.0614956,-0.00532003,-0.0280938,-0.13779,0.136371,-0.0653289,0.0297114,0.134546,0.0302256,-0.0957145,-0.0606084,-0.030523,-0.0796173,-0.0429566,-0.0309079,-0.0195902,-0.0107074,0.0959404,0.0533748,-0.135612,-0.0187133,0.000914292,-0.0932511,0.0532797,-0.120436,0.0715796,-0.0152564,-0.0793173,0.000264028,-0.0394523,0.00169139,0.00909972,-0.000440313,0.0999017,0.0650759,0.0455295,-0.237273,-0.0369489,0.0808081,0.0475192,-0.0454635,-0.0154108,-0.0950055,0.0340783,0.0534511,-0.0761926,0.157076,-0.100834,-0.0450277,0.177499,0.0949619,-0.0498209,0.0591665,0.014178,0.155127,0.00332245,-0.0349123,0.105322,-0.0487928,0.0310798,0.00890227,-0.0475859,-0.207205,-0.0672218,0.0103339,0.0327562,-0.0668658,-0.0571484,-0.205745,0.0949096,-0.0615095,0.0319495,0.109787,-0.0364636,0.0705317,-0.107339,-0.038537,-0.124486,0.102021,0.0742469,-0.0741631,-0.163556,0.122831,-0.226952,0.144819,-0.0802195,-0.0108362,-0.0111137,0.16825,-0.0383671,-0.0801481,0.0517642,0.0202914,0.134326,0.0712096,0.0390719,0.0290091,-0.0329178,-0.0451384,-0.0637046,-0.0504635,-0.00345259,0.0864506,0.0195448,0.0864647,-0.107883,-0.0779725,0.127438,0.069802,-0.015333,0.0920653,
-0.067085,-0.112218,-0.0587478,-0.0561707,-0.0320432,-0.109436,0.0991204,-0.0396702,-0.0690666,-0.0913157,-0.00580041,0.1504,-0.125984,-0.0489092,-0.135776,0.0993167,0.122302,0.0649906,-0.0154607,-0.0277857,-0.0338585,-0.014628,-0.143482,-0.0837915,0.0173408,-0.20492,0.0632967,0.0305759,0.0397622,0.168153,0.147496,-0.0849918,-0.085011,0.102717,-0.0432828,-0.137337,0.0684165,-0.0392554,0.00423278,-0.113898,-0.0261701,-0.164581,-0.0244344,0.127236,-0.0246035,0.117592,-0.0296933,0.0805741,-0.225249,-0.0699352,0.0856782,0.0825294,0.00418484,0.017649,0.046961,-0.128554,-0.079018,-0.257589,0.026757,-0.0141263,-0.187398,-0.124908,-0.0641565,-0.0829858,-0.0489277,-0.162137,-0.0801394,0.0321961,0.0878346,-0.179786,-0.259439,-0.15615,0.124286,0.108746,-0.0912278,-0.00349979,-0.138173,-0.0316242,-0.0539914,-0.00968793,-0.00899168,-0.265566,-0.19314,-0.181894,-0.113071,0.0183692,-0.102772,0.101474,0.0275265,-0.132938,-0.104889,-0.210951,-0.0945402,-0.116901,-0.122159,-0.0869417,-0.0311985,-0.207717,-0.0828128,0.267462,0.104266,0.0471022,-0.149042,-0.129744,-0.0288803,0.202913,0.0396188,-0.0328165,-0.2348,-0.0774103,-0.0488126,-0.0163475,-0.000759785,-0.053303,0.132901,0.0770298,-0.0468881,0.0814002,-0.126653,-0.0954369,-0.0867052,-0.0599555,-0.00337814,-0.0866404,-0.125064,0.026283,-0.0507758,0.117857,-0.10675,0.099151,0.076926,-0.0174163,0.0296728,0.022622,0.0786026,-0.147859,0.121654,0.0259372,-0.149991,-0.0358784,-0.190977,-0.0487261,-0.0222819,-0.0723158,0.23924,-0.031731,0.169603,0.0793624,0.0694723,-0.0113125,0.0266941,0.119017,0.0772,0.0821913,0.0929587,-0.000299837,-0.0851331,0.0311746,-0.0788905,-0.00997513,0.000497309,-0.0963021,0.074007,-0.120043,-0.0906022,-0.0576431,0.0863695,0.0067284,-0.028942,-0.0864696,0.099252,-0.158062,-0.0356659,0.168657,0.138922,-0.0764133,0.00622263,-0.082273,-0.120336,0.174274,0.0351983,0.00571366,0.0674317,0.0466466,0.108698,-0.115449,0.130225,0.0399175,0.197248,-0.026755,0.0759151,0.0559009,-0.00916273,-0.0821759,-0.167606,-0.0405233,-0.105642,-0.150266,-0.0765661,0.0904752,-0.037476,0.0297754,-0.138109,-0.0317608,-0.0226634,0.0474345,0.0155699,-0.0132364,-0.00933988,-0.0830106,-0.0398348,0.0483682,-0.0806736,-0.0601904,-0.122751,-0.0767948,-0.0989213,-0.128107,-0.043339,-0.176809,0.0475047,-0.0402104,0.0876095,-0.105599,0.059483,-0.0731242,0.0164444,-0.0126301,-0.0219509,-0.00990758,-0.0196207,0.0421323,0.162582,-0.160642,-0.0311966,0.040989,-0.123069,0.0589149,-0.0514069,0.0378408,-0.182094,-0.106983,-0.140218,-0.0972396,-0.0398464,0.0120004,0.0469281,-0.0473756,0.0675806,-0.0677594,-0.118132,-0.169531,-0.113446,-0.167927,0.0868067,-0.0114553,
-0.15125,-0.0137497,-0.0934523,0.0500162,-0.0275141,-0.0596998,-0.0222789,-0.0206869,0.166905,-0.0768843,-0.0618867,-0.11206,-0.0473482,-0.053096,-0.138513,-0.105535,0.118817,0.00761258,-0.0276144,0.0188878,-0.0520522,-0.159315,-0.0778399,-0.169581,0.0392762,-0.280231,-0.131027,0.184936,0.0831201,0.0240388,-0.127995,-0.0686813,-0.0323653,-0.0454503,-0.0740887,-0.116465,-0.00357477,0.0397018,-0.0272879,0.0246201,-0.0471488,-0.0623247,-0.0856193,-0.0013829,0.0827107,-0.00684868,-0.109294,-0.0856929,0.119256,0.0358981,-0.0540226,-0.00419767,-0.000958846,-0.0549855,-0.0833212,0.0150239,0.0934754,0.0407604,-0.101652,0.0506418,0.130923,-0.132333,-0.0377195,-0.094546,0.0247304,-0.118733,0.0772218,-0.141892,0.252404,-0.156378,0.0621781,-0.0980881,0.134111,0.0668011,0.0319719,0.12103,0.00851487,0.0536247,0.0752384,0.0144408,-0.134804,-0.0468787,-0.121955,0.141525,-0.0739211,-0.149239,0.075025,-0.0625439,0.0519662,-0.0346844,0.137582,-0.0362779,-0.0209185,0.0655517,0.109206,-0.157682,-0.002854,-0.172473,-0.0536235,0.0764696,-0.145922,0.0624713,0.0891612,0.0161082,-0.0437302,0.0180914,-0.0560396,0.0892504,-0.15373,0.0754458,0.0968427,-0.188899,-0.0137894,0.128575,-0.0697047,0.0594929,0.0886142,-0.0286958,0.0701235,0.102186,-0.015219,0.0329931,-0.00844522,-0.0856231,0.0690621,0.0628041,-0.0505572,-0.0992057,0.0046569,-0.0767204,-0.049256,0.056356,-0.194005,0.0158822,-0.00292056,-0.0910096,0.187394,-0.103409,-0.0373671,-0.031547,0.0738545,-0.0472354,0.0698095,-0.127477,0.144045,-0.0280301,0.0276444,-0.00381345,-0.106668,0.126315,-0.257534,0.102019,0.0330025,-0.0436233,0.0261579,0.00985576,-0.0343397,-0.11808,0.0915879,0.0117948,0.0200033,-0.203639,0.0510217,-0.0365487,-0.0417308,0.00917719,-0.120433,-0.02782,0.163658,0.04846,0.0234953,0.166976,0.0494097,-0.161017,0.108168,0.125311,0.167139,0.133023,-0.0124887,-0.00665111,0.105465,0.0401632,-0.114206,0.147398,-0.0106289,0.116038,-0.102912,-0.1648,-0.0171123,0.110734,0.0396937,0.0408008,0.0200923,0.0209633,-0.00112927,0.0287082,-0.174131,0.0121504,-0.178699,0.00396656,0.0183162,-0.0127169,0.0290684,0.0570486,0.0514022,-0.140075,0.0872624,-0.0239581,-0.0963031,-0.02851,0.0312641,-0.0620723,-0.0782777,0.0563549,0.114463,-0.0324282,-0.0151949,-0.027854,-0.011523,-0.0832933,-0.0191145,0.0751426,0.121813,0.0336938,-0.06253,-0.157976,-0.0690275,-0.12686,0.0146734,-0.20197,-0.111413,0.0399125,-0.0920888,-0.158515,0.0577491,-0.11502,0.0317853,-0.0250157,0.0818437,0.0295634,-0.0595538,-0.0148216,0.141324,-0.045419,-0.148126,-0.0233418,0.104652,-0.105639,-0.132458,-0.0333611,-0.182901,0.0933205,-0.128712,-0.0602225,-0.0758648,-0.0940684,
-0.0571414,-0.117563,-0.165923,0.054031,0.0385379,0.0579718,-0.115183,0.00979754,0.0541932,-0.149646,-0.0199271,0.129203,-0.0124768,0.0307917,-0.0543748,-0.0556596,-0.0663189,0.0244968,-0.193136,-0.0449825,0.200717,-0.0240667,0.00381875,0.059819,-0.135186,-0.0296979,-0.0729222,-0.0661099,-0.0207651,-0.0711331,-0.138307,-0.157599,-0.0229506,-0.0869497,-0.157412,-0.121364,-0.0985861,-0.271335,-0.0801068,-0.0223775,-0.107797,-0.0247081,-0.110844,-0.0515969,0.118718,0.128009,-0.0139004,-0.0114803,0.0878963,-0.115324,0.171807,-0.187706,-0.0441754,-0.0867482,0.0495348,0.0111023,0.223775,0.000962445,0.0799119,0.0891632,0.109364,0.0141545,-0.0279088,0.109951,0.0483618,-0.109305,-0.0396708,0.133715,0.0649783,-0.104851,-0.00320683,-0.0798521,-0.0331124,-0.0958515,0.00131644,0.0100072,-0.00204442,-0.173013,-0.186129,0.01407,0.00903646,0.0875288,0.076788,-0.0384999,-0.000683157,0.0322649,0.0251343,-0.0197386,0.0283384,-0.162404,-0.00110474,-0.0165812,0.0949111,-0.0569415,-0.0893133,0.0510223,-0.0339692,0.0286578,0.0540434,-0.137498,-0.0124992,-0.110696,0.0624525,-0.0745771,0.00680106,0.0320598,0.021491,-0.0964037,0.0395823,0.027511,0.0108239,-0.06876,-0.187767,0.0593096,0.0511781,0.0312994,-0.0207787,-0.0748254,-0.221421,0.0276967,-0.0834371,0.171811,0.00486993,0.16954,-0.0228117,-0.0928973,-0.00617468,-0.0176875,-0.0991647,-0.0399036,0.01292,0.0214063,0.0115582,-0.0796741,0.0721482,-0.117999,0.0200865,-0.0111984,-0.0543952,0.177409,-0.0571703,-0.127981,-0.0063114,0.121101,-0.158173,0.0441863,0.121123,0.102313,-0.0628651,-0.0923868,-0.0203679,-0.163961,-0.0904047,0.0817847,0.0040574,-0.0386125,-0.300518,0.0112234,0.0573817,0.0263294,-0.0602946,0.0373472,-0.164034,-0.0210974,-0.0812582,0.0709798,0.153746,-0.0402796,0.115977,-0.10407,0.0354744,-0.0367334,0.0404674,0.21481,0.0606693,-0.0340192,0.0138892,-0.0644191,-0.0893144,-0.103103,0.005008,0.186943,-0.0856003,0.144461,0.105199,-0.0514045,-0.0623533,-0.0949377,0.105694,-0.0483004,0.0564383,0.145127,0.0291852,0.0977716,0.0284739,-0.0354095,0.0615227,-0.0754843,-0.171098,-0.0262494,0.055801,0.00250598,-0.0104971,0.00461063,-0.115302,0.105686,-0.13544,-0.0329246,0.162488,-0.00436086,-0.207032,-0.037288,-0.0189388,0.103579,-0.0120091,0.042232,-0.0777841,-0.0613483,-0.0152584,0.0677303,0.239065,0.0180933,-0.0801787,-0.15844,0.128426,-0.0359839,-0.0601659,0.0182775,0.00402197,0.0866971,-0.199119,-0.0558962,-0.180161,-0.196044,0.00649581,0.0704039,-0.00129972,-0.151929,-0.0211418,0.0749665,0.157426,-0.0827805,0.052163,0.0126573,-0.109379,-0.00597531,-0.0509117,-0.0459399,0.0974047,-0.0586985,0.0522602,0.141756,0.00203817,0.124085,0.116938,0.121337,
-0.124055,0.0145017,-0.0660736,0.0501274,-0.0786799,0.0295347,-0.104758,0.0816578,0.137314,-0.183283,-0.0390142,-0.123594,-0.0219828,0.123967,-0.0374656,0.0214799,0.0816365,-0.0761262,0.0102437,0.0701823,-0.1361,-0.0171038,0.0687986,-0.0632065,-0.141044,0.0456743,0.10905,0.0630405,-0.11003,-0.0240211,-0.0126064,-0.125234,0.156921,-0.0575206,0.0747558,-0.123411,-0.116118,-0.00924384,0.0649761,0.120997,0.121916,0.0559623,-0.0391113,-0.106671,0.171715,0.0376117,0.0816204,-0.0987576,-0.110947,0.109308,0.171044,-0.00300338,0.0731617,0.0279543,-0.0389527,0.0859296,0.0428803,-0.0262441,0.114809,-0.100398,0.054236,0.107418,-0.0230841,0.0178464,0.2265,0.0468234,0.0152188,0.0868392,-0.0412077,-0.115192,-0.0623018,0.0658655,-0.0622268,-0.00486553,-0.0944101,-0.0428,-0.182018,0.0996247,0.0408987,0.0356039,-0.0482631,0.0562929,0.0665254,-0.0354641,0.0519798,0.0702418,0.116336,0.0504203,0.0164884,-0.0319143,0.0324298,-0.0835238,0.00888254,-0.037901,-0.0195644,0.05425,-0.0122228,-0.0740894,0.0235217,-0.106553,-0.0111732,-0.0352326,-0.138241,-0.0185396,0.1088,-0.0584888,0.101108,-0.0654024,-0.0554807,0.0916621,0.106401,-0.044259,0.00352591,0.176144,0.0981889,0.00902317,-0.0475973,0.0565618,0.0323154,-0.00632629,0.015791,-0.0396413,-0.00124282,-0.0595398,0.172922,0.0825069,0.00522762,-0.0383292,0.0395937,0.011635,0.0151116,0.039952,0.0288425,0.102904,0.173976,-0.159979,0.0978069,0.0722904,-0.022525,-0.0203228,-0.0133517,-0.167864,-0.0394845,0.106881,0.0808657,0.0357698,-0.25954,-0.0260786,0.0346249,0.0703457,0.00289814,0.158352,-0.0151609,0.16862,0.0534837,-0.0494801,0.139969,0.0853302,-0.0488683,-0.0730164,0.0753154,-0.0320767,0.156943,-0.125014,0.0278071,-0.0217422,0.0119914,0.119852,-0.103881,-0.186265,-0.25568,0.0347228,0.0695563,0.16629,-0.0282841,-0.0582536,0.0929303,0.0302192,0.0147078,-0.00350447,0.0592009,0.0821144,-0.0858042,-0.0963402,0.0197726,0.0076334,0.0277031,0.0539123,0.0494041,-0.0193633,-0.0425841,0.109188,0.0907637,0.0405763,-0.0419329,-0.0348316,-0.0732267,0.0391092,0.0279081,0.0634111,0.0319191,0.155416,0.0582053,0.0263831,-0.0675915,-0.0478398,0.148645,0.0522601,-0.0753429,-0.164758,-0.171361,-0.0890441,-0.131694,0.0261099,0.00461456,-0.0379968,-0.0813712,0.0469054,-0.11628,-0.0685969,0.0733626,0.0169895,-0.0107123,0.013177,0.0180378,0.0135076,-0.0330313,0.0488506,0.120254,-0.0246874,0.00480765,0.14314,0.0293164,0.0529563,0.0395531,0.177339,0.136686,0.0149625,0.0162941,-0.103483,-0.0338137,-0.107114,-0.192868,0.0708087,-0.136277,0.107169,-0.037596,0.0852725,0.0684015,0.149671,0.062971,0.0861502,-0.0767519,0.0891879,-0.0167093,-0.00757524,
0.0349412,0.16355,-0.0653904,-0.02135,0.11974,0.0862253,0.0807199,-0.0533188,0.13593,0.159805,0.0282458,0.0657737,0.0907096,-0.125291,-0.0189214,-0.0200901,-0.0077905,-0.0809663,-0.144119,-0.0946505,0.151419,-0.0381697,-0.0517697,0.118136,-0.093973,-0.0123553,-0.128574,0.109791,0.13109,-0.0388201,0.122569,-0.0657137,-0.0380245,0.135766,-0.230427,0.177261,-0.0254517,0.141018,0.0417467,-0.233359,0.0340592,-0.0429498,0.0978019,0.0222049,-0.0144468,-0.0830021,0.201386,-0.0858719,-0.115676,-0.0225956,0.163273,-0.0611425,-0.0293409,-0.0925215,0.0504055,-0.0105235,0.0192179,0.089289,-0.0884731,-0.075429,-0.216381,-0.0923185,0.13731,0.0373321,0.164113,0.00195858,-0.0505151,0.049039,-0.05667,0.0547209,-0.090437,0.048273,-0.23929,0.0684453,0.0247298,0.0145398,-0.154526,-0.185683,-0.0529699,-0.0893292,0.125143,0.0573991,0.0169245,0.0170906,0.0515089,0.0547619,-0.215366,-0.0268867,0.0450765,0.0396873,0.00675139,-0.171844,-0.0280518,0.0857816,0.0114885,0.187243,-0.0111495,0.0197434,-0.124074,-0.0216365,-0.0522847,-0.0559288,-0.10743,0.179657,-0.269112,-0.0633498,0.0598377,0.0116466,0.107962,-0.0373248,0.228528,0.131078,0.0426414,0.201422,0.0181886,0.00179699,0.142403,-0.0112855,0.0981851,-0.102262,0.0711519,0.0204973,-0.0130103,0.153763,-0.0798425,-0.18929,0.0601701,-0.05054,0.00997617,0.0295403,-0.046724,0.0777054,0.0812144,-0.127788,0.020428,-0.147945,-0.113047,-0.0752105,0.0842879,-0.10036,-0.000732881,-0.0214339,0.0450754,-0.0484441,-0.0170141,-0.0723244,-0.134998,0.0200054,0.115748,0.0393789,-0.0759444,-0.0781113,-0.0290493,0.138191,-0.0946153,0.0427986,0.0223484,-0.00761412,0.0706635,-0.00483413,0.0341107,-0.0623688,0.100307,-0.0988428,0.043775,-0.13472,-0.0453838,0.200655,0.00743488,-0.0555764,-0.0905227,-0.0855604,0.0700518,-0.0183938,0.129367,0.143039,-0.189693,0.0940966,-0.0236312,-0.0592402,0.0244289,-0.0125743,-0.0234107,0.102469,-0.175242,-0.0834774,0.0860792,-0.0776297,-0.0106052,-0.10767,-0.096046,0.0498735,-0.00520086,-0.116014,0.0267504,0.133117,0.0104774,-0.0570228,-0.129633,-0.0462841,-0.0516118,-0.0575395,0.0167245,0.0710224,-0.123293,-0.068947,-0.052661,0.0247532,-0.0713104,0.100821,-0.069111,-0.0360848,-0.0576688,0.0476248,-0.0682965,-0.0543401,0.095103,0.065682,-0.0695349,0.0916988,0.0424073,-0.0678004,0.167227,-0.120619,0.0220666,0.209428,0.027785,0.102882,-0.144779,-0.0864996,0.0507735,-0.042487,0.157237,0.0178294,-0.118513,0.0136276,0.0124512,-0.136588,0.0159356,0.0465891,-0.0126178,0.0909807,-0.032668,-0.0428804,-0.0958688,-0.0931917,-0.120164,-0.0534216,-0.182478,-0.0224727,-0.11584,-0.0326253,0.0445596,0.068084,0.0349693,-0.00992843,
-0.106269,-0.394819,-0.0619121,-0.0158338,0.122066,-0.0688307,-0.0202738,-0.0390685,-0.0679013,-0.0590835,-0.1628,0.361934,-0.167195,-0.179045,-0.330097,-0.165319,0.252189,-0.0520253,-0.159754,-0.115342,0.00710339,-0.142812,-0.0445522,-0.129412,-0.00144237,0.152198,-0.0212369,-0.117996,0.106948,0.190517,0.0539927,-0.347287,-0.280585,-0.309967,-0.0602473,-0.111704,-0.0502238,-0.12282,-0.0302846,-0.0431297,-0.157715,-0.264995,-0.0935337,0.0999684,0.159659,-0.106513,-0.0737785,-0.163331,0.0226306,-0.188211,0.140678,-0.289178,-0.0731641,-0.0700287,-0.0745966,-0.0884825,0.266264,-0.000510643,-0.0354686,-0.232949,0.0099744,0.0341072,-0.228196,0.0026778,-0.222661,-0.200667,-0.176336,0.00373515,-0.165492,-0.514695,-0.160017,-0.237127,-0.0424125,0.124735,0.0471368,0.0812828,-0.0251208,-0.130624,-0.049386,-0.0488372,-0.0474491,-0.00785596,-0.171964,-0.33122,-0.310872,-0.0730327,0.0256628,-0.167702,-0.0180856,0.00573392,-0.0382698,0.106307,-0.19336,-0.312257,-0.0718405,-0.201819,-0.0179376,-0.143415,-0.0425855,0.45871,-0.0335188,-0.0288949,-0.179657,-0.177617,-0.157851,0.226062,-0.0636801,-0.0965459,-0.0252244,-0.0880792,-0.144068,-0.100418,-0.221624,0.134413,0.00665763,0.170722,-0.110398,-0.0577064,-0.263895,-0.0857267,-0.264745,-0.0895337,0.0697115,0.128004,-0.0724998,-0.0112934,-0.194596,-0.136649,0.00249023,0.047519,-0.0790124,0.148313,-0.183404,0.0888731,0.0940851,0.0816586,-0.0925306,-0.162748,-0.0428955,-0.151543,-0.194686,-0.240176,-0.0446618,0.128421,0.0783263,-0.0123317,0.0634784,0.00211683,-0.135032,-0.0253956,-0.264541,0.0930939,-0.00447695,-0.0379832,-0.0381424,0.0378707,-0.294842,-0.0673904,0.120088,0.066617,0.059776,-0.113152,-0.155081,-0.0212007,-0.13822,-0.0399841,-0.105715,-0.0797477,-0.0124842,0.0577804,0.00449155,-0.207226,0.072167,0.38713,-0.0910345,0.057669,-0.139207,-0.217325,-0.105092,-0.0378107,-0.15911,-0.0439575,-0.0825555,-0.0899916,-0.061726,-0.133646,-0.0296634,-0.154522,0.0155931,0.0472151,-0.212812,0.0144273,0.0520471,-0.283777,0.034673,-0.0840644,-0.0786748,-0.185377,-0.188508,-0.0361416,-0.0333262,0.0954492,0.00532763,-0.00665253,-0.165737,-0.0739836,-0.162837,-0.205295,0.250451,0.00234948,-0.156989,0.053129,-0.170379,-0.0421606,0.037768,-0.151077,0.107316,-0.197078,0.118529,-0.10492,-0.0359451,-0.00834007,0.190127,-0.0423585,-0.0271518,0.00251647,-0.00392764,0.135153,-0.135372,0.0860365,-0.0936773,-0.118598,0.0458443,-0.299777,-0.0638829,-0.0627963,-0.0928043,-0.0970972,0.00178908,0.14841,-0.10457,-0.098303,0.0565779,-0.110254,-0.0388899,0.371503,0.30804,-0.100862,0.0222104,-0.0787898,-0.189383,-0.169841,-0.154739,-0.034337,0.0501283,-0.0528275,
-0.1557,-0.270092,0.109386,-0.098992,-0.00899248,-0.0498139,-0.193183,-0.168203,-0.0255716,-0.189398,0.00538851,0.122738,-0.170041,-0.212781,-0.322709,-0.0231427,0.0522702,-0.0665819,-0.130739,-0.296879,0.081153,-0.232591,-0.0947619,-0.0617378,-0.0364139,0.00917555,-0.270036,-0.172444,0.020018,0.165208,0.0737949,-0.215337,-0.212342,-0.286694,-0.103144,-0.178029,0.0154417,-0.153707,-0.135279,0.0489397,-0.0781569,-0.229695,-0.00413897,0.014626,0.0669244,-0.17184,0.0187647,0.000760238,-0.143013,-0.13407,0.175602,-0.105338,-0.158699,-0.08701,-0.0647208,-0.19779,-0.013079,-0.0919808,0.0569084,-0.0257366,-0.121679,0.0262916,-0.246698,-0.00868548,0.113881,-0.125973,-0.164893,0.141575,0.0158006,-0.253603,0.00856561,-0.218261,0.00520561,0.161044,-0.073048,0.0463863,0.0993723,-0.0639922,0.00198415,-0.115056,-0.0820629,0.027717,-0.0252995,-0.185334,-0.107517,-0.193274,-0.0740369,-0.108573,0.0501244,0.0182839,0.0193797,-0.0870797,-0.0450597,-0.208635,-0.0931775,-0.144289,0.0627342,-0.0436782,-0.208237,0.332469,-0.0344934,-0.0748034,-0.130313,-0.187317,-0.0355579,0.031154,0.0968806,-0.000509791,0.00729868,-0.154472,-0.13113,0.107319,-0.202752,0.110896,-0.0804183,0.0776999,0.055006,-0.118862,0.00411761,-0.103814,-0.271061,0.175509,-0.140958,-0.0750212,-0.0541782,0.102424,-0.191047,-0.175779,-0.00316643,-0.00139157,0.0231446,-0.0875093,-0.00887984,0.128557,0.0918227,0.113786,-0.156752,-0.141243,-0.119294,-0.103419,0.119774,-0.0612977,-0.0198046,-0.0691643,0.131075,-0.045512,0.0106762,-0.0320901,-0.0975544,-0.035798,-0.0638492,-0.103041,0.0319437,0.117524,0.00284447,0.00906509,-0.321594,0.0568934,0.0879062,-0.0527668,0.139335,-0.0155202,0.00957488,-0.124847,-0.18086,-0.0595593,-0.146962,-0.0578599,-0.101871,-0.095412,0.0688201,0.0249047,0.0712914,0.469964,-0.0681556,-0.102008,0.0759491,-0.115434,-0.100486,0.114033,0.0466718,0.021493,-0.0879797,-0.0968773,-0.0440183,-0.0948233,0.030784,-0.128325,0.0188938,0.111653,0.016071,-0.20117,-0.0251839,-0.0339283,-0.0837442,0.0330323,-0.0150197,-0.174816,-0.137675,-0.0652951,-0.00178487,0.032479,-0.141372,-0.0282221,-0.0369146,0.0115988,0.0592175,-0.100039,0.0874087,-0.149644,-0.124422,0.000215364,0.0276911,0.0675956,0.0169966,-0.159933,-0.0852649,-0.00638517,0.0956767,-0.059038,0.0166209,-0.00239465,0.0787148,0.0555958,0.0528611,-0.0117881,0.0293575,0.000722468,0.0189618,0.0860435,-0.112371,0.0422045,0.0900263,-0.222973,0.139299,0.0832248,0.0312007,-0.0332876,0.191647,0.140806,-0.185711,-0.126354,-0.0641274,-0.140491,0.106848,0.310961,0.156915,0.106594,0.0078009,-0.250638,-0.0249421,-0.00562723,-0.147468,-0.0112526,-0.0219287,-0.290084,
0.0711367,0.0265809,0.0550845,-0.173828,0.0573934,-0.0801168,0.0550195,-0.0533486,-0.0222025,-0.143924,0.0535051,-0.0969643,0.0682342,0.0411224,-0.079999,0.058447,-0.159487,0.0435439,0.205704,0.201235,0.12303,-0.104293,0.0326377,-0.0603939,-0.0811695,1.77148e-05,-0.0713017,0.0748355,-0.0915898,-0.278218,0.109097,0.0582074,-0.0758956,0.162749,-0.0685592,-0.0077468,0.129815,-0.0986244,0.0506199,-0.0536106,-0.0464755,-0.0529178,0.0846665,-0.000815499,-0.103178,-0.026976,0.127057,-0.0378896,0.101437,0.14041,0.0451715,0.0182671,-0.0272055,-0.0431613,0.0584725,0.0597272,0.0970965,-0.102733,0.0816504,0.0240877,-0.183035,-0.0833459,-0.048014,0.0206261,0.163888,0.012063,-0.00481446,-0.133734,-0.135216,-0.00897646,-0.0684749,0.0668289,0.00374937,-0.0653587,-0.00875247,0.0902913,-0.0735756,0.186388,0.152747,-0.0514117,-0.0882789,0.062848,-0.0773519,0.02128,0.0425264,-0.0749028,-0.022181,0.0116014,-0.0320998,-0.0134429,-0.0538065,0.152779,0.0961756,0.11694,-0.0456633,-0.0727341,-0.0479952,-0.0600388,0.0637047,0.0534706,0.0367539,-0.0281558,-0.117102,0.121589,0.165965,-0.0823808,0.0697542,-0.114483,-0.00564664,-0.100254,0.0174028,-0.055743,-0.0351179,-0.00414001,-0.0736323,0.0641659,0.0628074,0.164801,0.0933222,0.056416,0.0583135,0.0592468,-0.0428037,-0.107742,-0.0321353,-0.0564863,0.0179892,0.0561926,-0.0776856,0.0340658,0.0339195,0.0315459,0.0454259,-0.147462,0.142271,-0.032911,-0.0302629,0.0614613,0.109869,0.0890615,-0.0778066,0.125703,-0.184752,-0.046916,0.00479717,-0.00895022,0.0239759,-0.0489822,-0.0432201,-0.0456006,-0.0639399,-0.0747042,0.0191832,0.0664457,-0.0880048,0.00848898,-0.0781392,-0.090786,-0.00580705,0.0591525,0.151406,-0.148996,-0.0388902,-0.0662438,0.0354026,0.185794,-0.0115858,-0.105235,0.0507146,-0.0400027,-0.0511102,-0.116916,0.0651968,-0.0272778,0.0931726,-0.0213619,0.0627701,-0.00115842,0.0396624,-0.0546351,0.0189152,0.0674525,-0.179696,-0.0160906,0.0279506,0.0077532,0.0826038,0.10635,-0.139988,-0.0244958,-0.0232609,0.0596712,0.0474985,0.180804,-0.0610336,-0.0503259,0.074407,0.0872789,0.138479,-0.0142515,0.0374911,-0.234304,-0.18079,-0.0140026,-0.185641,0.112187,0.011086,0.0680909,-0.0331705,0.0312719,0.00899318,-0.102288,0.162243,-0.120645,-0.115319,0.00373772,0.00829151,-0.0380438,-0.0662974,0.0154583,0.0476117,0.183174,0.0731402,-0.0875796,0.0792612,0.0694324,0.0410546,-0.00123104,0.0484527,0.0402708,-0.112772,0.0964315,0.0275992,-0.140468,0.045057,-0.0814781,-0.0950043,-0.003302,-0.0773298,0.0526051,-0.104204,0.120348,-0.0220702,-0.0752785,0.171514,0.00977249,0.01827,-0.0889513,0.0118828,-0.0729744,0.146611,-0.0768807,-0.286239,0.0493498,-0.105188,-0.0329449,
-0.0076099,-0.0181973,0.0897064,0.0267193,0.0053239,-0.0441028,-0.184231,0.0456567,-0.133328,0.0593365,-0.0808979,-0.0415968,0.0037177,-0.157209,0.0729543,0.117107,-0.0224169,0.0494292,-0.0185077,-0.0765124,0.00459549,0.116867,-0.159993,-0.103548,-0.063668,-0.0722022,-0.0443607,0.000970849,0.164006,-0.035775,0.111249,-0.0745129,0.103377,-0.021572,-0.0283663,0.218023,0.00985874,0.112233,-0.181488,-0.062257,-0.0141315,-0.0549449,0.0664548,0.0161694,-0.0104765,-0.0343731,-0.0176935,-0.0343651,0.118847,0.0912387,0.205191,-0.0185437,0.108401,0.121272,0.0302752,-0.113191,0.089984,-0.035895,-0.0548019,0.108546,0.0535064,-0.166578,0.0219778,0.0738924,-0.07176,-0.0102158,-0.173458,0.00646854,0.0608988,-0.0144695,-0.102348,0.185432,0.0337405,0.0544739,-0.0374704,0.103945,0.101408,-0.0112028,-0.0759045,0.00834418,-0.0586955,0.0317666,-0.0813515,0.164724,-0.0157458,0.0315434,0.0162228,0.0161278,-0.0767059,0.0184045,0.0865892,0.0226089,0.0917808,0.0356759,-0.0681453,0.0133776,0.0463024,-0.17155,0.106416,-0.132061,0.155707,0.0519722,0.0601173,-0.00521214,-0.189894,-0.0595522,-0.118448,-0.0137936,0.0376982,0.0478846,0.105221,-0.137322,-0.0816496,-0.0880819,0.0354969,-0.00523339,-0.0779416,-0.0757811,-0.0788161,0.135472,0.0367846,0.0754363,0.101455,0.12178,0.0241969,-0.00295024,-0.000635308,0.111395,0.00257411,-0.0212566,-0.0909722,-0.0407117,0.0195625,-0.0121409,0.0357266,0.154674,-0.0574447,-0.0164388,-0.0160839,-0.0400995,-0.0600426,-0.0225818,-0.167348,0.125172,-0.00669606,0.0816971,-0.0209846,-0.0368645,-0.108606,0.117219,-0.0679088,0.124723,0.105736,0.106661,-0.0925929,0.123328,-0.100815,-0.017852,-0.0284456,-0.165194,0.0295362,0.0990947,-0.00956653,-0.0707619,-0.0735645,-0.0573744,0.0269503,-0.102667,-0.0518521,0.180411,-0.0871553,0.102669,-0.0842367,-0.12848,-0.107689,0.110153,-0.0457736,0.0504298,-0.0512983,0.0386395,-0.0222299,0.0196395,-0.0689962,0.168454,0.0130607,0.0403479,0.0377988,-0.0446903,-0.0812041,0.0916189,-0.0725728,0.0354377,0.16231,0.0365665,0.291812,-0.130833,-0.00751338,-0.00865636,-0.106835,0.111431,-0.142421,-0.0553476,-0.11157,-0.0331756,0.0867257,-0.0878405,-0.238733,-0.211137,0.00949986,0.0784313,-0.0089752,-0.0752725,-0.144348,-0.184533,-0.122482,0.115832,0.159527,-0.0595394,-0.0192661,-0.00899295,-0.146958,0.041568,0.0433169,-0.0514995,0.0190391,-0.0229802,0.106744,0.10141,0.0548303,0.0803244,0.0775552,0.0854735,-0.0199943,-0.0195484,-0.13382,-0.0112511,0.150092,-0.11085,-0.0464457,0.0599897,0.00144626,-0.0481243,-0.00948358,-0.126337,-0.0746296,0.00142516,-0.102564,-0.0261272,0.110544,-0.070663,0.00689286,-0.075276,-0.0447928,-0.0188074,-0.109135,0.0563523,
-0.0964172,0.119593,0.18121,0.0558798,0.113121,-0.0487759,-0.046562,-0.0281254,-0.0524569,-0.0148023,-0.20533,-0.0190945,0.0915265,0.00299192,-0.0954032,-0.0528421,-0.0197807,-0.00394546,-0.0334461,-0.0215686,0.044186,0.0258616,-0.068994,0.0223352,0.118658,0.0494555,-0.00717769,0.0585331,0.0295678,-0.125498,0.0245448,-0.195315,0.0285149,0.133664,-0.186777,-0.0247109,-0.0814009,-0.167204,0.0726033,0.155357,-0.0703881,0.0284928,-0.14019,-0.0502377,0.0591275,0.0302953,-0.0219843,-0.134611,-0.0239454,-0.0194682,-0.0558527,0.0382416,0.107173,-0.0654948,0.0291558,-0.0357922,-0.134129,-0.00845886,-0.0393942,0.0231057,-0.25144,-0.0289161,-0.0267933,-0.190754,-0.010165,0.00515019,0.0769633,-0.0042192,0.00716691,-0.184296,0.0611551,-0.0272953,0.0613079,0.0648422,-0.0240021,-0.0387774,0.0198396,0.0378438,-0.159643,0.129388,0.0882072,-0.109152,-0.185039,-0.0461458,-0.0538291,-0.0620947,-0.0420668,0.0125622,-0.116772,0.259621,0.052829,-0.0609124,-0.15463,-0.0465776,-0.100593,0.0448842,-0.0482282,-0.0481481,-0.0784039,0.061531,-0.0140006,0.0105587,0.0298558,-0.13983,0.0327147,0.140472,0.0334143,0.075125,0.0218213,0.105246,0.0356627,-0.0942973,-0.130319,0.124535,0.0590508,-0.0254101,-0.176747,-0.0368433,-0.0468616,0.0839381,-0.0652045,-0.0268828,-0.080515,0.119705,0.0894129,-0.0620356,-0.0184076,0.118999,0.128255,-0.0689828,-0.0755503,-0.036796,-0.0242274,-0.127002,0.0322377,-0.0426329,0.10676,-0.0823404,0.116295,-0.00831437,0.0438957,-0.0293847,0.122903,0.0402782,0.147854,0.0458793,-0.010828,-0.0988057,0.0943635,0.0165734,0.0482522,0.0065746,-0.0171373,-0.0658949,-0.155135,-0.0249996,0.10342,0.172829,-0.0459059,0.108432,0.00338474,-0.089528,0.0428818,0.00609158,0.0780311,0.000335069,0.0365856,-0.0190538,0.00187528,0.0836081,-0.0332836,-0.200289,-0.0308255,-0.0917441,-0.0133345,-0.0397024,-0.0655423,0.106968,-0.129891,-0.021684,0.0406877,0.0166306,0.00560909,0.0843093,0.117294,-0.0703213,0.0150114,-0.125992,0.0463621,-0.0151783,-0.126292,-0.000803049,-0.148854,0.060976,0.00949736,0.00093885,0.070682,0.00856313,0.0680729,0.0983839,-0.0109024,0.0660486,-0.0330338,-0.0918088,-0.015161,-0.0571856,0.0775499,0.0802069,-0.145149,0.0723076,0.127658,0.136604,0.0443178,-0.0591447,-0.00096443,0.0430726,0.131394,0.0817979,-0.035212,0.0257335,0.103574,-0.0245022,0.140762,0.144272,0.0746549,-0.134977,0.101836,0.00236539,-0.120602,-0.0887026,0.0153113,-0.0459246,-0.0765575,0.0510981,-0.00511722,0.133617,0.114026,0.0683346,-0.0747644,0.00288957,0.0379933,-0.0742551,0.0334946,-0.0419343,0.0824008,-0.0744778,-0.108653,-0.0256897,-0.168016,0.110631,-0.0640521,0.0646464,-0.0170432,0.0187418,0.0101602,-0.0537856,
-0.0543462,0.243736,0.00640981,0.100581,0.106159,-0.0818357,-0.0663425,-0.069331,0.0307221,-0.0645021,-0.0550368,-0.0105003,-0.014738,0.0299431,-0.022092,-0.0110822,-0.0329879,0.146614,-0.0801403,-0.0702739,0.0400424,0.0255907,0.24813,-0.0998361,-0.00706315,-0.0304105,-0.127848,0.0563895,-0.0575246,-0.0246122,0.250058,-0.0248675,0.00429613,0.0164286,-0.209657,0.105255,-0.0706955,0.0840807,0.0421523,-0.0502413,-0.119457,0.113303,0.116432,-0.0206451,-0.0644371,-0.10969,0.0667484,0.128282,0.0447434,-0.0505934,0.115539,0.0287648,-0.0537727,-0.0723497,-0.0214554,-0.0991431,0.0935606,-0.172006,-0.140116,-0.0216667,-0.0822171,0.0159332,-0.08564,-0.0479931,-0.0858712,-0.0250282,0.141074,-0.0940933,0.0673141,-0.0896457,-0.122321,-0.0743609,-0.0104286,0.0774553,0.127651,-0.0289522,0.020679,0.00936435,-0.102883,-0.0597646,-0.0349406,-0.0243532,-0.106954,-0.0508553,0.131597,-0.173598,-0.117739,0.000364904,-0.118512,0.187513,0.104669,-0.0462203,-0.15428,0.0395864,-0.0171969,0.0922569,0.0693354,-0.0494823,-0.128275,0.0123322,-0.0594864,0.0762534,-0.082078,0.00520963,-0.0435895,0.127564,-0.0109171,0.0153816,0.00744791,0.173407,-0.0462133,0.0642154,-0.0166388,0.00317457,0.0596346,0.152823,-0.212132,0.0315359,0.0766385,0.102203,0.0270205,0.0301791,-0.0914749,0.0814668,-0.0593416,0.150139,0.0871224,-0.102723,0.135849,0.0633064,0.030197,0.0730802,-0.0678575,0.0296249,0.149248,0.0020094,0.0536405,-0.113928,0.0112131,0.103527,0.0987287,0.0406169,-0.0728218,-0.0255881,0.0793999,0.0619107,0.0229223,-0.0774169,0.0628109,0.0860205,0.137438,0.033914,-0.0551131,0.0040643,0.05684,-0.0489488,0.0618156,0.141094,-0.00625382,0.209257,0.0103672,0.0457363,0.0823593,0.153441,0.083834,0.0926373,0.0808901,-0.122205,0.0939924,-0.153385,0.0239753,-0.0505418,0.0859341,0.00964935,-0.00367117,0.139652,0.134863,0.035667,0.0685751,-0.304469,0.14865,-0.0184266,-0.0454537,-0.0978031,-0.215646,0.0021825,0.0959837,-0.0661084,0.133823,0.0527973,0.17053,0.0187597,0.153214,-0.00665264,-0.0650652,0.0109562,-0.0244616,0.162071,0.115207,-0.108579,-0.116156,0.0666711,0.0260879,-0.0768887,-0.0782813,0.0951248,-0.0923067,0.045712,-0.0032824,-0.00542223,0.00306772,-0.0242379,0.129675,-0.104249,-0.0355932,0.062466,0.00131379,-0.133639,0.0560509,-0.0786925,0.208635,0.181941,-0.00504189,-0.0604177,0.0476019,0.0661013,0.053253,-0.0110162,0.07478,-0.125956,0.0540649,0.0156242,0.00800181,0.122417,0.0323018,0.0323151,0.0351226,-0.0570367,0.162035,-0.0726453,0.0112171,0.0312282,-0.123651,-0.0272751,0.0154013,0.154741,-0.100278,-0.0275225,0.0687441,0.00253414,0.146144,-0.0299477,0.0973647,-0.0248928,0.063879,-0.0563438,
0.0370273,0.0945239,-0.201675,0.0669816,-0.0766216,-0.093328,-0.0902447,0.113243,0.059696,-0.0835904,0.0430554,0.00844481,-0.124707,-0.0275426,0.0402426,-0.113319,-0.0467561,-0.158633,-0.0501809,-0.160364,0.0260492,0.0701187,0.00536715,-0.00563285,-0.0505824,-0.0796654,0.081027,-0.175816,0.017622,0.107787,-0.132016,0.0781028,-0.0526354,0.0113156,0.115897,0.103391,0.0397968,-0.0415756,-0.0921037,-0.0183461,0.068572,0.109367,0.010504,0.0511788,0.0731866,0.0316751,0.128194,0.120417,-0.184195,0.0619646,0.0958388,-0.041853,0.0550743,0.0141116,-0.0425387,-0.116825,-0.052297,0.055086,0.0149776,-0.005023,-0.130351,-0.153026,0.020667,0.0500289,-0.147462,-0.00511708,-0.0267434,0.119757,-0.00798241,0.0517153,0.0551525,-0.033707,-0.145235,0.1114,-0.268239,0.0067827,0.0185245,0.0233385,0.0175482,-0.0550939,0.149938,0.0325132,-0.0789263,0.0812083,0.121148,-0.0178502,-0.00852729,-0.104252,0.0641965,0.117727,0.0288545,0.0693599,-0.116558,0.0573336,0.0733132,-0.00875433,-0.0108155,0.0369929,-0.145504,0.0244007,-0.0667853,-0.0101749,0.0496173,0.0833062,0.0728589,-0.176177,-0.145443,-0.0360035,-0.0241136,0.0386398,0.119842,-0.175138,-0.0107571,0.0421164,-0.19659,0.00170042,0.064439,0.117155,0.227435,-0.0992944,0.0350736,-0.0106933,-0.0707582,-0.246666,0.0474236,0.135788,0.146885,-0.032763,-0.0352512,0.0462996,-0.0625467,-0.015226,-0.0117073,0.061917,0.00795032,-0.0194351,0.043979,-0.0949335,0.00384204,0.0611161,0.0539123,0.067725,-0.0968304,0.146276,0.0242127,0.0784701,-0.0931595,0.0684059,0.134002,-0.0169716,-0.00727468,0.0834584,0.0692006,0.102207,-0.0527882,0.0866804,-0.0310423,0.0611553,0.0585275,0.118032,0.0894488,0.00424772,0.0396512,0.112795,-0.0289601,-0.082245,-0.0926903,0.242703,0.071199,-0.017679,0.106355,-0.00585312,-0.0731672,0.122769,-0.0391942,0.0194471,0.0398194,-0.0320357,-0.0115052,0.149775,-0.0628864,-0.124284,-0.148019,-0.0784611,0.153426,0.212805,-0.156149,-0.150052,-0.256125,-0.0358821,0.0665954,0.076002,0.121643,-0.00618251,0.104623,0.0492067,-0.176603,-0.0150158,-0.0915772,-0.0143428,0.0780861,0.0215428,0.128039,-0.0195957,0.0239197,-0.0550901,-0.0792551,0.0715123,-0.205977,0.185531,-0.0439456,-0.109674,-0.105279,0.0294766,-0.291344,0.00691955,-0.0491657,-0.019007,0.0504605,0.0663064,0.0772275,0.191075,0.155505,0.0678913,0.1012,0.00384303,-0.0329481,0.0855045,-0.00772518,-0.0605471,0.128491,-0.184372,0.0464277,0.258025,-0.085155,0.0226193,0.029517,0.0697634,-0.112429,0.105667,0.0201767,0.0284054,-0.0613305,0.0781754,0.0376179,0.0520922,0.132127,-0.0898658,0.0623889,0.120411,-0.112077,0.0837671,-0.0974209,-0.0375907,0.129151,-0.0341786,
-0.0476521,0.101435,-0.0190824,-0.115297,-0.144828,0.0872413,-0.0520124,-0.0632588,0.150679,0.131804,0.0400126,-0.100822,0.0659083,0.134205,0.133978,-0.0260596,0.058813,-0.0832124,-0.0896772,-0.203352,-0.0568206,0.172898,0.0463527,0.139786,0.0271528,-0.188679,0.0168728,-0.0649357,0.000248919,0.0881012,0.00438083,-0.153991,0.0645201,0.0592085,-0.124911,-0.0222915,-0.0723496,-0.00421812,0.0254558,0.0517698,-0.0513239,-0.0760316,-0.164001,-0.18911,0.0143286,0.0230256,-0.131453,0.0481607,-0.024208,-0.100521,0.0600729,-0.132946,0.0490385,0.0223124,0.0495554,0.0873396,-0.133719,0.000357937,0.061339,0.141264,0.0423404,-0.11572,0.234551,-0.148157,0.0362351,0.0332471,0.0392854,0.0113871,0.010183,0.00133112,0.218105,-0.0513795,0.00349248,-0.227213,-0.0390058,0.0165743,0.0766189,0.0658231,0.131931,-0.0135717,-0.138176,-0.0549541,-0.0567588,-0.00074524,-0.135865,0.133737,0.0570724,0.0105841,0.0511019,0.0957706,0.0228563,0.0458309,-0.00048893,0.108001,-0.0305866,-0.205766,0.106268,-0.23074,0.034928,-0.116069,0.0416548,-0.184476,0.101829,-0.173727,0.138766,-0.0618373,-0.00403756,-0.259298,-0.000963296,0.0658091,0.00377839,0.0217765,-0.118478,0.0860252,0.0199649,-0.21853,0.104851,-0.130689,0.102582,-0.129491,-0.0571848,-0.110412,-0.178997,-0.0456157,0.0566849,0.00226159,0.0548451,0.0445536,-0.0260475,0.0451941,-0.0355455,-0.0585302,0.01214,-0.0874406,0.0498009,0.0225204,0.0164255,0.188233,-0.127708,0.0567995,-0.0692323,-0.163551,-0.119256,0.0202866,-0.0316255,0.0661303,-0.0777373,-0.0412039,-0.0573922,0.065294,-0.155682,-0.149117,-0.000930588,-0.0431592,-0.00342701,-0.167745,0.0121494,-0.0639265,0.115191,-0.0113011,0.000309712,0.0845244,0.189152,-0.190047,-0.0711199,-0.0137487,0.0388778,-0.00487628,0.162716,-0.044129,-0.0277405,0.113706,-0.0650914,0.0895744,-0.1617,0.0385968,-0.201415,-0.130224,0.00256542,-0.133081,0.00999455,-0.0201555,-0.0256228,0.0034978,0.071119,0.0202112,0.0318378,-0.123518,0.1016,-0.16531,0.0766061,0.0337543,-0.0285257,0.018997,-0.0409319,-0.0856418,0.077289,-0.025568,0.10524,0.0192636,0.182551,-0.0283243,-0.163673,0.115725,-0.0916241,-0.0725045,-0.2147,-0.0244745,0.0275697,-0.0600414,-0.0514904,0.082677,0.00591947,0.205028,-0.144966,-0.0933147,-0.0283607,0.0454276,-0.032386,0.0901326,-0.18443,0.133936,-0.165694,0.167606,0.198302,0.006279,0.0417784,-0.0529067,0.132288,0.0936375,0.0125404,-0.113675,-0.0291379,0.126573,0.0216844,0.0593429,-0.0483663,0.0520155,0.0176147,0.0339869,-0.047841,-0.0017499,-0.0822888,-0.102157,0.0416779,-0.087931,-0.110698,0.0209686,0.0566744,0.173371,0.0981914,0.0869715,-0.134056,-0.0870629,-0.00389714,-0.0902527,
-0.00327113,0.0175827,0.122687,-0.143813,-0.138424,-0.0741383,-0.0603359,0.0662587,-0.113646,-0.0829804,-0.145401,0.0362035,-0.0248466,-0.079297,-0.0501944,-0.00941683,-0.160835,-0.134216,0.136402,-0.0235686,-0.0382,-0.0291386,0.0285426,-0.0123159,0.0473508,0.0972302,-0.104134,-0.0366325,0.0524875,0.0330233,0.00280604,-0.0473425,0.0560067,-0.0886164,0.170401,0.0470718,0.170638,-0.102847,-0.0333634,0.134435,0.0152729,-0.152809,0.0714934,-0.159047,0.0350604,-0.14963,0.0365298,0.033004,-0.0110435,-0.135893,0.0598709,-0.0510367,0.00952318,0.0120201,0.0398363,0.0393755,0.0170687,0.00273319,-0.119048,-0.161024,0.0922671,0.0395782,-0.105032,-0.15501,-0.0211824,0.117074,-0.0910949,-0.0459592,-0.00902284,-0.212892,0.0621517,0.0211375,-0.0417062,-0.0942472,-0.0307279,-0.00783632,0.0300008,-0.218145,0.0969248,-0.0144004,0.0782938,0.0013645,0.0133424,0.0249675,0.00455387,-0.00438476,-0.0125086,0.0151172,0.102679,0.0541016,-0.120412,0.0722887,0.0419661,-0.022119,0.0340258,-0.125548,0.0272389,0.172471,0.115851,-0.0204383,0.159825,0.0369111,0.0744742,0.0373014,-0.0960767,-0.124912,-0.0905995,-0.0710765,-0.0586793,-0.00783947,-0.159237,0.0359689,-0.185037,-0.0151373,-0.0618278,0.123428,0.0626797,0.135656,0.0998073,-0.0892143,0.0271743,0.108918,-0.0900377,0.0312311,0.0724814,-0.0443729,-0.0414659,-0.0856318,0.130666,0.0288001,0.0231488,-0.020769,-0.022461,0.0828866,-0.0188958,-0.10413,-0.0287376,-0.0529473,-0.0245374,-0.0238447,-0.00819479,-0.0395892,0.0238885,0.050828,-0.0638976,-0.0415524,0.0881977,0.0653321,-0.0849251,-0.0889944,-0.138957,-0.0595893,0.101948,-0.0148136,0.0524521,-0.153064,-0.0509792,-0.157129,0.0885715,-0.109537,0.135913,-0.0434599,0.156847,-0.119055,0.0780061,-0.150464,-0.0590048,-0.0763246,0.127345,0.1102,0.0807663,0.0129277,-0.0217399,0.0289585,0.0404227,0.0706216,-0.0327991,0.112757,-0.0862714,-0.0301473,0.0713882,-0.0544535,0.0736543,-0.128397,-0.0459126,0.0351482,-0.0264329,0.057773,-0.106319,0.0586443,0.059415,-0.0728613,-0.0522052,0.146564,0.0445465,-0.147631,0.00150997,-0.0659379,-0.0815853,0.0613523,-0.170323,-0.122153,-0.0415521,0.0143771,-0.0410995,-0.0596616,-0.134115,-0.0124354,-0.0543331,-0.0175956,-0.159396,0.0380619,-0.0596324,-0.0239712,0.00462114,-0.0501441,0.0579243,-0.152847,-0.01046,0.0499894,0.0254319,0.046037,0.0604333,0.071752,-0.0571629,-0.112106,-0.120538,0.0718766,0.0419855,-0.00106687,0.00368168,0.096728,-0.0790441,0.0283863,0.163054,0.115893,-0.0176016,0.127828,0.0855592,-0.121248,-0.0230129,-0.0272517,0.0111615,0.0789738,0.0963409,-0.0103667,0.191579,-0.0925638,-0.025036,-0.0500838,-0.147117,-0.00453378,-0.0585421,-0.00401319,0.197302,-0.0048404,
0.0325742,-0.045957,0.0486559,-0.0387932,0.0841439,-0.0398364,-0.0850785,0.0177303,-0.00562957,-0.110864,-0.0601394,0.0194896,-0.00356696,-0.0627259,-0.222584,-0.0042918,-0.000900197,-0.150592,-0.069895,0.00898523,0.0767591,-0.0695742,0.00251977,0.0132551,-0.0431968,0.0788534,0.0592969,-0.121192,-0.00384012,0.0613238,-0.0256817,-0.0685899,-0.0940155,0.0978859,-0.0731905,0.0583924,0.0388463,-0.0251383,-0.0628736,0.0274542,0.0859916,-0.0757702,-0.025885,0.00166513,-0.0485671,-0.0307244,-0.0458093,-0.126837,0.101929,0.0626767,-0.0632172,-0.00782708,-0.075507,-0.111772,-0.0474832,0.0968712,0.0570869,-0.0532364,-0.010051,-0.041149,-0.125897,-0.00324751,-0.030989,0.153318,0.0337699,-0.00382131,-0.0146465,-0.00316635,-0.0281841,-0.0728606,0.144455,0.0590635,-0.260473,0.0683842,0.0536718,0.0499894,0.132636,-0.105212,0.00725953,-0.0608315,0.00020041,-0.0333011,0.134761,-0.0976852,0.010038,0.058727,0.0871691,-0.00225292,-0.0246743,-0.0933207,0.0445238,-0.143389,0.0315008,0.0628474,0.184632,-0.0171054,-0.14634,-0.00798169,-0.0280669,0.0382116,0.013586,-0.0263839,0.214843,0.0207592,0.0592565,-0.0604097,0.122205,-0.0946668,0.00143147,0.0179263,0.0572974,0.0580895,-0.0248977,-0.0162007,0.0463376,0.0661829,0.053282,0.0436442,-0.0578457,0.0471271,0.00151498,0.186581,-0.0347837,0.0205411,-0.0520398,0.0283961,-0.135888,-0.158182,0.205327,-0.226755,0.130784,-0.052327,-0.0355031,0.00893018,0.0932081,-0.0523181,0.138445,0.151925,-0.0804299,-0.00992066,-0.12871,0.0403176,-0.165675,-0.0690608,0.0727631,0.0133369,-0.147074,-0.110893,-0.00240499,-0.100414,-0.0436196,0.0113996,0.0764937,-0.181479,0.0028832,-0.0742542,0.0670459,-0.0917295,0.00937174,-0.135907,-0.094072,0.0230694,0.154189,-0.0807672,-0.125591,0.024096,0.0932306,-0.125614,-0.0475851,0.0177358,0.0477248,0.0388104,0.0128389,0.0723822,-0.00657504,0.0406443,0.0423511,0.0759624,-0.0730577,-0.00842019,-0.0695579,-0.011585,-0.068893,-0.0550507,-0.0554956,0.0163517,-0.043608,0.0867959,-0.0881754,-0.022153,0.218668,0.0344521,0.102307,0.0938589,-0.0345301,0.0396616,-0.135556,0.03723,0.0464001,0.132188,0.073096,0.00177699,0.0019376,-0.0559223,-0.01782,0.19118,0.0239699,0.221703,0.000845835,-0.0504235,-0.105898,0.0769434,0.0198056,-0.0280142,0.0129788,-0.0966223,0.0532164,-0.0200184,0.000764922,-0.0380939,-0.133725,-0.0734816,0.139513,-0.0147656,0.0290423,-0.107474,-0.0281343,0.075126,0.0175243,-0.129099,0.0442191,0.130921,0.0969227,0.17838,-0.0799673,-0.056052,-0.0293678,0.0974507,-0.00776452,0.292895,0.0725635,0.0349373,-0.0573672,0.00916992,-0.0725173,0.0652915,0.0465521,-0.039702,-0.119391,-0.0583094,0.0988139,-0.0214341,-0.0535853,0.0879723,0.0358256,-0.0939047,
-0.109579,-0.265154,0.125009,0.125402,-0.0750903,-0.0506651,-0.0806944,-0.0378583,0.0824027,0.0763967,-0.0259773,0.0201453,0.0812647,0.0289099,0.199321,-0.0323155,0.00533644,0.0747794,-0.0116892,-0.098831,0.118822,-0.118671,0.0703434,0.00409013,0.0565854,0.117311,-0.140883,-0.0158169,0.13629,-0.0138665,0.000124327,0.0146451,0.0483875,0.0219337,-0.035437,0.0567254,0.0375705,-0.0155864,0.0126176,0.032415,0.115162,0.064409,-0.00122735,-0.00246294,-0.139375,0.0821167,0.026829,-0.0228977,-0.0555604,-0.0520051,0.1038,-0.00543967,-0.0244922,-0.140594,0.0281534,-0.130841,0.0171163,0.0739924,0.023842,-0.206023,-0.00337818,-0.0430232,-0.0905081,0.0931632,0.0748797,-0.00119735,0.0888523,0.080294,0.0805709,-0.0890082,0.0393341,-0.0242663,0.0539242,0.151531,0.0442601,-0.0888498,-0.0824439,0.0092021,-0.0688465,-0.158223,0.114054,-0.0124952,-0.0129239,0.18094,-0.0040934,0.0325604,0.13411,0.00771599,-0.170873,-0.0361442,-0.0364841,-0.147293,-0.0282165,-0.0606961,-0.059156,-0.0523944,-0.0748339,0.0207326,-0.151748,0.0874848,0.124442,0.0326862,-0.0453311,0.0206885,0.145035,-0.0130499,0.132936,0.0194292,0.115954,-0.165281,-0.0381069,-0.0154296,-0.104904,-0.0393696,-0.0283089,0.00961656,-0.0427601,0.0571536,-0.186621,-0.0535212,-0.128752,-0.0212685,-0.125204,0.00140208,-0.083599,-0.00246061,0.0624087,-0.0753234,0.183715,0.152952,-0.0160233,0.0193668,-0.0183158,-0.0929199,0.0051905,-0.0323372,0.0843717,0.0415076,0.0257475,0.134051,-0.0513562,0.016641,-0.0598137,-0.0128131,0.0776844,0.00757008,-0.0206597,-0.0436812,0.0880921,-0.0428443,-0.0930898,0.0258639,0.0381631,0.0822046,-0.0397406,-0.0577491,0.135815,0.132093,-0.115273,0.0454153,-0.0121587,-0.114798,-0.0308051,-0.0405668,-0.0622507,-0.141271,0.0589523,0.0175201,-0.0811917,0.0359354,-0.130316,0.101229,-0.0306789,-0.0866877,0.0404506,0.0309021,-0.110092,-0.214055,0.0610239,-0.142454,-0.0135615,0.0855444,0.195932,0.0716694,-0.0028229,-0.0516958,0.160859,0.0823424,-0.116676,-0.0243181,0.0199711,0.127637,0.0595723,0.0419083,0.0482433,0.088492,-0.0184079,0.0125455,0.00293986,0.160035,-0.0604376,0.0848656,0.0313401,0.00447845,0.0530885,-0.0928034,0.0237189,-0.0983791,-0.127164,-0.115126,0.0974784,-0.0200574,0.0365072,-0.12447,-0.0767615,0.0518836,0.0853727,-0.0559506,-0.0099871,-0.036816,0.0197376,-0.0193612,0.0184822,-0.0468305,-0.0569844,-0.0381089,0.115812,0.0945852,0.0623138,-0.0358339,0.0354716,-0.0977838,0.0188812,0.0438544,-0.00552494,0.135185,0.042951,0.0396587,-0.073488,-0.00306924,0.0677105,-0.0303497,-0.0716588,0.00931289,0.0374333,-0.0399584,-0.115069,-0.0645077,-0.0640044,0.0359546,-0.16086,0.0112865,-0.0532079,-0.14671,-0.0222979,0.0910571,
0.0327272,0.0860863,-0.150566,0.0654719,0.0804147,0.214138,-0.16672,0.0926357,0.0520691,0.035678,0.0771037,0.0944132,-0.0521711,-0.0313568,-0.00573864,0.219397,-0.0177938,0.0169977,-0.00723198,-0.0981818,0.0881134,-0.0331752,-0.204099,0.0348493,-0.0329478,-0.0393553,-0.139009,-0.0332295,-0.0815182,-0.00771701,-0.0445417,0.0444352,0.0221459,0.0660246,-0.0017198,0.0696407,-0.252599,-0.135682,-0.0765224,0.0210546,-0.0899315,-0.104125,-0.0489797,0.0976292,-0.0803194,-0.0839253,-0.0430691,-0.104894,-0.0576343,-0.0517402,0.138958,-0.106586,-0.0815653,-0.125621,0.048581,0.041245,-0.0284465,0.0988469,-0.10757,0.191356,-0.0433866,0.128382,-0.0765012,0.0394535,-0.0240983,-0.0586655,0.0688187,0.0326826,-0.0871261,-0.0433836,-0.00385991,0.0477684,-0.159143,-0.0908318,0.00450293,0.0670543,-0.155245,-0.0690614,-0.0358371,-0.0364253,0.012178,0.100073,0.109736,0.0214632,-0.0206405,0.0220291,-0.0747713,-0.187342,-0.172915,-0.106932,0.0904052,-0.0117096,0.103199,-0.132656,0.0412327,-0.00850895,0.0197775,0.0385528,-0.0517165,0.104608,0.0709341,0.0778697,-0.210879,-0.128714,0.120358,0.192649,-0.186626,-0.0552775,0.102415,-0.099711,-0.000947899,-0.223259,0.0819346,0.147809,-0.0649222,-0.0150807,-0.0105637,0.0304965,-0.00390903,-0.0539049,0.188749,-0.0662149,0.0262831,0.0184679,0.00393735,-0.0679637,-0.109616,0.0675676,-0.0388525,0.00292735,-0.0388929,-0.0691732,-0.00248267,-0.106671,0.0668693,-0.00939714,-0.0429183,-0.0882744,-0.0494871,-0.104878,0.0817739,0.0492524,-0.00678129,0.0605914,-0.005706,-0.0228834,0.00282,-0.111614,0.0582034,0.0245561,0.0949712,0.163822,-0.0657536,0.0679006,-0.144437,0.01549,0.154676,0.137698,0.0769411,-0.0901555,0.127152,0.0695358,-0.0894487,0.0693239,0.0432924,0.0160645,0.0583788,0.325462,0.00794112,-0.0134909,0.0873892,-0.0452611,0.0693728,-0.0184505,-0.048305,-0.0324245,-0.0450865,0.138896,-0.0324567,0.0366305,0.0442878,0.097939,-0.0390175,-0.0410249,-0.124934,0.0367751,0.172424,-0.0901587,-0.164226,-0.0786486,0.0373122,0.016903,0.0764894,-0.00467303,-0.128356,-0.0859887,-0.126008,-0.0636178,0.0820244,-0.0568514,-0.13576,-0.0703888,0.155321,-0.0130046,-0.0923418,-0.0744401,0.0106501,0.114545,0.0177822,0.0780938,-0.0700495,0.010413,-0.197611,0.0273511,0.0317583,0.111121,-0.0508788,0.0083343,0.0344611,-0.0733782,-0.0151137,0.0310278,0.0877002,0.0372757,0.0627407,0.00833121,-0.0242005,0.034942,-0.0283696,0.0111103,0.0772994,0.0404392,-0.12068,0.0698537,-0.0547696,-0.12086,-0.0432209,-0.0775644,0.123067,0.128391,-0.066576,0.143578,0.0101896,-0.0543208,-0.0616146,0.0534716,0.0262016,0.00252184,-0.103234,0.0901348,0.0563653,0.146207,0.0936182,0.0293053,-0.0341571,0.0926908,
0.0768845,-0.100588,0.0720268,0.105192,0.231285,-0.200261,-0.044376,-0.0360979,-0.116748,0.116619,-0.0491497,0.0249767,0.075736,0.166789,-0.142006,0.0550739,-0.161179,0.180121,0.0554562,-0.0732735,-0.0531399,0.0442867,0.120472,0.0372611,-0.0285332,-0.116024,-0.0521706,0.0438601,-0.126221,0.128948,0.083331,0.0246053,-0.12045,0.0285918,0.0900854,-0.103219,0.0715325,-0.073086,-0.0197714,-0.0392443,-0.0314395,-0.146106,0.0595901,0.00169087,0.0428137,-0.121671,-0.0262376,-0.0780917,-0.214958,-0.0225692,-0.0794897,0.189038,0.0421128,0.0251262,0.178701,-0.0485686,-0.0515212,-0.0302496,0.165413,0.116766,0.244351,-0.0967602,-0.0294035,0.0326547,-0.0688662,-0.115142,0.0577799,0.0279894,0.0174365,-0.032617,-0.0706296,-0.0681307,0.0780241,-0.0197764,0.0118492,-0.117301,0.0998318,-0.000925369,-0.0436802,-0.0555131,-0.0747253,-0.195898,0.0231203,0.171889,0.0185376,-0.0250067,0.142561,-0.219057,0.01408,0.114838,-0.117444,-0.110522,-0.00169874,-0.0625569,0.0582247,0.0348385,-0.172134,0.0562988,-0.101919,-0.0603792,-0.0401162,0.175987,0.092599,0.0142063,-0.0940234,-0.0831372,0.0276454,-0.117948,-0.198312,-0.0325128,-0.0548723,-0.0197326,0.0245756,0.0421968,0.102053,-0.037722,-0.0536827,-0.00984534,0.0654597,-0.0431723,-0.118776,0.114173,-0.0457753,0.103341,0.133438,0.0611499,0.152094,-0.0297506,0.0171504,-0.024013,-0.0764845,-0.0897382,-0.0047324,0.0606425,-0.0395024,-0.032271,-0.015846,-0.0113853,-0.0920333,0.069033,-0.0877982,-0.0908602,0.0976457,-0.130224,-0.15354,-0.0733195,-0.0518253,0.111027,-0.0322275,0.0266277,-0.00566769,0.0958561,-0.104643,-0.0985805,-0.0761053,0.0410202,0.0495386,0.0474908,0.0747688,-0.00148062,-0.000384758,-0.131003,0.0512467,0.068517,-0.107227,0.0741988,0.0362837,-0.163659,0.0427508,-0.186224,0.000215782,0.23532,-0.0139077,0.10406,-0.0550772,0.0761023,0.0149096,0.0261233,0.0743785,-0.028523,-0.00477376,-0.0362437,-0.0626542,0.117064,0.121939,0.00177037,0.0392632,0.102795,0.1721,-0.146915,-0.244843,-0.0360704,0.000606386,0.00614005,0.0678276,0.0945515,0.0017588,0.159158,-0.0539225,-0.00924996,-0.0195581,-0.0293762,-0.0700892,-0.0157901,0.141844,-0.0104061,0.103104,-0.15269,-0.0470925,-0.0308408,-0.0280099,0.0320665,0.0115795,-0.00662062,-0.028053,0.117857,0.041807,0.146667,-0.0249823,0.141096,0.0193796,0.0211092,0.00456273,0.163823,0.00530936,-0.132945,0.091358,-0.141191,-0.13638,-0.0597073,-0.0840366,0.0150306,0.085962,0.0853707,0.078499,-0.0600672,0.0859262,-0.114813,-0.199564,-0.0706273,0.00198158,0.0267012,0.0466495,-0.0283093,-0.15487,-0.024296,-0.041305,0.00670819,0.00427921,-0.0602926,-0.0824147,0.0524952,0.0552468,0.0711269,0.149856,-0.0994503,
-0.0116457,0.049743,0.207957,0.00669185,-0.0468928,-0.137999,-0.179835,-0.124147,-0.117709,-0.156703,0.00430515,0.0372085,-0.0230804,0.013453,-0.0124524,-0.0361009,0.123482,0.053413,0.0381601,0.0443393,0.0904801,-0.138225,0.140622,0.0766743,0.0136417,-0.00939897,0.00328239,0.0771593,0.140075,0.082422,-0.0895825,-0.0421063,-0.0141579,0.0411071,-0.133328,0.0706314,0.234813,-0.0627248,0.0510962,0.0292868,0.0699409,-0.0850849,-0.0114651,0.0268645,-0.131812,0.128464,0.139529,-0.0487171,-0.0441383,0.0469472,0.223801,-0.110998,-0.058409,-0.0170462,0.0444299,0.168207,0.0771599,0.0170614,-0.0751991,0.0565262,0.120438,-0.12457,-0.0817451,-0.100027,0.0470018,0.0877954,0.123861,0.0791781,-0.110812,0.138164,-0.100444,-0.0375137,-0.0411882,-0.0921284,-0.0104812,0.110484,-0.0163159,0.0853943,-0.188767,-0.10858,-0.0909646,0.228456,-0.0178392,-0.0599421,-0.0243572,0.0640818,-0.0466886,-0.185775,0.165054,0.097399,0.109905,0.068177,-0.176675,0.0837745,0.0722022,0.0418702,-0.027862,0.0680976,0.0173038,0.234982,0.0229615,0.0561294,0.154884,0.0316034,0.15914,0.011984,0.0773498,0.0923448,0.0118082,-0.00732439,0.0101038,-0.041921,0.0245136,-0.00155578,0.00177539,-0.0659252,-0.180746,-0.0289367,0.232274,-0.0348409,0.0798987,0.0169146,-0.0863587,-0.133771,-0.106482,-0.0332999,-0.148716,0.0628872,-0.0857208,0.136813,-0.0300697,-0.0645735,0.0534772,0.125555,0.0672622,0.0127283,-0.0229556,-0.170193,0.0133497,0.0493827,-0.0165476,-0.0278041,-0.122511,0.0136913,0.00322682,0.0838338,0.0847794,0.0807445,0.107976,0.194549,0.0305396,0.0432759,-0.10406,0.055251,0.0237842,-0.0548075,0.106483,0.069605,-0.169897,0.136614,0.0962338,0.165326,-0.116483,0.155547,0.0269111,-0.0831044,0.0904154,0.158839,-0.0129237,-0.203894,0.092742,-0.098339,0.0828659,0.177035,-0.0634933,-0.0191076,0.0371312,0.00353945,-0.0133184,-0.0195829,-0.0346353,0.0236543,-0.164794,-0.0100034,-0.103983,0.0138287,0.0167252,-0.116596,0.110663,-0.0503362,-0.0596794,-0.0892747,0.0188979,-0.160202,0.00264227,-0.0295512,0.0835006,-0.0313951,-0.0565507,-0.0273911,0.0106648,-0.0953505,-0.0163301,0.046667,0.0120174,0.0508526,0.0931669,0.00560817,-0.118793,0.033638,-0.0664698,0.026119,-0.157139,0.0927797,0.0106748,0.0667114,0.0604499,-0.147587,0.0152879,-0.156277,-0.00447996,-0.0441757,0.0680552,0.0845549,-0.0864799,0.000343455,0.0797428,0.0179394,-0.00500749,-0.123316,-0.0721511,-0.0350621,0.0310929,0.0826482,-0.0550113,0.109546,-0.092278,-0.285977,-0.0266807,0.107032,-0.163435,0.0832128,-0.0893096,0.0882736,0.0735408,0.0569804,-0.0104996,0.0193158,0.167786,0.103268,-0.117768,-0.0387322,-0.00899766,-0.0968326,0.123792,-0.174473,
0.0713181,0.00502247,0.00457473,-0.0149696,0.0536179,-0.0205388,-0.0874898,-0.124269,-0.0389281,0.0870994,-0.116351,-0.0605017,0.109783,-0.217458,-0.0592703,-0.0767647,0.176104,-0.119436,-0.0272083,0.0566381,-0.0714339,0.0121547,0.0154501,0.0573014,0.017405,-0.102818,0.116212,-0.000930079,-0.152573,0.0315289,0.156409,-0.0482387,0.0805009,-0.0501087,0.0544401,-0.00190848,-0.20014,-0.0580943,-0.00453982,-0.137145,-0.0420756,-0.0986342,-0.165029,-0.0480861,0.0788778,0.0290899,-0.0259412,-0.0466565,0.0254491,0.0316287,0.143377,0.0876744,0.00508836,-0.0773889,-0.00255067,-0.079321,0.0291101,-0.0317714,-0.0387716,-0.00922293,-0.0319719,-0.0921746,0.0176213,0.0914551,-0.0940552,-0.0802469,0.00810755,-0.111563,0.0613441,0.0735118,-0.0194997,0.0404835,-0.163908,0.0704037,-0.0243638,-0.00862281,-0.178499,-0.0458335,0.033029,-0.105094,-0.0209911,0.128159,0.0564437,0.0456918,0.0166562,-0.011763,-0.0346386,0.0498669,-0.0638012,-0.066689,0.00295522,-0.00400686,0.054258,0.0570612,0.00881541,0.071712,0.0517444,-0.099365,-0.12662,-0.0333919,-0.00404863,-0.0295273,0.0436349,0.089135,0.0796743,-0.0348968,0.0037512,-0.0778153,-0.114373,-0.177133,0.111488,-0.21998,-0.0413316,0.00618488,-0.0625031,0.0763987,-0.0211674,0.125062,-0.0903726,-0.148326,-0.178116,-0.0704944,0.105581,0.00892705,0.0398927,-0.0242702,0.101853,-0.0070816,-0.0267562,0.0593156,0.0610115,-0.106471,0.116778,-0.0632302,-0.0453034,-0.158435,-0.0333109,0.0820869,-0.00518139,0.0404266,0.0934437,-0.0127716,-0.0378383,0.0873914,0.00774775,0.0968183,-0.0214701,0.0221366,0.111925,-0.0495531,-0.0993722,-0.0153021,-0.0721474,0.0424455,0.0812935,0.170365,-0.0135415,-0.10316,0.0340444,0.0862436,0.056695,-0.0249584,0.0970958,-0.0621669,-0.0943542,0.166366,-0.0392394,0.15513,-0.133005,-0.0463913,0.0230626,-0.047632,0.0382482,0.0655566,-0.0330173,-0.0942958,-0.0538,-0.105414,-0.0808883,-0.0165907,-0.0858313,-0.110141,0.147488,-0.11261,-0.0801957,0.0324923,-0.048261,0.00236731,-0.0126418,0.0109886,-0.025356,0.15289,0.0666268,0.0391889,-0.0632018,0.000279936,-0.0433401,-0.0907497,0.00569282,-0.0402386,-0.0600494,-0.10284,0.192888,0.105643,-0.155001,-0.120414,0.0519845,0.0204792,-0.0380231,0.0154181,-0.0485729,-0.0325452,-0.00835601,-0.00434347,0.073407,0.0878204,0.0829938,-0.100979,-0.0868014,0.142938,0.037964,0.0837838,0.00261166,-0.102504,0.0611242,-0.0765584,-0.0963215,0.102136,-0.015038,0.13122,-0.0749234,0.106443,0.0866201,-0.151085,0.134265,0.0997725,-0.0211965,-0.013974,0.0043565,0.00270645,0.120235,-0.0268239,0.167398,-0.0269391,0.0590315,0.0841855,-0.0187476,-0.0699516,-0.148353,0.0771793,-0.133753,-0.000884958,-0.130749,-0.0461318,-0.0227805,0.0929033,
0.258741,0.0870979,-0.0559181,-0.131935,-0.138306,0.00576668,-0.125061,-0.181051,0.0119877,-0.021615,0.0226367,-0.0376453,0.0129821,0.0749188,-0.0441261,-0.020306,0.0592197,-0.054369,-0.0126909,0.0254141,-0.056886,0.048394,0.0886378,-0.204322,-0.0148526,0.0146845,0.0047435,-0.00628134,0.0287825,-0.012409,-0.073553,-0.0050603,0.089169,-0.0472909,-0.00941227,-0.0174316,-0.0581793,-0.0713801,-0.0493159,0.101002,0.0892656,0.0870643,-0.0422453,0.052296,0.0692078,0.165764,-0.0364509,-0.104998,-0.0297815,-0.0178627,0.0484149,-0.188494,-0.0039108,0.0348648,0.0225218,-0.118036,-0.238042,0.0616157,0.0704607,-0.0683757,-0.087347,0.0465955,0.0318824,-0.00833928,-0.0839296,-0.0802591,-0.163505,-0.0664824,0.0200176,0.102313,0.00291966,-0.131053,-0.0203172,-0.0147775,-0.136131,0.0903723,-0.115751,0.0637923,-0.144128,0.163978,-0.073016,-0.0443745,-0.133732,-0.0168285,-0.00379621,0.0574935,0.141436,-0.0450881,-0.0499658,0.00559186,-0.00919577,-0.0848705,-0.0311491,0.00391953,0.0410899,0.0307194,0.0382823,0.109955,-0.00787181,-0.153722,0.0332263,0.0250465,-0.00924743,0.0805555,0.0556486,-0.0906847,-0.132695,0.00395317,-0.0484809,-0.0400903,0.176767,-0.0291279,-0.0688751,0.0498013,-0.000690833,0.0171229,0.0491939,0.0685421,0.131272,-0.192446,0.0479766,0.0326049,-0.000793483,-0.04876,0.0978273,-0.00319244,-0.00819333,-0.109401,-0.0792863,-0.0381961,-0.00740819,0.0261487,0.10461,-0.113438,-0.178427,-0.0412623,-0.065631,0.197492,0.00677787,0.128994,0.0118645,-0.0197608,0.0157362,-0.0315124,-0.109246,-0.117587,0.211676,0.125921,-0.028598,-0.0460698,-0.0283543,0.0172966,0.041007,0.0762401,0.0642855,0.0919909,-0.0904405,-0.154437,-0.0332328,-0.00290952,-0.128656,0.0771519,-0.0334376,0.112049,-0.0865994,0.0576194,-0.143548,0.00794841,0.0426969,-0.0819198,0.0789572,-0.075852,-0.0694039,0.0134045,-0.0538296,-0.0601524,-0.166173,-0.00513324,-0.0404546,0.0505945,-0.152991,-0.0498725,0.0867027,0.0586037,0.0870316,0.034097,-0.0443401,0.114115,-0.12053,0.00496477,0.066367,-0.103535,0.00223996,-0.077775,0.0912779,-0.0612722,0.181874,-0.0468672,0.0307535,-0.104869,-0.101876,0.00504358,-0.115479,-0.0442697,-0.0834653,-0.113328,0.0467356,0.0560179,0.122979,0.00173615,0.129013,-0.125476,-0.015403,0.0438157,-0.0115842,0.104789,0.0375668,0.0534583,0.00113913,-0.0981344,-0.0020632,-0.040609,-0.21956,0.0960495,0.030675,0.129939,0.0417281,0.0601869,0.155107,0.0105698,0.0405664,-0.0471068,-0.00333718,0.0656233,-0.117196,-0.015087,0.0106682,0.0524778,-0.0660934,-0.126842,-0.0327416,-0.0425182,0.0189065,-0.12057,-0.0882313,-0.0376862,0.0390717,0.066005,-0.222219,-0.0708269,0.0778776,-0.0231386,0.1202,0.118659,-0.143428,-0.0455404,
-0.0876771,-0.0163618,-0.0523903,-0.0914719,-0.00376438,0.0585555,-0.121536,-0.0797385,0.0100299,-0.111371,0.00963433,0.103821,0.0374022,0.0546829,-0.045853,0.0214757,0.0164942,-0.0385023,-0.133826,0.0746144,-0.133727,-0.0593329,0.163711,-0.081422,0.221471,-0.00485658,0.12901,0.0977348,0.0131727,0.00274408,0.0728959,-0.0730577,-0.0414729,0.0669261,0.0798624,-0.0358329,0.0159607,0.0288896,-0.214532,0.0993681,0.020178,0.149173,-0.0646016,-0.0285442,0.0914479,-0.0599517,-0.070832,0.0859942,-0.099904,-0.0181671,-0.093672,0.0929203,0.105567,0.00194545,-0.139925,-0.0837711,-0.0108419,-0.012371,0.045813,0.0375654,-0.00438347,-0.136549,0.0244883,-0.00378383,-0.015127,-0.0153717,-0.0041625,-0.135175,0.034508,0.0950196,0.168245,0.0199208,0.102304,0.100579,-0.042417,0.0563245,0.110622,0.0180948,-0.101147,-0.153824,0.140277,0.0443784,-0.0643951,-0.0610671,-0.125384,0.0882782,-0.108644,0.00166723,0.0795226,-0.0802703,-0.181924,-0.025942,0.056068,-0.0265437,0.0469715,0.0854884,0.147311,0.0512625,-0.0113232,0.0106389,-0.00988964,0.0706959,-0.244591,-0.0336236,-0.00970572,-0.0386418,-0.0374706,-0.0165223,-0.0693278,0.0490683,-0.0802722,-0.136133,-0.171599,-0.077971,-0.0210987,-0.0285187,-0.105187,0.0377792,-0.0331418,0.0375942,0.0192103,-0.0212551,0.050573,0.0873354,0.142891,0.0536468,-0.0677839,0.0487442,-0.00421564,0.030199,-0.0470087,0.0435813,-0.01458,0.0936442,-0.121372,-0.196696,-0.110554,0.123729,-0.165741,0.0497964,-0.151307,0.134787,-0.209444,-0.07026,0.0571097,0.059722,0.209752,-0.0999787,0.0170367,0.0369672,-3.03185e-05,0.153485,0.0297017,-0.0249292,0.116529,0.036548,0.0550934,0.0218174,0.0586092,-0.157435,-0.0722984,0.0639164,-0.048937,-0.122569,-0.284458,0.0668347,-0.0185186,0.0898972,0.0405459,0.0505889,0.025051,-0.0895431,-0.00699685,0.0195878,-0.101398,-0.112485,-0.0815167,-0.03373,-0.14755,-0.143109,0.0171888,0.0765378,0.0317592,-0.126195,0.0143406,-0.0327924,-0.0678518,-0.0402774,-0.0784509,-0.0968525,-0.120156,0.0628188,-0.0443003,0.106725,0.0313895,0.109456,0.0375051,0.0697517,-0.0200231,-0.0909093,0.000447043,-0.0449692,-0.14635,0.102432,-0.228465,-0.0230474,0.0479986,0.0834959,0.0378757,-0.100833,0.000609648,-0.0406349,-0.00736734,-0.2733,0.0600889,-0.130992,0.054426,0.0822845,0.003509,0.0477154,0.0426263,0.114434,-0.0575569,0.0301137,0.187621,0.10995,0.0609255,-0.101045,-0.0147131,-0.074806,-0.0838114,0.0345189,0.0218844,0.0357336,0.0168878,0.168781,-0.0225382,-0.0143004,0.0514447,-0.0689879,0.0812799,-0.0574353,0.196944,-0.0638821,-0.0141999,0.0793021,-0.0211856,-0.029318,-0.0506697,-0.0110341,0.142712,-0.0935508,-0.0585362,0.0538603,-0.0836733,-0.0808354,
-0.11133,0.0545533,-0.10324,-0.108189,0.137185,-0.011025,0.118256,-0.0830694,0.0303783,-0.0381174,0.0522074,-0.0852163,-0.0376426,0.0163479,0.102705,0.0202685,-0.0667254,0.0775474,-0.00499004,-0.0424412,0.0714249,0.0148846,0.0749243,0.0755022,-0.0542084,0.105059,-0.0856085,0.0901603,0.011455,-0.00912421,-0.0689112,-0.0261093,0.0374772,0.097542,0.0936824,-0.014897,-0.0461914,-0.0111435,0.133921,0.0948272,0.136632,0.0384077,0.0411009,-0.012486,0.0214535,-0.165819,-0.0224397,-0.0992111,0.0014727,-0.101083,-0.15482,-0.112925,0.0750438,-0.0356076,0.080681,0.00936688,0.0951395,-0.030507,0.156006,-0.0195224,-0.097342,0.179762,0.281767,0.0555317,0.0446007,0.0708965,-0.0328329,-0.00147869,-0.144807,-0.0294793,0.0294575,0.0249343,-0.0104695,-0.0449896,-0.01524,0.00313733,-0.0667143,0.156416,-0.129729,-0.0110465,-0.0234139,-0.00393813,-0.0137647,0.162011,0.103586,0.209357,-0.0410034,-0.14543,-0.0493422,-0.0295593,0.138464,-0.0156573,-0.0480494,0.170136,0.0282632,-0.137057,-0.0438793,-0.0466065,0.0183562,-0.102328,-0.0206001,-0.0906165,-0.112845,-0.157641,-0.0285192,0.0412341,-0.0771456,-0.138666,0.0140315,-0.0444267,0.0484842,-0.0200172,-0.0297014,0.0334485,-0.0693621,-0.0665682,-0.0391177,0.0110402,0.0806585,-0.099822,0.0261958,0.115688,0.0598176,0.00678606,-0.124743,-0.056375,0.046972,-0.0242429,0.0461454,0.0141309,-0.108299,-0.0342511,0.0067643,-0.0339751,0.0491441,0.0395643,-0.0587358,-0.0897881,0.0650067,0.00894646,0.0723929,0.0344061,-0.174783,0.00528129,0.0255859,-0.209115,-0.062965,-0.0588045,0.134121,0.005093,-0.00200945,-0.0408878,0.0364094,-0.0214557,-0.0663568,0.0502944,0.0284451,-0.117581,-0.11642,0.0538334,0.0717139,0.0336755,0.0649113,-0.104364,-0.0888308,-0.107276,0.0373025,0.110817,0.0255904,-0.0503115,0.0853423,0.0230996,0.0352146,0.000451953,-0.0709216,-0.0856804,0.0527982,-0.000941315,0.155671,0.110063,-0.13513,0.134496,-0.0749185,-0.0496884,0.0614631,0.0411023,-0.0993569,0.178446,-0.0865593,0.0173898,0.184012,-0.0564968,0.0517079,-0.0259607,0.0503485,-0.2007,0.0393109,0.0687078,-0.0593303,-0.0663481,0.00554926,-0.110745,-0.0462101,-0.0259987,0.0155226,-0.0356191,0.1072,-0.170891,-0.28021,0.11329,-0.00592947,0.0421666,-0.174128,0.0982411,-0.0201239,0.0875825,0.0796187,0.043347,-0.155577,0.0911963,-0.0855048,0.102649,0.132259,-0.00332823,0.150027,-0.0325976,-0.113906,-0.0860736,-0.127889,-0.034747,0.0663312,0.00422937,-0.0704194,0.1392,0.0707141,0.0410739,-0.0454789,0.00708861,-0.0974138,0.064986,0.0304094,0.041192,-0.0673578,0.00444532,0.172078,0.0152348,-0.0488584,-0.0583195,-0.0451308,-0.0720105,0.0954997,0.0830814,-0.101815,-0.0428746,-0.0653975,0.141119,
0.015224,-0.169476,0.0492813,-0.010313,-0.168377,-0.144401,0.0191414,0.137187,-0.0462386,-0.136938,0.115237,-0.0464043,-0.0683525,-0.0183972,-0.0162828,-0.0659903,-0.0809079,-0.0920641,0.0510182,-0.00381987,0.0569813,0.0547434,0.0254031,0.0473855,0.0344742,-0.0769337,0.00657308,0.0140625,0.0522121,0.0686401,-0.0176056,-0.0130106,0.0451802,-0.158028,0.0327342,-0.0744102,-0.025796,-0.292244,-0.0305952,-0.00284388,0.0808398,0.0265124,0.0377798,0.230971,0.00868583,0.0647648,-0.133337,-0.00548765,-0.0516749,-0.0971879,-0.127151,-0.064126,-0.0100972,0.00508973,0.157085,-0.176774,0.124407,-0.104474,-0.184431,0.0914424,0.0552348,0.0541389,-0.0130343,-0.0252254,0.0487375,-0.0660295,-0.0723523,-0.052516,0.218909,-0.0765513,0.0240154,-0.140837,-0.024541,0.066587,-0.0994544,0.0123789,0.0797748,-0.0448479,-0.135706,-0.0891144,-0.176463,0.0487523,0.155817,0.00503465,0.0627702,-0.0664294,-0.0169103,-0.136387,0.0142473,-0.0442487,0.0279361,-0.0865806,0.0596214,-0.0804904,-0.0207455,-0.0196221,-0.0352406,-0.00765672,0.0453555,-0.082225,0.105093,-0.0473671,-0.0411971,-0.126403,-0.0411881,-0.0485387,-0.00788485,0.116889,-0.0527121,0.10787,0.0110629,0.00229157,0.0898034,0.0574669,0.132815,-0.0320168,0.0972827,-0.0571061,-0.138176,0.00328756,0.0833689,0.0173107,-0.0188956,0.0525572,-0.0932031,0.091078,-0.00189038,0.0385843,0.0626623,-0.15004,0.0294163,0.0506263,0.0823913,0.0588807,0.148101,0.0702717,0.0318494,0.0249526,0.0531999,-0.0268241,-0.0104576,-0.0363227,-0.0117402,-0.0679236,-0.0246768,-0.0578624,0.140788,0.0976889,-0.0661184,-0.154151,0.0883388,-0.0341542,0.0183202,0.0201434,-0.115826,-0.126372,-0.0241485,-0.0307195,-0.0291055,0.0154443,-0.202071,-0.0651225,-0.13871,0.0661052,-0.0046713,-0.0707216,0.180956,-0.0100135,-0.0387316,0.0869394,-0.0529851,-0.0991522,0.0891561,0.0244767,0.0518572,0.146542,-0.0767229,0.0553751,-0.0280232,-0.00619984,0.0180938,0.024783,0.119898,-0.236683,-0.0977803,0.0447345,0.0456789,-0.0378574,0.0552404,0.0820992,-0.0744857,0.0571729,-0.11086,0.0527383,-0.122161,0.171953,0.0305176,-0.0427404,-0.0210408,0.0242289,-0.0729936,0.0821541,-0.0098574,0.136604,0.177299,-0.0635174,-0.0480006,0.0630889,0.0143083,0.00457597,-0.069103,-0.0661082,0.0030934,0.0373928,0.0568726,-0.0150276,0.0177923,0.00419,0.0906741,-0.0410659,0.0482537,0.0697554,-0.124227,0.069472,-0.0162385,-0.0365508,-0.00929006,0.0646238,-0.121215,-0.0469665,-0.10611,-0.165794,0.0218863,-0.00398647,-0.00676875,0.0484419,-0.109072,0.152165,-0.0170485,-0.107429,0.0154075,0.0663548,-0.015134,0.062362,0.0961473,-0.114252,-0.0415459,0.025425,-0.0546633,-0.0548943,-0.185876,-0.062211,0.233515,-0.212472,0.00504838,0.0152254,
-0.115194,-0.292974,0.050102,-0.0158465,-0.115579,-0.025511,-0.146527,-0.108707,-0.000312004,-0.0817181,0.0421387,0.113081,0.0220154,-0.147253,-0.0672995,-0.0371347,0.0891353,0.0249773,-0.0447109,-0.129088,-0.12246,-0.0276048,0.12324,-0.0220727,-0.139497,-0.142795,-0.0966751,-0.00238139,-0.0163772,-0.0142412,-0.0420561,-0.262969,-0.215646,-0.0124512,0.165497,-0.0622348,-0.0913515,-0.179111,0.176085,0.185979,-0.0638593,-0.0671973,-0.0807575,-0.0558182,-0.0656649,0.00362619,0.0282496,-0.0956013,0.026817,0.0116582,0.0579721,-0.153135,0.0714217,0.0769313,0.0959666,-0.296826,0.210397,-0.110173,-0.0734039,-0.139114,-0.0600212,0.00767345,-0.0323514,0.00375587,-0.133802,-0.0918712,0.00369041,-0.00100421,0.0522516,-0.221249,-0.0770834,-0.153078,-0.0947249,-0.0873325,0.0583849,-0.0589598,0.000574521,-0.146898,-0.078484,0.0911866,-0.0568766,-0.0461348,-0.0644173,-0.0527193,-0.161643,-0.125663,0.0408902,-0.121086,0.0276743,-0.0463621,0.0871051,-0.0714083,-0.115321,-0.0239194,-0.067444,-0.00200922,-0.0392089,0.156218,-0.107197,0.26895,0.0931933,-0.0376496,-0.0579161,-0.138501,0.080139,0.0740039,-0.0521386,-0.185072,-0.093096,-0.0310651,-0.1411,-0.0405989,-0.00269492,0.100798,-0.0541121,-0.0472164,-0.114302,-0.0734874,-0.0473564,0.0430541,-0.0138113,0.0157691,0.0409597,-0.0226727,0.144808,0.101927,-0.12195,-0.0880483,-0.0811599,-0.128833,-0.00364541,-0.0664197,-0.125105,0.027709,-0.215153,-0.0573607,-0.0534741,-0.0509249,-0.119582,0.0482643,-0.128175,-0.182979,-0.156851,-0.0488598,-0.0107748,0.0567765,0.0996083,0.0439273,0.133317,-0.0380424,-0.0826808,0.117449,-0.11607,0.231417,0.0874574,0.0904621,-0.0317104,-0.122578,0.116711,0.126347,0.0255807,0.210072,0.11323,-0.035415,-0.0655669,-0.0873898,0.0492044,0.0143301,0.0249236,-0.0906148,-0.0542563,-0.061881,0.0553533,0.135461,-0.0295049,-0.0336039,0.0621741,-0.00146276,0.0447109,0.14965,-0.117103,0.0736651,-0.131546,0.03097,0.0704519,-0.116778,0.0598577,0.129353,-0.0165759,-0.0303885,0.0271783,-0.062935,-0.157564,0.159869,-0.00984626,0.013033,0.00553593,-0.268615,0.032371,-0.146881,-0.059915,0.0287649,-0.0664441,0.0883974,-0.0871982,-0.0602253,0.115214,-0.0846496,0.172425,-0.0968934,-0.0857358,-0.0638241,-0.0632308,-0.0234766,-0.102756,-0.0870647,0.0278466,-0.0363607,-0.06565,0.00638114,0.0471779,-0.0484807,0.0551155,0.0183335,0.0804694,-0.178051,0.0940708,0.0493659,-0.124177,-0.0609905,0.0389077,0.0657143,0.0363744,-0.143867,0.017151,0.0783228,-0.0448955,0.0590274,0.0791034,-0.00646429,0.00576866,-0.134798,0.0284831,0.018872,-0.0539831,0.0991489,0.0816577,0.139951,0.0135733,0.00590988,0.0748837,-0.0778371,-0.108502,0.0760248,0.0221263,-0.0255585,
-0.100615,0.107638,0.091489,-0.0268728,-0.0326616,-0.0610322,0.0546892,-0.0935939,0.13568,-0.0845766,0.081411,-0.0738559,-0.0437136,0.0137082,-0.0924761,-0.132763,-0.0615568,-0.0572263,-0.061302,0.0144926,-0.089977,-0.188932,-0.00904082,0.0883448,-0.0118503,0.0912147,-0.0128325,0.0120096,0.0679604,-0.00201839,0.00418219,0.0954689,0.144847,0.0745083,0.0312337,0.0854645,0.0416109,-0.0132141,-0.0107317,0.065513,0.0950273,-0.13979,0.112992,-0.166046,-0.0194585,0.192924,-0.0547554,0.0383135,0.125087,0.135766,0.163275,-0.0285424,-0.163485,0.012648,0.107642,-0.0441056,-0.0828481,-0.101297,0.111053,0.0476974,-0.115777,0.0447541,0.0202674,0.209668,-0.016176,0.0679456,0.0720649,0.0708591,-0.0398053,-0.0201038,-0.0325106,0.0852761,-0.13972,-0.000437962,-0.0462656,-0.0848233,-0.0896103,-0.0876354,0.0202945,-0.0132112,-0.0471817,0.134349,0.00713767,0.107627,-0.141778,0.0446378,0.117615,0.0839469,0.00653697,0.0776415,-0.0328883,-0.0622462,0.0602824,0.0704291,-0.04607,-0.127924,-0.18268,-0.0129556,0.0277322,-0.0971439,-0.0247494,0.0114706,0.0287444,-0.0903915,0.186824,-0.028084,0.0373965,-0.0227911,-0.172688,0.132281,-0.0816718,-0.00368145,-0.138187,-0.0153822,0.0186507,0.114911,-0.113631,0.16943,-0.194902,0.0300846,0.0737433,0.10227,0.0545014,0.131987,-0.0402142,0.000354386,0.023073,0.00933269,-0.142884,-0.0777389,-0.026313,-0.0241738,-0.000124187,0.209255,0.162833,0.00460752,-0.104325,-0.0316977,0.0127609,0.0445606,-0.00564777,0.00985114,0.034268,-0.0563135,0.18063,0.0382288,-0.0586994,0.131901,0.0703705,0.0654676,-0.10318,-0.0342543,-0.00039514,0.0101749,0.100265,0.0518808,0.145337,0.189206,0.000102937,0.107053,0.073752,-0.0692755,0.129353,0.0474049,-0.0121867,-0.037984,0.0647,0.0858016,0.0847282,-0.131511,-0.00573833,-0.080187,-0.0484056,0.0161008,0.0821572,0.0844504,0.0835813,0.00860704,-0.115303,-0.182888,0.0618782,-0.0221537,-0.127479,0.160348,-0.0594713,-0.129168,-0.0727081,-0.0305687,0.0177925,-0.11266,0.032828,0.0211994,-0.0746949,0.0674097,-0.0895225,-0.104296,-0.120224,0.177181,-0.0096458,0.0854099,0.027926,-0.0915861,0.130184,0.0741395,-0.0587761,-0.0619787,0.108888,0.0347953,-0.0307501,-0.0327536,0.0169097,-0.0637759,-0.0744187,-0.0956402,-0.0241463,-0.0820749,0.0980783,-0.0403329,0.0139193,0.129842,-0.0219569,-0.0639208,0.0688756,0.0536907,-0.148567,0.00715642,-0.0952357,-0.280582,0.150962,-0.226205,-0.0260001,0.0374452,-0.0662894,-0.00497248,0.0796797,0.103411,-0.0455209,0.0207805,-0.0605922,0.0651028,0.0626036,-0.0517013,-0.0374417,0.0783978,-0.0746192,-0.0576652,-0.0107825,0.0491108,-0.0435217,0.0534923,-0.0338786,-0.084389,-0.133813,0.000681701,0.0147406,-0.0542566,
-0.059492,0.0474781,0.0390846,-0.0537293,0.0391094,0.0233444,0.030226,-0.0707191,0.0220261,-0.0216541,-0.11217,0.00245139,0.129335,0.0621132,-0.0726348,-0.0122504,0.0839362,0.131678,0.0251162,0.022989,0.139833,-0.119916,-0.0314004,0.100633,0.0604161,0.080462,0.0238223,0.0623973,0.107203,-0.0607366,0.063089,-0.240223,0.0417589,-0.0173898,0.205967,0.0915844,0.0762894,-0.0888568,-0.0250055,0.0613476,0.0975624,-0.0856629,-0.0325092,0.0361222,0.031972,0.167686,-0.0481223,-0.0150367,-0.0748966,-0.113611,-0.0563873,-0.127218,-0.141931,-0.149059,0.0417406,0.0109188,-0.0919477,-0.0557018,0.0180755,0.063011,0.0680324,-0.0537658,0.0119394,0.0770823,-0.0426258,-0.139532,0.0401179,-0.152776,-0.0560432,-0.022113,-0.0995943,-0.0013876,-0.0272759,-0.113298,-0.00968299,-0.071233,-0.0526422,0.126049,0.0305272,0.155638,-0.0332342,0.155375,-0.0834429,-0.0667782,0.118508,0.161991,-0.0926199,-0.101199,0.0135872,-0.0566916,0.0789725,0.0535823,0.07256,-0.02749,-0.0822477,-0.146135,-0.0248657,-0.014884,-0.0259334,0.0864735,-0.137902,0.0858876,0.119155,-0.0578725,-0.0245728,-0.0315526,-0.0784267,-0.0751083,0.0216562,-0.0684517,0.0448268,0.0726505,-0.0356312,-0.150709,-0.100219,0.151195,0.138951,0.0230538,0.0892612,-0.0568775,-0.0629976,0.0713504,0.0853248,0.0166676,-0.0478515,0.0319253,0.0806119,-0.0139166,-0.00201466,0.11238,-0.0231681,0.026313,-0.00134761,-0.0900408,-0.0192367,0.0346687,-0.00707453,-0.0673242,0.054615,0.0242923,-0.0535453,-0.039378,-0.0830278,-0.106394,-0.0421909,-0.0281309,0.000390386,-0.0454819,0.153965,-0.0822591,0.0848976,-0.15545,-0.0976896,-0.080523,-0.0803338,0.203998,-0.0671475,0.16795,-0.0683387,-0.020128,-0.0986445,0.0274817,-0.0522006,0.0152415,0.0182183,-0.106145,0.223583,0.096909,0.0620337,0.0921336,0.0425545,-0.0469999,-0.00226842,0.134667,-0.0178537,-0.0232639,-0.120473,-0.0136072,-0.0825586,0.159467,0.0287389,-0.168939,0.0225065,0.0109283,-0.0838986,0.165587,0.0502559,0.0359863,0.0475032,-0.0123101,-0.000719449,0.0822579,-0.0607955,0.0742894,-0.00658555,0.126696,0.029593,-0.0459232,-0.0896177,0.061836,-0.0220707,0.0433002,0.118408,-0.060298,-0.101231,-0.00677629,0.0750156,-0.0307458,0.053402,0.0460314,0.0562218,-0.142094,-0.0827074,-0.181896,0.00109766,0.0480033,-0.0915683,0.0420671,-0.0031455,0.0618012,0.050645,-0.0174372,0.0234252,0.0207995,-0.0505405,-0.0122866,-0.0152817,0.0770521,0.0286945,0.121461,0.129434,0.130942,0.10199,-0.131032,0.109392,-0.0160311,-0.0390052,-0.0438471,-0.0115912,-0.0936278,-0.0765615,-0.165371,-0.0524038,0.00737757,-0.215952,0.0244195,-0.0552016,-0.132263,0.0931605,-0.157072,0.0868633,-0.237809,-0.0428972,0.0339286,-0.103655,-0.108244,
-0.0554489,-0.042477,0.0158033,-0.120773,0.000616985,0.031879,0.000104031,-0.0545831,-0.140416,0.086465,-0.178262,0.183386,-0.0381286,0.0404811,-0.163599,0.146414,0.124545,0.0361437,-0.107404,-0.100591,-0.0460727,-0.0991553,0.21573,0.00748703,-0.101192,0.0173392,-0.148261,-0.0950947,-0.0774741,0.033228,-0.0279833,-0.0819865,0.0613459,0.153156,-0.0343918,0.0443627,0.0725075,0.0331023,0.107837,-0.0294569,0.0759052,-0.0715602,0.0680021,0.0211615,-0.0303003,-0.025714,-0.0530035,0.0253531,-0.00247689,0.0922132,0.0365175,0.0491408,-0.000784139,-0.114215,-0.140327,0.12344,0.0389766,0.0468742,0.178068,-0.0573036,-0.152201,0.113414,0.04085,-0.0532434,0.0781955,0.112387,0.155955,-0.126453,-0.0686744,0.14548,-0.00678679,0.0249826,0.0419961,0.0773552,0.0110502,-0.0967398,-0.0536495,-0.0664229,0.0444994,-0.0281959,-0.113692,-0.0329112,-0.0936287,-0.029605,0.000496263,0.0626832,-0.0218027,0.0551629,-0.0164356,0.184249,-0.00128085,0.0178997,-0.202408,0.0220118,-0.0225608,0.0400989,-0.0848,-0.00969902,0.0514637,-0.10175,0.0856102,0.027443,0.015436,0.10775,0.120336,-0.054327,0.0807732,-0.0622961,0.0997514,0.0382438,0.0225156,-0.126007,-0.141792,0.0527209,-0.0929001,0.0689216,-0.0565047,0.0474319,0.0842959,-0.148311,-0.000480566,0.072022,0.221211,0.000504506,0.0161211,-0.167416,-0.0620432,-0.0486404,-0.0638404,-0.0384965,-0.0468987,0.0612476,0.194498,-0.100698,0.104491,0.0867491,0.0710711,0.0443629,0.0817171,0.0440825,-0.171307,-0.0418073,-0.0765108,0.0181868,-0.0173868,-0.0495375,-0.0564163,-0.0246998,-0.119055,0.0138987,0.0637322,-0.106681,-0.0616063,0.109783,-0.06699,-0.0757976,0.0311352,-0.0288305,-0.175982,0.123747,0.121251,-0.00680219,0.0955023,0.0187956,0.0202042,0.16053,0.144452,0.253773,0.0460491,-0.0683063,0.0582627,0.00242641,0.0597813,0.117622,-0.0280877,-0.091998,0.201884,0.109715,-0.0236833,-0.0422927,0.0909966,-0.196707,0.0352722,0.0585351,-0.0249358,0.0325864,0.217067,-0.00756934,-0.0968424,-0.0318833,0.077962,-0.143449,-0.00128968,-0.0155563,0.0201713,0.00780363,-0.0218015,0.124834,-0.0424197,-0.119654,-0.183478,0.0806298,-0.0936363,-0.0944391,-0.111041,0.011932,0.113635,0.0238623,0.0438919,-0.0719694,0.0808974,-0.00826555,-0.0318629,-0.0316061,-0.0152975,0.0232127,0.134615,0.0501811,-0.0955544,-0.00289495,0.0659113,0.0727331,-0.0306286,0.12781,-0.00215538,-0.0266013,0.0995296,-0.163499,0.117367,-0.100365,0.0973224,0.114859,0.00675108,-0.108973,0.135604,0.00045416,0.157988,-0.0778027,0.0667278,-0.0344881,0.0684622,0.0909068,0.0922134,-0.0151343,-0.0586412,0.0251171,-0.0129727,-0.0276561,-0.100916,0.170684,0.017807,-0.102808,-0.0746969,-0.111718,0.0707942,-0.00129129,
0.0839057,-0.16151,-0.142201,0.0366806,-0.0553633,-0.0741394,0.143151,-0.109968,0.00848595,-0.0237184,-0.111943,-0.0301195,-0.0375301,-0.181381,-0.0753588,-0.154075,-0.0426018,-0.0831095,-0.0455248,0.0614636,-0.117177,0.0102649,0.0396162,-0.00341449,-0.0699947,-0.044903,0.0694069,0.0637723,0.0123863,-0.0998043,0.18917,-0.158351,0.0403208,-0.0497947,0.0613762,0.130007,-0.0997211,0.0105073,0.038722,0.00183861,-0.0500423,-0.0430078,0.04574,0.00859441,0.0430897,-0.0531111,0.0845546,-0.071161,-0.0247458,0.0144626,0.0391944,-0.0161133,0.0194828,-0.179097,0.0964846,-0.148383,0.0132594,0.0307817,0.176705,-0.0159114,-0.00100371,-0.0578442,-0.0219076,0.026229,-0.186891,-0.0190389,0.0395264,0.0887966,-0.0011203,-0.0809352,-0.0562007,0.0480647,0.0596206,-0.0474057,-0.113325,-0.0665728,-0.159934,0.0768823,0.184631,-0.073481,-0.0710608,-0.0310252,0.0552796,0.013003,-5.2578e-05,-0.113915,0.0630804,-0.0740143,0.074484,0.0648672,0.0107426,-0.0559191,0.0429958,0.0319855,0.110261,0.0535795,-0.0543094,-0.0581521,0.138763,-0.118748,-0.10742,0.176008,-0.035289,0.0404328,0.0111255,0.0801465,0.193243,-0.0242224,-0.0771304,-0.000526084,0.0892945,0.0382167,-0.100874,0.167843,0.0476498,-0.0311789,0.144696,0.0952835,-0.00633569,-0.0176953,-0.0524429,0.0058872,-0.133874,0.1021,0.0300727,-0.158679,0.125878,0.0137832,-0.00931443,0.122511,-0.0583702,-0.209023,-0.0595534,-0.0366919,0.189563,0.0383135,-0.100609,-0.13249,-0.132787,0.0843947,-0.0173575,0.0277811,0.0212879,-0.0262532,-0.0465947,-0.0530939,-0.00611595,0.210717,0.0590121,0.0436348,0.000848887,0.0790322,0.0856759,0.051628,0.0402298,0.215107,0.0207126,0.0406497,0.0855707,0.114593,-0.0557757,0.085622,0.0601709,-0.00677436,0.0559344,-0.0549849,0.142878,-0.022701,0.111598,0.0476727,0.0683093,-0.141701,0.0733557,-0.0301682,-0.0764157,0.0557321,-0.0545035,-0.151345,-0.128767,-0.0239999,0.017192,-0.160018,-0.10275,0.123963,-0.0170724,0.0558146,0.028823,0.080298,-0.226424,-0.0479444,-0.0144856,0.0695196,-0.161927,0.20579,0.0114919,0.131759,-0.107998,0.0556768,-0.0370592,-0.0939493,-0.0861526,-0.043573,-0.0209209,-0.125812,-0.0321106,-0.0326238,0.0388438,-0.00947272,0.0610425,-0.13609,0.0275781,0.194082,0.0166285,-0.0420581,-0.0841139,0.147479,-0.138788,0.0183854,-0.0351973,0.171996,-0.131289,-0.0888886,1.7052e-05,-0.0629389,-0.0875088,-0.00804475,-0.0343312,0.0168273,-0.0555558,0.0536626,-0.000116138,0.045524,0.0827079,-0.0443683,-0.0033765,-0.0241079,0.0409446,-0.217346,-0.0674974,-0.0272107,-0.0908171,0.00601488,0.00430628,-0.0274925,0.00983925,0.0615249,-0.0600564,0.123875,-0.177394,-0.00932133,0.010179,0.0561167,-0.0675955,-0.117429,-0.0910744,-0.121907,
-0.119891,-0.379093,-0.0653158,-0.0961201,-0.161104,-0.0705636,0.063042,-0.0930037,0.192123,-0.110466,0.145162,0.331997,-0.119826,-0.0041803,-0.267573,-0.048045,0.170553,0.129401,0.0879094,-0.307389,0.104277,-0.0454287,-0.0141673,-0.087222,0.188667,-0.122617,-0.153939,0.0233157,-0.0747206,0.16018,-0.222624,-0.391816,-0.277893,-0.26813,0.126847,-0.245682,0.0947762,-0.0773026,0.117375,-0.0388326,-0.0621911,-0.133028,-0.155274,0.0255787,-0.14497,-0.0429631,-0.10314,0.0194501,-0.0210748,0.069749,0.233019,-0.187437,-0.165376,-0.138548,0.141343,-0.216898,-0.01138,-0.0828491,0.00128361,-0.164545,0.0647223,-0.10541,-0.194523,-0.0629135,-0.111619,-0.15985,-0.0761152,0.0825016,0.0711361,-0.521945,-0.0975006,-0.177472,0.0251747,0.0681683,0.0257418,0.0276238,0.203124,-0.198271,-0.0355254,-0.0132375,0.0529632,-0.139035,-0.100599,-0.264205,-0.322826,0.133496,-0.126324,-0.270013,0.210075,-0.140939,-0.0144768,0.0554415,-0.0540704,-0.305888,-0.141605,-0.183347,0.0869622,-0.0254118,-0.000668198,0.369459,-0.083825,-0.146888,-0.147433,-0.108613,-0.0306866,0.141533,-0.126098,-0.13364,-0.13453,0.263976,0.108036,-0.17917,-0.251663,0.12834,-0.00200917,-0.034557,-0.0566083,-0.0674568,0.00774955,-0.0699419,-0.254026,-0.00624688,-0.00705165,-0.0545945,0.0816721,-0.0877861,-0.148937,0.00151418,-0.0314664,-0.062114,-0.0551353,-0.0813075,-0.120899,0.0300928,0.0760277,-0.122217,0.0103995,-0.060154,-0.127911,-0.141501,-0.143995,-0.129754,-0.238715,-0.0508224,0.154472,-0.0896783,-0.0164709,0.124404,-0.114005,-0.137486,-0.0279432,0.170839,-0.16186,-0.0506057,-0.113094,-0.0341495,-0.345276,-0.117585,0.0503464,-0.134958,0.130301,0.0132457,-0.114232,-0.00529293,-0.196159,-0.0680694,-0.0464304,0.0466484,-0.113586,-0.0563019,-0.0597103,-0.0599746,-0.0912104,0.432073,-0.00279188,-0.0277063,-0.00433438,-0.171278,-0.233151,-0.0933143,0.051062,0.00780115,-0.0226653,-0.138622,-0.0104342,-0.176386,0.146101,0.0406084,-0.0407357,0.112228,-0.0508964,-0.125856,-0.0337006,-0.138585,-0.0321975,-0.128388,0.132582,-0.160576,-0.250209,-0.058033,0.109377,0.091091,0.0100867,-0.0655339,-0.170923,0.0226924,-0.00843489,-0.0181618,0.0905153,-0.074061,-0.13306,-0.165629,-0.138146,-0.0957088,0.0516628,-0.137765,-0.0992492,0.0544872,0.0436399,0.11209,-0.0768502,0.00265835,0.0834064,-0.138909,-0.112865,-0.119881,-0.130239,-0.0974181,-0.263486,-0.178941,-0.133838,-0.0456986,0.0053355,-0.207636,-0.111433,0.145824,-0.0866016,-0.220422,0.0671941,0.163815,-0.0463673,-0.275122,-0.142831,-0.130835,-0.0749385,0.315992,0.0988563,-0.143673,-0.0954882,-0.202412,-0.147994,-0.208721,-0.144721,-0.121804,0.0265089,-0.0503345,
0.13577,0.286603,-0.0460518,-0.081688,-0.118181,0.173067,-0.148194,-0.135078,-0.0783991,-0.0946831,0.0279409,-0.139485,-0.105861,-0.107487,0.0819454,-0.112695,-0.12221,0.0637007,-0.150306,-0.144317,-0.0909649,0.158325,0.113959,-0.00639396,-0.121037,-0.0677395,-0.0920252,-0.0411192,0.0801862,-0.0569971,0.0194512,0.0609303,-0.133956,0.0739615,0.195131,0.173226,0.063126,0.0420363,-0.0613396,0.102079,0.125553,0.0475474,-0.076379,-0.0387552,-0.077144,-0.161473,-0.110417,0.0405227,0.214074,-0.063868,0.0763563,0.119077,0.0395757,0.076226,0.12787,-0.111368,0.0196819,-0.0154829,0.00916219,-0.0623053,-0.108653,-0.0674526,-0.130497,0.068635,0.174966,0.00186735,-0.00662907,-0.00400088,-0.06838,0.0815528,-0.0049028,0.143045,0.102304,-0.0231879,2.16759e-05,-0.148908,-0.300434,-0.00841484,-0.036156,-0.0257341,-0.0520389,-0.121601,-0.0146385,-0.0257355,0.0981299,0.0295068,-0.0307595,-0.0509485,-0.157312,-0.177847,0.0590134,-0.0134338,-0.0702806,0.115981,-0.0046021,0.164917,-0.0480064,0.0903543,0.0185465,-0.00956586,-0.0688593,0.0430626,-0.0601094,-0.0737341,0.0958724,-0.239995,-0.0743984,-0.068575,0.0988197,0.0628746,0.0266674,-0.213108,-0.163372,0.0356193,-0.0554505,-0.0795918,-0.0782825,0.180849,0.0154883,0.124343,0.0498707,0.267807,0.0385522,-0.152579,-0.000813459,0.082119,-0.0513179,-0.0431466,0.124933,0.152217,-0.0336761,0.0154914,-0.0531719,-0.124557,-0.055595,-0.0699214,-0.025797,0.0137903,0.0935693,-0.0286949,0.108185,0.118229,-0.0332661,-0.0825019,-0.0776167,-0.0607129,-0.00986395,-0.0380249,0.0821658,-0.147549,-0.0680445,-0.0225237,-0.0996536,0.108141,-0.0142703,-0.00188228,0.0386511,0.197079,-0.0677844,-0.0773989,0.124233,0.0972525,-0.171184,0.0146711,0.0586562,0.0148856,-0.13049,0.222331,-0.0355941,0.100235,0.0834059,-0.073769,0.0441325,0.192239,-0.174861,-0.188809,0.0832516,0.146157,0.226074,0.188377,0.0299929,0.114996,0.142729,0.0606769,0.13841,0.120311,-0.103821,-0.237264,0.0406339,0.0890442,0.113231,0.11107,-0.000720442,-0.107201,-0.0609298,0.0432261,-0.133333,0.105207,-0.0543916,0.0164867,0.0783675,0.0690151,-0.0236898,-0.00104718,0.0513363,-0.0754446,-0.0518618,0.0381422,-0.109792,0.0663044,-0.0976383,0.0833648,-0.0168892,0.10535,-0.0887843,0.133745,-0.00229743,-0.0663627,-0.00764759,-0.00198333,0.0885941,-0.000704542,0.170848,0.128608,0.00585239,-0.015198,0.09402,0.040986,-0.099707,-0.0400899,0.0882378,-0.0894139,-0.0637752,0.0817006,-0.00952301,0.0740227,-0.0787387,-0.0451465,0.0187474,-0.064585,0.0375621,0.164064,-0.0746917,0.0689443,0.118615,-0.0975533,0.0324595,0.0366205,0.0632426,0.0683768,0.0303058,0.170619,0.239964,0.0329332,0.0367282,-0.0408701,
-0.446499,-0.752895,-0.112594,0.0410951,0.0571577,-0.0879749,-0.186034,-0.132208,-0.0480385,-0.0107021,-0.18407,0.586718,-0.157384,-0.129036,-0.661608,-0.102848,-0.0607031,-0.11984,-0.0536646,-0.183872,0.186752,-0.193093,-0.00908715,-0.276766,-0.0383164,-0.107366,-0.27739,-0.19619,-0.121928,0.29311,-0.141664,-0.598467,-0.5293,-0.507341,0.118109,-0.124053,-0.296825,-0.145337,-0.195832,-0.241176,-0.058826,-0.33242,-0.175478,0.0130301,-0.0721532,-0.0166704,-0.15554,-0.049999,-0.127895,-0.229652,0.417744,-0.336683,-0.0277979,-0.158854,-0.137062,-0.161104,0.0903228,-0.279632,0.055556,-0.256663,-0.0690058,-0.0521445,-0.459807,-0.0271493,-0.205914,-0.315021,-0.379873,0.0961377,-0.0683102,-0.737295,-0.160175,-0.335451,-0.209587,0.400402,-0.0461127,-0.119466,-0.101147,0.0211908,-0.230929,-0.236714,-0.224553,-0.286348,-0.357013,-0.492337,-0.445423,-0.218946,-0.175552,-0.160915,-0.171277,-0.127096,-0.0635445,-0.048507,-0.234434,-0.439993,-0.25688,-0.313294,-0.0596365,0.0116618,-0.118008,0.888902,-0.0269713,-0.192708,-0.303177,-0.448743,-0.043893,0.256251,0.0415734,-0.219088,-0.134711,-0.0596811,0.0407,-0.251656,-0.174516,0.0721595,-0.239159,-0.00847288,-0.0569552,-0.00590856,-0.165994,0.158181,-0.414897,-0.0987705,-0.11571,0.199692,-0.107478,-0.0733231,-0.315329,-0.412413,-0.277149,-0.0261647,-0.0728739,0.0575466,-0.276037,-0.0624433,0.0544643,-0.297401,-0.0152277,-0.119185,-0.358619,-0.194107,-0.140256,-0.185537,-0.233414,-0.315464,0.110974,-0.0212957,-0.0901727,-0.089681,-0.199104,-0.155064,-0.379895,0.231346,-0.234146,0.129557,-0.17364,-0.139304,-0.550817,-0.12579,0.0704626,-0.157744,-0.101481,-0.0965552,0.13184,-0.0462777,-0.420452,-0.126065,-0.0898486,0.0392489,-0.210766,-0.185568,0.154209,-0.372378,-0.0981827,1.05587,0.0382687,-0.00640811,-0.0145098,-0.407236,-0.452334,-0.0748356,-0.0629036,-0.0950842,-0.22079,-0.190727,-0.193431,-0.252037,-0.144925,-0.142161,0.0600552,-0.0761146,0.105939,-0.374077,-0.124823,-0.252722,0.0330448,0.0170364,-0.138861,-0.457428,-0.34329,-0.107282,0.00892388,-0.10389,-0.0732169,-0.099947,-0.113408,-0.0753687,-0.0855009,-0.0333879,0.237901,-0.193024,-0.0144846,-0.26582,-0.133716,0.0968877,-0.180758,-0.113296,-0.150434,-0.0564194,0.101621,0.0643888,0.0828413,-0.0352784,0.272657,-0.00125351,-0.132715,-0.119043,-0.0646606,0.00739287,-0.242948,0.0541211,-0.200023,-0.0559492,0.216688,-0.715684,-0.065724,0.00443389,-0.188429,-0.184672,-0.00966988,0.0990077,-0.126574,-0.323982,-0.118682,-0.146546,-0.14575,0.533351,0.2392,-0.133432,-0.197747,-0.27459,-0.431966,-0.0880645,-0.142303,-0.13834,-0.232982,-0.16886,
0.0867774,0.0437495,-0.00823536,0.00432265,0.0357169,0.0273347,-0.0771311,0.0113186,0.0204619,0.0579808,-0.0370819,-0.178367,-0.0692376,0.224527,0.0964012,-0.115073,0.0513722,-0.0297765,-0.0271593,0.0466639,0.0331307,-0.0640779,-0.0752735,0.0565942,-0.0540601,0.022938,0.165248,0.0161958,0.0637852,-0.00243969,0.0614234,0.0601822,-0.00914323,0.230344,-0.108981,-0.0804972,0.0567864,-0.170543,0.042988,-0.000994393,-0.165275,0.0532718,-0.0551788,0.147029,0.0639311,-0.0173561,-0.0303524,0.0960376,0.0900871,-0.119973,-0.133693,0.0229732,-0.115908,-0.00520008,0.0279629,0.0521224,-0.0339493,-0.109118,-0.049752,0.104302,0.138257,-0.13018,-0.00205474,-0.0723726,-0.191235,-0.101619,-0.179516,-0.127882,-0.155421,-0.0223786,-0.107337,0.144557,-0.0429561,-0.160793,0.0437441,0.158383,0.124479,0.0453089,-0.182751,0.0554691,-0.0285474,0.0166253,0.0910371,-0.146693,0.0379789,0.00301549,0.0664537,-0.0934962,0.0563943,-0.0215783,0.00718275,0.162401,0.116067,0.14638,0.0860934,-0.0787763,-0.165674,-0.0853969,0.0325109,0.0617308,-0.00423432,0.0864658,-0.0859662,-0.0522597,0.0132521,0.143251,0.0912344,-0.0183307,-0.127422,0.0365883,-0.0426039,-0.0365202,0.0432556,0.10661,-0.177954,0.0162247,0.0860687,0.185321,0.102032,-0.0454958,0.062698,-0.0499684,-0.131796,-0.0606064,-0.113114,-0.12985,-0.130881,0.0744295,-0.0312465,-0.114574,-0.0908844,-0.051048,0.0380328,-0.0302561,0.177216,-0.172875,0.00588533,-0.069501,-0.0285199,-0.0203343,0.0464735,-0.0737804,-0.0268444,-0.180734,0.0326699,0.111522,0.11935,-0.0810743,-0.163705,0.0216335,0.00891694,0.0482639,0.184405,0.103456,0.153546,-0.137195,0.00156774,-0.0406981,-0.107302,0.115905,-0.102895,0.0496039,-0.0280524,-0.128038,-0.0279641,0.0223796,-0.0844031,-0.0251849,0.0432293,-0.00175352,0.0591299,0.0145457,0.123224,0.14299,0.13391,-0.0617101,0.11533,0.0426863,-0.0743011,-0.136611,0.174929,-0.0301409,0.0202036,-0.0263768,-0.0427379,-0.0906262,-0.0549665,-0.0046343,0.104851,0.0691219,0.0227254,0.119508,0.0436804,0.0509897,-0.208918,0.0729123,-0.00310675,-0.0523614,0.0213632,-0.0561529,0.0451186,-0.0912327,-0.0663414,-0.0146663,-0.0372384,-0.0122653,-0.0403497,0.124937,0.202976,-0.00806824,-0.0648911,-0.185324,-0.0863859,0.0190497,0.00824526,0.00472086,-0.0641575,-0.107157,-0.100903,-0.128206,-0.145553,-0.11308,0.101297,0.0755396,-0.000144536,0.0517535,0.14474,0.253143,0.0367664,0.0371419,-0.0485574,-0.0370759,-0.0434078,-0.153529,-0.0574131,0.00562347,0.100118,-0.0806018,0.0233332,-0.0111833,-0.112896,-0.0274899,0.0901608,0.158648,-0.0845287,0.104118,-0.0212436,-0.0559679,0.0968195,0.192306,-0.1623,-0.15736,-0.0950474,0.057821,0.0980273,0.0126572,
-0.0846969,0.0018595,0.114157,0.0435275,-0.0306935,-0.124267,-0.014206,-0.0251345,-0.0213089,0.0309017,-0.0392828,-0.108063,0.0149743,0.0300741,0.0519436,0.105733,0.126261,-0.00744599,-0.0422494,-0.0937833,-0.00416089,0.0340572,-0.00951312,0.0474087,-0.0510709,-0.0326919,0.0668665,-0.0458941,-0.021658,-0.0449469,0.0232097,0.0536331,0.145921,-0.0968734,0.0132337,-0.0100579,-0.0487741,0.0472182,-0.0789159,0.0627309,-0.0767848,-0.0733339,-0.104054,-0.0257407,-0.102456,-0.0541288,-0.128331,0.017801,0.106341,0.0581505,0.0189757,-0.00142104,-0.00409635,0.0359911,0.0542666,-0.117931,0.0646249,0.095292,-0.0155902,-0.114004,0.031308,-0.0310619,-0.0932982,-0.0451937,0.095241,-0.0778498,0.0317302,0.116609,-0.0871858,-0.0536483,0.12048,-0.0815283,0.0918749,0.0608763,0.00606016,0.0189969,-0.136871,-0.0328026,0.0313496,-0.00414609,-0.0868581,0.0321216,-0.040451,-0.0990966,-0.0618152,0.0779028,0.162827,-0.0292404,-0.152187,-0.0567525,0.0834503,0.0449574,-0.107809,-0.0497954,-0.133905,0.0232115,-0.0778407,-0.00487362,0.0714388,0.107741,-0.0806376,0.00542758,-0.0297286,-0.185741,-0.156194,-0.0590582,-0.0187934,-0.0691281,-0.0856443,0.04772,-0.0370473,0.00940049,-0.141986,0.030559,-0.0777114,0.0549013,-0.0852456,0.0552647,0.0793148,0.00180086,0.117062,0.00486891,-0.13955,-0.0364881,-0.0883717,-0.0629895,-0.128462,-0.0104603,-0.0202219,-0.145197,-0.0280837,0.0108459,-0.0925276,-0.0559823,-0.0537545,-0.0458465,-0.00805093,-0.0917252,0.0422839,-0.129972,-0.118992,-0.13201,0.0782707,-0.0418635,0.0476966,-0.0885454,-0.219,-0.0523039,-0.144802,-0.0157028,0.100318,0.0459525,-0.0244342,0.012592,0.0710107,0.0254415,0.0527426,0.150345,-0.0658368,0.0879829,-0.0262123,0.021424,0.0834386,0.0377691,0.0350008,-0.0499951,0.0196156,-0.0312963,-0.0530846,0.0439788,0.0581157,-0.115889,-0.0514722,0.0257427,-0.0611167,0.187503,0.0472799,0.0757643,-0.0393944,0.0139341,-0.163085,0.0522292,0.00973748,0.0189537,-0.0207133,-0.0108942,-0.00501977,0.195842,-0.0299813,0.0675974,0.0287977,-0.189025,0.0798634,-0.0484186,-0.0716099,0.182382,0.102113,0.00674159,-0.103769,-0.121726,-0.11591,0.146395,-0.0158648,-0.173075,-0.0754426,0.00444225,0.0359474,0.00469593,-0.0410094,0.0636224,0.0394882,-0.0220141,-0.10664,-0.0882509,-0.0242369,0.236881,0.133673,0.0351017,0.00493631,-0.144538,-0.0345261,0.0243255,-0.052175,-0.144363,-0.153207,0.0108652,-0.179185,-0.0428148,0.0861489,-0.118677,0.0310078,-0.0767563,0.119265,-0.020633,-0.0141231,0.0235268,-0.0199,-0.062226,-0.0183678,-0.145802,0.00198128,0.0609659,-0.0974715,-0.0444648,-0.00453319,0.0029053,-0.082823,0.0837051,0.175702,0.0793237,0.062922,-0.00648957,-0.0720261,0.0844077,0.0439828,0.0606716,
-0.0529055,-0.190608,0.0267906,0.114902,0.00790588,0.000683259,-0.138994,-0.148224,-0.0104325,0.00508928,0.0403959,-0.0117824,0.0180633,0.00464213,-0.0646342,0.0877781,0.139,-0.114185,0.135602,-0.128743,0.0338289,-0.109707,-0.0376544,-0.0847163,0.0171764,-0.122458,-0.0635813,-0.0141659,0.0440258,-0.0130123,0.162681,-0.21014,0.0795487,0.0348432,0.0185977,-0.0837925,-0.176998,-0.0633798,-0.0675894,0.0484474,0.118586,-0.0221542,-0.131413,0.0704135,0.0791578,0.0756698,-0.160832,0.0240376,-0.0433245,0.0864493,0.0772607,0.0315376,-0.0623469,0.0880135,-0.15811,0.0908067,0.0213697,-0.0165959,0.00278236,0.0937317,-0.191887,-0.0913158,0.0426612,-0.000779683,0.189716,-0.0771127,-0.0415609,0.113382,0.0426328,0.2044,0.115026,0.155356,0.0696592,-0.0416618,-0.140963,-0.154217,-0.0467094,0.111103,-0.0412463,-0.0675859,0.0761336,-0.0222632,-0.0632856,0.0295357,0.0330455,-0.0801881,0.0430526,0.071385,-0.0209087,0.00904381,0.00358918,-0.0059836,-0.0116798,-0.0152691,0.0905043,-0.140604,0.123258,-0.0585743,-0.230571,-0.0113402,-0.0866597,0.0926557,-0.000247395,-0.189972,-0.211416,-0.247402,-0.0789375,0.0858483,0.0359252,-0.136551,-0.0738928,0.115375,0.0137187,-0.0494562,0.0186526,0.125986,-0.0394797,-0.151424,0.0255006,0.0545687,0.0321984,-0.068363,0.0432118,0.169961,-0.00461446,0.0394618,-0.0449145,-0.054234,0.0246928,0.00592529,-0.153591,-0.00753966,-0.083844,0.0638768,-0.0439636,-0.0609828,0.0314603,-0.0513651,0.0421447,-0.0985758,-0.101075,-0.00701191,-0.056926,0.12425,-0.10063,0.151059,-0.0797209,-0.116124,0.0723892,-0.0121328,-0.0165014,0.136228,-0.079877,0.0147287,-0.024839,-0.071018,0.0628618,0.072809,-0.13713,0.012568,-0.0864894,0.0790805,0.119659,-0.0422169,-0.00452444,0.1195,-0.249991,-0.0506644,0.0230641,-0.0729791,0.0316222,-0.0842886,-0.0488529,0.0866693,-0.0889429,-0.138563,0.0734673,0.0740167,0.180614,-0.105265,-0.0808438,-0.033945,0.00979857,0.0550628,-0.142601,-0.0727765,-0.126481,0.0344425,0.0601579,0.0829369,0.109001,-0.0671658,0.103431,-0.122671,-0.0292968,0.086421,-0.104634,-0.170656,0.092005,0.0107652,-0.190247,-0.203058,-0.180307,0.127309,-0.152279,-0.0755735,-0.082902,0.0647994,-0.182196,-0.076575,-0.0130507,0.0223756,-0.167385,-0.00544732,-0.0940496,0.0336811,-0.07234,-0.0227468,0.130301,0.0754386,0.13435,-0.0148641,-0.000919522,-0.036381,-0.0874251,0.0657773,0.0325162,-0.166366,-0.13321,-0.0901848,-0.0860175,-0.0742705,0.109824,-0.0672604,-0.0999451,-0.0188571,0.000706692,0.0776984,0.0768045,0.13623,-0.101192,0.0476013,-0.123031,0.0463671,-0.165262,-0.00568117,-0.0200937,0.0103672,0.0410889,0.105997,-0.0663512,-0.0544387,0.146037,-0.0931662,0.0323181,0.0173841,
-0.00723404,-0.192491,-0.070622,0.0845583,-0.050382,-0.143315,-0.0862269,0.057611,-0.0936404,-0.0454657,0.0402373,0.0625715,-0.052181,0.135476,-0.0288893,0.141972,-0.112136,-0.100375,0.0345648,0.12273,-0.0172997,-0.0481075,-0.00700006,-0.103697,-0.155178,0.0210817,0.129313,-9.58722e-06,0.0897073,-0.0361816,-0.0388012,-0.138341,-0.0464791,-0.130256,-0.0675631,0.048383,-0.0725441,-0.0903439,0.0572099,0.0248022,0.0927349,0.00932262,-0.0400737,0.00704765,0.0246371,0.0335833,-0.0323677,-0.103059,-0.0170677,-0.0126833,-0.0564743,0.0303781,-0.0396224,-0.236465,0.09319,-0.139462,0.140584,-0.00266763,-0.123171,0.0257248,0.0178293,-0.0891136,0.113937,0.0720783,-0.0259934,0.0211526,-0.113739,0.108516,0.222651,-0.04479,0.085995,0.0759806,-0.0257574,0.123903,0.0472157,0.0819503,-0.0327878,-0.0551335,-0.00153525,0.00871983,0.0333555,-0.0763602,-0.0586784,-0.0331546,-0.0986237,0.125954,0.0422544,0.0347424,-0.0452991,0.00453438,0.207228,-0.011925,0.0752324,0.0616546,0.0136807,-0.00883228,0.0584719,-0.0349236,0.0700331,0.122858,-0.0639038,0.147623,0.22222,0.0977477,0.0720943,-0.0230463,0.0773523,-0.0333785,0.0274344,-0.132228,0.0786424,0.13362,0.0204692,0.00013818,0.230235,0.0378442,-0.00336566,0.0516713,0.0447682,0.0160169,0.118021,-0.118854,-0.117435,0.0306939,-0.108712,0.00943789,-0.0014456,0.189504,0.0408664,0.0709589,0.0018154,-0.0992918,0.0405918,-0.0372229,-0.00416829,-0.000605626,0.123685,0.116772,0.082691,-0.0168922,0.13036,0.0670181,0.105723,-0.0496514,0.0297045,0.121183,-0.0121301,-0.116881,0.00163353,-0.029843,0.0411625,0.0317222,-0.0625465,0.125383,-0.0163431,0.0516716,-0.00127051,-0.00555644,0.0601723,0.0202354,0.107504,-0.0301438,0.03818,-0.12133,0.0149129,-0.00693561,0.058056,0.0505194,-0.172725,0.0736991,0.132013,0.0190325,0.0393166,-0.0143546,0.0412855,0.0308542,-0.145656,0.178078,0.0020745,0.138672,0.109623,-0.0613983,-0.0212877,-0.013857,-0.118642,0.0598289,-0.189037,-0.0041224,0.059422,-0.0272394,-0.0347993,0.102248,0.0688899,-0.00929503,0.136943,0.0243716,-0.178151,0.000745735,-0.172571,-0.121047,0.211955,0.0550689,0.106766,-0.0591496,0.00407397,-0.100193,0.132473,-0.033923,0.012645,0.102765,0.0291852,-0.0496799,-0.0503496,0.13818,0.182455,-0.0427495,-0.0891919,0.0517216,-0.213452,0.0468117,0.0922342,-0.0282327,-0.0589225,0.0203259,-0.167997,-0.0406482,0.119607,-0.0415251,0.0577002,0.0233226,-0.139343,0.00504538,-0.0836786,0.0814194,-0.0729926,0.181633,0.0525367,-0.00918837,-0.0344932,-0.128246,0.0715524,0.26661,0.0163247,0.138832,0.0310927,0.00552212,-0.00712848,0.0773185,-0.0703834,-0.00281593,0.0568578,0.0856776,0.0263558,0.13222,-0.0928517,-0.0725855,
-0.0085601,-0.0612574,-0.139398,-0.0514169,-0.158104,-0.0147554,0.0284919,-0.0753469,0.0900107,0.0491696,-0.0202654,-0.141057,0.0395596,-0.174472,-0.165169,-0.127091,0.148111,0.0896469,-0.0312729,0.0109975,0.0195093,-0.117578,0.175439,-0.0893046,-0.049621,0.00622399,-0.0853491,-0.180034,0.0824475,0.178577,-0.0757097,-0.194544,0.1231,0.0714042,0.0788748,-0.00519342,-0.199297,-0.136022,-0.0980522,0.0832096,-0.138343,-0.261811,-0.0996166,0.0111257,-0.0692286,0.00316837,-0.0495711,-0.0794479,-0.149372,-0.0384415,-0.138819,0.034392,0.0133425,-0.00741952,-0.0803811,-0.104021,0.0626957,-0.135499,-0.0684649,-0.0998545,0.0472896,0.0415005,-0.0030801,0.0455628,0.133716,0.0816213,0.106004,0.00160089,-0.0961656,-0.15627,0.105928,-0.0416245,0.0120175,0.0906271,0.0360091,-0.0171148,0.292163,-0.0284107,-0.0538194,-0.122258,0.0284592,0.00945835,-0.108519,0.0604671,0.0630145,-0.126252,0.00713513,-0.16197,0.0298615,-0.0781402,-0.0273802,0.0869988,0.0866401,-0.103256,0.069288,0.0161821,-0.0230594,-0.109365,-0.105383,0.115296,-0.131687,-0.119227,0.0356844,-0.0897469,-0.0181235,-0.181684,-0.00886189,0.261206,-0.117996,0.00216063,0.0518461,-0.197696,0.0405033,0.146005,-0.0287377,-0.0295672,-0.105041,-0.182754,-0.0469844,0.0968537,-0.0315447,0.0430745,0.0978134,0.0311755,0.00450544,-0.033009,-0.158584,0.0739897,-0.00353494,-0.115087,-0.22749,-0.15895,0.141568,0.0112548,-0.0555455,-0.109069,0.0763576,0.0657641,-0.00391355,0.0822312,-0.0872111,-0.0793373,-0.0712342,0.00156875,-0.0786521,-0.0581946,0.00389789,-0.0535641,0.0344218,-0.201173,-0.0025322,0.15037,-0.0429483,-0.0393162,0.0971296,-0.0166972,-0.0098198,-0.0013192,-0.0372246,0.0940896,-0.0768501,-0.0988854,-0.0985483,0.0615391,-0.0813743,-0.0599047,0.0395825,0.0126986,0.0902966,-0.13512,0.108824,0.0565542,0.0638584,-0.0939642,0.113813,0.0282894,-0.114931,-0.150422,0.0746187,-0.110633,-0.0735082,0.214,-0.0234684,-0.0230053,-0.0258281,-0.0955476,0.0815819,0.0726017,-0.133917,-0.00823656,0.00463603,0.0852838,-0.0406575,-0.124282,-0.000968235,-0.0781404,0.0436786,-0.0361123,0.104458,0.00147203,0.0211211,0.0106305,0.0446075,-0.200799,-0.155378,0.00169409,0.0679052,-0.0101274,-0.03944,-0.156221,-0.00317576,-0.00454035,-0.0399534,-0.055777,0.102716,0.117647,0.00222406,-0.0997974,-0.0558684,-0.0770159,-0.123746,0.0895276,0.0639228,0.25297,-0.0435629,-0.0658792,-0.0250001,-0.080693,-0.00169003,-0.0806711,0.116209,-0.0502845,0.102979,-0.226618,0.023421,-0.0463654,0.0827601,-0.00337726,0.103746,-0.0296369,-0.0887775,0.0219876,0.141176,0.0192612,0.113404,0.118487,-0.0488111,0.0087328,0.13778,-0.00606641,0.0217225,-0.123238,0.0381684,0.206226,-0.0510775,-0.125886,
0.0491213,-0.132233,0.111629,0.20852,0.076427,0.0521614,-0.112304,-0.0183737,-0.171167,-0.0906162,-0.102404,0.139299,-0.0761632,0.0308091,-0.298312,-0.00535834,0.0413683,-0.166964,0.0430852,0.0699032,0.0264251,-0.123384,-0.00412376,-0.129867,-0.0178721,-0.0979715,0.0707203,-0.0682834,-0.0479297,0.0209085,-0.108732,-0.00325366,-0.146851,0.0277243,0.0123447,-0.0749063,0.102857,0.12477,0.00827815,-0.0624972,0.129776,-0.08383,0.0538857,0.177401,-0.0403593,-0.0850514,-0.0420862,-0.0324277,0.0442229,0.000774977,0.00507601,-0.127336,0.0958224,-0.0683183,-0.0330983,-0.119963,-0.0515026,0.104776,-0.00950832,-0.0188309,0.101557,0.0342995,0.00337421,-0.0971976,0.0821588,-0.217258,0.00980163,0.240908,0.00491353,-0.144839,0.0131976,-0.0672616,-0.167035,0.100229,0.0756729,-0.0568877,-0.170098,0.0250616,-0.0231433,0.151289,-0.114818,-0.227339,0.0241367,-0.13083,-0.245295,-0.0301748,0.0538739,-0.0714644,-0.122244,-0.00969622,-0.0466176,-0.0511823,-0.0174515,-0.146273,0.0338529,-0.089041,0.00834354,-0.192235,-0.0576604,0.145572,-0.0674901,-0.180729,0.113376,-0.0889236,-0.0350703,0.0119351,-0.132023,0.132137,0.159561,0.0791147,0.0927881,-0.033431,0.153065,0.236796,0.0426217,-0.0323849,-0.0386886,0.0435884,-0.154788,-0.0265975,-0.0861179,-0.0277017,0.0423057,0.0446571,-0.0803569,0.0227162,-0.0453916,-0.0214424,-0.12307,-0.14317,-0.00517281,0.0554904,0.145148,0.0947751,0.000691453,-0.147446,0.0473429,-0.00738717,-0.0857055,0.0433658,-0.0427657,0.0370389,-0.0412964,-0.119322,0.000130347,0.0919188,-0.0408144,-0.133925,0.160142,-0.0797716,-0.104287,0.00895002,-0.156101,-0.173326,0.0699061,-0.0938224,-0.0732158,-0.0510077,-0.0799953,-0.174074,0.099939,-0.0680072,-0.0112313,0.0628359,-0.0523619,-0.00742317,0.140277,0.107219,-0.0729037,0.102622,-0.137156,-0.116131,-0.149509,0.19932,0.0526788,-0.128091,-0.137586,-0.0808918,-0.0483155,-0.0505099,-0.100752,0.00130972,-0.133462,-0.124533,0.0328776,0.0208031,0.0735456,-0.176519,0.0322239,-0.066236,-0.127499,-0.0135776,-0.0172109,-0.0500528,-0.0491838,0.0365742,0.0254456,-0.0459106,-0.128451,0.0238803,0.147344,0.241065,-0.0260065,-0.0715623,-0.0444747,-0.199606,0.0239407,-0.0657671,0.121765,0.0956952,0.102411,0.0138845,-0.052457,0.0243437,-0.224937,-0.00114272,-0.127228,-0.0861168,0.00473902,-0.0367016,-0.0823598,-0.101384,-0.00703187,0.0432175,-0.0521387,-0.105063,-0.0712041,0.0400651,-0.119257,-0.0584547,-0.0517505,0.067087,0.0155321,-0.160574,-0.0598944,-0.13397,-0.154789,0.12292,-0.0738166,0.0871349,0.0798619,-0.0315737,-0.0246947,-0.133629,0.0463079,0.00887332,-0.130613,0.0117383,-0.10611,-0.0585241,-0.131964,-0.0457036,-0.00841015,0.0954311,-0.024206,0.0332853,
-0.0935412,-0.13665,0.0376223,0.0988225,0.0384142,0.00607118,-0.143718,0.0173456,0.00117723,-0.130598,0.181582,-0.0112084,-0.103641,-0.155962,-0.0359565,-0.0115721,0.0856364,-0.138043,0.0832907,0.0127052,-0.106765,-0.00442632,-0.0692998,-0.0961161,-0.113182,-0.169099,-0.17404,-0.279842,0.023107,0.0143666,-0.0428858,0.0390894,-0.0673392,0.189364,-0.0365423,-0.00401022,-0.0670322,-0.125528,-0.0538683,0.0647629,-0.0499716,-0.0983928,0.0462619,0.0486372,-0.0951232,-0.0670859,0.051046,0.0341062,-0.0923648,-0.197405,0.101299,0.021095,0.0270832,0.0687739,-0.0113642,-0.0871989,-0.0349725,-0.136211,0.0792554,-0.0233747,0.0537777,0.00729862,-0.0970426,-0.0910825,0.11883,0.00455535,0.0807703,0.149932,0.0406385,-0.00363497,0.00453894,0.0618053,-0.0202902,0.00888525,0.0845084,0.172916,-0.0140261,0.00272891,-0.021118,0.115713,0.00959664,-0.00525754,-0.02667,-0.0988238,-0.0373015,-0.00342814,-0.110273,0.109382,0.205867,-0.0401633,0.132601,-0.0603339,0.0486361,0.0200764,0.00683432,-0.105194,0.0846778,-0.205833,-0.116536,-0.112564,0.0216773,0.109281,0.0435175,-0.0273081,0.0507016,0.0454962,0.0694114,0.100894,0.155896,-0.0312868,-0.0590848,0.0185144,-0.0652218,-0.156376,0.0144622,0.0459294,-0.0273939,0.0709197,0.161368,-0.00421312,-0.00438264,-0.0120397,-0.0279456,-0.00706986,-0.0366486,0.00511489,0.120277,0.0118318,0.0828864,-0.00249924,0.0120325,-0.129973,0.101805,0.0786942,-0.0483686,0.00121693,-0.0998431,0.00924778,-0.132148,-0.0912473,0.00278237,0.0504534,-0.000574261,-0.034783,0.0379996,-0.10856,0.202429,0.0308109,0.147006,-0.127018,-0.0100899,-0.124407,0.111825,-0.112812,-0.0598142,-0.0507246,0.0253119,0.0101506,-0.210102,0.278077,-0.0239533,0.110395,0.0362372,-0.0500383,0.122477,-0.0338719,-0.075848,0.0304796,-0.0799634,-0.0327818,0.0542612,-0.0501697,0.0114569,0.0777304,-0.0778219,0.124908,0.0837875,-0.0421454,0.0194132,0.224874,-0.148308,0.0322983,-0.0610199,-0.0647285,-0.141199,0.0933641,-0.00590627,0.0527834,-0.178989,-0.0835178,0.114785,0.0264001,0.0410375,-0.148139,0.0287203,-0.0153361,-0.0765398,-0.0430665,0.0538879,0.0610185,-0.173322,-0.0315433,0.00730058,-0.0719758,-0.11171,-0.00115185,-0.159794,0.0216344,0.0258279,-0.0684629,-0.106418,0.0375016,0.0945679,-0.136974,0.055958,0.021874,-0.0149462,-0.0391213,-0.0267802,-0.0667631,-0.0227102,0.191453,-0.000898187,-0.0170833,-0.00650318,0.0695108,-0.0211875,-0.0300115,-0.121422,0.0361575,-0.0881551,-0.0532226,-0.105437,0.00328827,-0.0135672,-0.00959408,-0.150037,-0.0084255,-0.00649244,-0.046945,0.0849577,0.0756994,-0.0415161,0.018004,-0.0534959,-0.0740765,-0.217562,0.0741728,-0.1489,-0.0718334,-0.188727,0.056464,0.102,-0.0469623,0.100722,-0.0289811,
0.00633036,0.174221,0.0641612,-0.0405258,-0.0684668,0.149665,-0.0289362,-0.144954,0.139332,0.0120381,0.0983347,-0.023915,0.161327,-0.0140218,0.0725128,-0.114709,-0.0148427,0.0660328,0.0594229,-0.0800875,0.195761,0.150226,-0.0340527,0.149335,-0.0432371,-0.0986773,-0.0378116,-0.0408447,0.120642,0.0751545,-0.0768434,0.0404614,0.10477,0.144001,-0.0949084,-0.000450126,0.0712662,0.107457,-0.102759,-0.0455079,0.144426,0.0945335,-0.0230325,0.106886,0.0105453,0.0521207,-0.064072,0.00608535,0.212541,0.0223551,0.101136,0.0559658,0.0842086,-0.0620144,-0.0648307,-0.0996404,0.205285,0.0237936,0.104626,-0.0476344,-0.00347592,-0.111505,-0.0606994,-0.0296036,-0.104367,0.0585723,-0.0205208,-0.0320237,-0.0758359,0.0287884,-0.0983275,0.118528,-0.0835134,0.0642377,-0.0597877,-0.0394832,-0.132108,-0.0797739,-0.0861054,0.0391327,-0.0387618,0.0195197,0.00573955,-0.0119121,-0.0246622,-0.036044,-0.0792096,-0.0531498,0.0556302,-0.0586073,0.0480798,-0.0554024,-0.00303313,0.0117553,0.0602104,-0.152893,-0.0631391,0.0131536,-0.0501178,0.125215,0.0263153,-0.015763,-0.00873099,0.0295341,0.0288407,-0.137348,-0.169147,-0.0222021,0.0648743,0.0173043,-0.0913205,-0.265806,-0.19438,0.0878076,0.0309635,-0.0132354,0.00226457,-0.0491168,-0.21328,-0.107017,0.000362954,-0.0514273,0.0203697,-0.0601758,-0.0604817,0.0423573,-0.137627,-0.261651,-0.00955252,-0.13002,-0.00786717,-0.0873219,0.0676022,0.00807413,0.0727524,0.0322272,-0.0414606,0.0296716,0.229649,-0.0583324,0.0939292,-0.0227367,-0.0995714,-0.0177113,0.0331615,-0.0895573,-0.0260428,-0.0411921,-0.032552,-0.0650951,0.0262471,-0.118632,0.0809282,0.027129,0.0476558,-0.0877403,-0.0167896,0.0688915,-0.0690775,-0.0672132,0.159733,-0.0014201,0.108443,-0.120722,-0.00677027,0.0182287,-4.5126e-05,0.0258116,-0.0337913,0.0468199,-0.0658613,-0.0265897,0.168593,0.095429,-0.0705064,0.037355,-0.141181,0.0586265,0.072247,0.0416426,-0.0499816,-0.0055174,0.0613524,0.151303,0.0715773,-0.00245505,-0.0585041,0.0359692,-0.116916,0.0345705,-0.0529423,-0.0685753,-0.0788976,0.189105,-0.136769,0.0254536,0.108942,0.00206495,0.0304494,0.0790678,0.0945296,-0.132462,0.0482962,0.0734387,-0.0881417,-0.0480886,-0.115278,-0.0222518,-0.0349133,0.0239067,0.0441037,0.100858,-0.0792733,0.0171949,-0.141536,0.0738825,-0.0856118,0.00303783,0.0138669,-0.0416209,0.131751,0.0708006,0.0559246,0.00936055,-0.0188127,-0.0077311,0.0660944,-0.00887728,-0.0577736,-0.0703953,0.0951723,0.0210613,-0.0397797,0.0543284,-0.146185,-0.00269946,-0.0786034,-0.112592,-0.0758963,0.0868736,0.180709,0.116121,-0.0721341,-0.0852746,-0.0274619,0.0907729,0.0677453,-0.0405797,-0.0398514,0.122638,0.00107396,-0.0353003,0.00620317,-0.0601431,0.200842,-0.152529,
0.144528,0.276107,-0.253257,-0.0216419,-0.0108076,0.0378577,0.156576,-0.0661167,-0.0554454,-0.066264,-0.00622251,-0.195244,-0.0550039,0.0311754,0.198858,0.0805147,-0.150667,-0.203837,-0.00403083,-0.113546,0.024244,-0.108239,-0.0196964,0.209566,-0.0935598,0.0125184,-0.0528873,-0.00817414,-0.047845,-0.0458036,-0.176388,0.263375,0.328436,0.0447481,0.0855069,0.303535,-0.0534408,0.115673,-0.0166352,-0.0193788,0.151591,0.197971,0.172485,0.0456799,-0.10184,-0.272828,-0.097122,0.101088,0.0438164,0.0931594,0.154199,0.102476,-0.111441,-0.209339,0.00777714,0.113534,-0.0281295,-0.0396167,-0.0166434,0.0289553,0.00653224,-0.0122551,0.0463095,-0.024492,0.159073,0.0543807,0.0785533,-0.252656,0.154078,0.212981,-0.197237,0.315351,0.0359944,-0.0644587,0.038833,-0.0244326,-0.248953,0.0320441,0.0339161,-0.0699493,0.0656202,-0.00965972,0.0819914,-0.0309646,0.158746,0.112334,0.0288395,-0.106263,-0.181676,0.0498099,0.0478926,0.00341052,-0.046283,0.0574186,0.121294,0.151692,0.0514474,-0.0149155,-0.0963099,-0.180039,-0.0523418,0.086634,-0.0807734,0.278086,0.00314056,-0.396795,-0.0965309,-0.135576,-0.0596665,0.0255588,0.0543895,-0.178413,-0.0652472,-0.133899,-0.0708206,-0.091388,-0.0319558,0.0273981,0.0322223,-0.24146,0.168561,-0.112271,-0.0757868,-0.126261,0.0409998,-0.0274918,0.102031,0.130565,-0.0608249,0.00660601,-0.196456,-0.0410238,0.0607944,-0.0629039,0.0326458,0.0903541,-0.0984964,-0.0280794,0.106865,-0.119033,0.28876,-0.0454297,-0.136451,-0.00145112,0.0833797,0.0967932,-0.00229851,-0.0522546,0.0366914,-0.236963,0.0403423,-0.0549271,0.0123199,-0.0737646,-0.0345259,0.0886789,0.213869,0.0267393,0.0475723,-0.0129946,0.0421125,0.0299806,0.0175293,-0.0779508,0.11687,-0.141823,-0.19579,0.0892575,0.0710752,-0.0478171,0.124704,-0.170509,0.0344562,-0.119235,-0.00476572,0.0173455,-0.203478,0.137857,-0.0328011,0.0230833,0.0841618,-0.0447589,-0.164659,0.0499989,0.0692146,0.135991,0.0609856,0.013937,-0.107457,-0.185064,-0.093652,0.0494055,-0.0475495,0.092457,-0.0792379,0.159226,0.113711,0.107046,-0.08317,0.0907734,-0.0370993,-0.0144797,0.0863672,-0.115857,-0.189835,-0.00839722,-0.0562627,0.0888475,-0.160186,0.116804,-0.1549,-0.126774,-0.207771,-0.116815,0.00213351,0.060167,-0.108241,-0.100039,0.124134,-0.120512,0.0918345,0.0064303,-0.256218,-0.136697,-0.000598372,-0.105506,0.286475,-0.0323604,-0.282508,-0.117986,0.178283,-0.00212257,-0.224713,0.33432,-0.0531394,-0.00528698,0.0156299,-0.243624,-0.173842,-0.0889733,0.0292502,0.232811,0.125704,0.0881257,0.0899942,-0.429241,0.035417,0.0421125,0.00868116,0.23901,0.218683,0.0560203,0.0576368,-0.0993283,0.0120398,-0.122404,
-0.056887,0.250426,-0.108043,0.0547406,0.155226,0.0720804,-0.0361682,0.0360482,-0.00999438,-0.00643941,0.137264,0.0860202,-0.00619571,-0.0202422,0.0697051,0.0996118,0.0164427,-0.0558905,0.0357017,-0.241226,0.016984,-0.101857,0.0313493,0.056649,0.0446584,-1.10243e-05,-0.138926,-0.122221,-0.0934275,-0.089378,-0.0248529,-0.0370902,0.0640522,-0.0613915,-0.032329,0.0788366,0.0387545,0.0645892,0.129314,0.0350738,0.0300606,-0.0322784,0.0276463,0.191385,-0.0566814,0.155313,-0.117175,0.143515,-0.183423,-0.00597962,0.162992,0.0375908,0.118392,0.0212962,0.145699,0.00555074,0.011364,-0.09666,0.025902,0.0737589,-0.140151,-0.0783063,0.147983,-0.0519642,-0.102483,-0.0925413,-0.0453109,0.0286256,-0.0399311,0.020073,-0.102287,-0.0346585,0.00891287,-0.0499187,0.0768607,0.0492356,-0.154277,-0.00105163,-0.0638012,-0.0436483,0.00661116,0.0192237,0.0650622,0.145419,-0.0963039,-0.15751,-0.00375803,-0.0947,0.0521483,-0.177013,-0.0546807,-0.0558625,-0.0303709,-0.0183277,0.120474,0.00513521,0.0438792,0.00745049,-0.0123308,0.012376,0.0214699,0.0189546,0.150596,0.0869648,-0.0739888,0.082985,-0.00553226,0.208987,0.135585,-0.00976188,-0.000453583,-0.109768,-0.0229061,0.115807,0.160456,-0.14878,0.0114504,-0.0585006,-0.0311986,-0.0619942,0.132094,-0.110931,-0.15691,-0.0101032,-0.166004,0.148037,0.161144,0.0475505,0.0342393,-0.0721304,0.0333664,-0.0364812,0.0393233,-0.0403804,0.011504,0.0421908,0.0131087,-0.0874217,0.00390789,0.0773313,0.119431,0.109407,-0.0224108,0.0269631,-0.00737844,-0.172351,0.0431366,0.123762,0.0663348,-0.224537,-0.00629626,-0.0726305,-0.0945724,0.0157898,-0.0733745,-0.0963568,0.105343,0.173352,-0.0684484,-0.0942937,0.0719134,0.0559117,0.0911175,0.0977869,0.0339525,0.160598,-0.0105198,0.123713,-0.00250027,-0.188955,0.0802427,-0.052468,0.0430414,-0.0184852,-0.0279192,-0.107275,-0.165717,0.0109157,0.129515,0.00729146,-0.00536107,0.0642904,-0.086051,0.0305091,0.062305,-0.103506,0.0440431,-0.104356,0.0778867,-0.0339073,-0.0139664,0.07262,-0.0817036,0.212797,0.0734305,-0.101295,-0.0463186,0.0925133,-0.100734,0.0672563,-0.0516102,0.0127519,-0.016982,-0.0376241,-0.0890301,-0.127175,0.0408522,-0.0511901,-0.128875,0.213829,0.102757,0.050401,-0.238345,0.235558,-0.0568156,0.00456075,-0.125596,-0.0583211,-0.0211174,-0.0260236,0.0982449,0.0160728,0.0872718,0.04833,0.0283375,0.0783194,-0.000734983,0.0672391,-0.0746398,0.0622643,0.0508444,0.0404262,0.0790587,0.0757725,0.0337535,0.0296413,-0.020805,-0.0555254,-0.0839375,-0.0301089,-0.0231775,-0.0162301,-0.127416,0.00501683,-0.0422629,0.0725486,0.0266054,0.0540047,0.125451,0.0507326,-0.00568999,0.0351096,0.134713,0.0972293,-0.0358463,-0.075039,
0.0131037,0.103784,0.0719697,0.0894501,-0.050935,0.0767254,-0.126312,-0.0542631,-0.0775017,0.0450616,-0.147101,0.0665429,0.138092,0.0535346,0.0538693,-0.045223,0.0339504,-0.0339787,-0.0509297,-0.116639,-0.127586,-0.0286943,0.107545,0.130002,-0.0770219,-0.0260663,-0.0744413,-0.0366771,0.0681253,-0.0381082,-0.0217746,-0.0652972,-0.183875,-0.0137913,-0.100293,-0.0863266,-0.0784747,0.125341,0.171534,0.045288,0.0174708,-0.0516555,-0.09812,0.0391125,0.0376295,-0.156247,0.0992752,-0.015245,0.0366715,0.000912037,-0.0725822,-0.05149,0.0104405,0.00585588,-0.0942673,0.113357,0.0757524,0.10849,-0.0285184,0.110551,-0.0606263,-0.0307779,-0.0958931,-0.104203,-0.125992,0.0206484,0.0261349,-0.088922,-0.113152,0.0443018,-0.125216,-0.0385894,0.0832702,0.224527,-0.104545,0.00101056,-0.0393174,0.000513808,0.152493,0.0800959,-0.0649052,-0.0410419,0.104638,-0.175166,0.0951365,0.0931948,0.16832,0.0675327,0.0270585,-0.0126621,0.103255,0.0396857,0.0363045,-0.148292,-0.0538719,0.0148723,0.121592,-0.0203621,-0.139504,-0.174738,-0.104151,-0.122314,0.109189,-0.0327503,0.210202,-0.119078,-0.0389851,-0.0414679,-0.0630155,-0.130129,-0.120891,-0.106986,-0.0546947,0.211347,-0.179009,-0.0385776,0.137387,-0.150362,-0.0179472,-0.131271,-0.0659829,-0.0626632,0.00598732,-0.0183842,0.0569627,-0.0678733,-0.0969159,-0.065944,-0.0841539,0.0636527,0.121045,0.0227707,0.0901647,0.00065043,0.019649,0.0767853,-0.0704916,0.0516989,0.0678991,0.155431,0.0140246,0.0119306,-0.170093,0.0696351,-0.0122734,0.183355,-0.131472,-0.0638293,-0.0751636,0.154019,-0.0277369,-0.155179,-0.0120251,-0.106724,0.00543294,0.0548388,-0.125215,0.0148926,0.136723,-0.0476742,0.141912,-0.0188195,-0.0952057,-0.0102053,0.0692729,-0.0392135,-0.0368945,0.0472998,-0.0288697,0.0440163,0.0864683,-0.173842,0.0241683,-0.0163915,0.0907814,-0.0222181,0.0620216,-0.0984579,-0.0397991,0.123261,-0.0221887,-0.0642431,0.0367641,-0.00873296,0.137299,-0.0522976,-0.0179003,-0.0424772,-0.0304291,-0.0830193,0.00737795,-0.16198,-0.110807,0.0147007,0.106235,-0.140232,0.159532,-0.0826928,0.0648465,-0.0433252,-0.000631844,0.0511313,0.0067744,0.114169,-0.0168424,0.0146804,-0.112611,-0.100418,-0.0292093,-0.0497457,0.0341086,0.0334783,-0.029964,0.0232333,0.0461564,-0.174868,0.00796796,0.0196995,-0.056337,0.0687556,-0.00329299,-0.0133641,-0.114346,-0.0928034,0.0218608,-0.0239092,0.0843848,-0.125042,-0.119361,0.158451,-0.0960999,-0.221849,0.106788,-0.00532512,0.0709229,-0.0747676,-0.00838094,-0.145676,-0.0997666,-0.0795951,0.0185052,0.0616892,-0.07957,-0.153192,0.208975,-0.07043,-0.0214289,0.177117,-0.0169056,-0.0487999,0.0132415,-0.0999864,0.142513,-0.168561,-0.0489917,-0.0177437,
-0.0666443,-0.0593374,0.0602713,-0.00672641,-0.0526378,0.0991743,0.0436882,-0.17051,-0.169614,-0.0784038,0.125578,0.0393108,0.110548,0.0594762,0.00672503,-0.01958,-0.124197,-0.00641928,-0.167031,-0.115801,-0.0507846,-0.156449,-0.0252032,-0.0687446,-0.0375787,-0.0323582,-0.0116501,0.0763104,-0.128916,-0.0278932,0.122391,0.0259378,0.0745467,0.0665421,0.110583,-0.0928974,0.0386595,-0.139841,0.0333452,-0.0364752,-0.0567385,-0.200467,-0.177417,0.126784,-0.0978568,-0.129379,-0.0195174,0.0785772,0.100162,-0.0129247,-0.016647,0.0836842,-0.0981744,-0.0775861,0.0100854,-0.0805341,0.140271,0.113539,-0.0381427,-0.0386312,-0.0549588,-0.0772245,0.0477321,0.122076,-0.0051648,-0.0801214,-0.0506758,0.0717653,-0.000575936,0.0473275,-0.0651787,-0.0185714,0.0247441,-0.222489,-0.138024,0.0979435,-0.064668,0.0823377,0.0756025,0.070808,-0.0173693,0.0149858,0.0757793,0.021072,0.0947754,-0.00383979,-0.170122,-0.0394725,-0.0215727,-0.0972067,-0.0661402,-0.207578,0.00297181,-0.0988577,0.133686,0.0097729,-0.112553,0.0174904,0.114842,0.143765,-0.0973058,0.0387373,-0.0948744,0.00818487,0.104097,-0.196934,0.0652053,0.036407,-0.059623,-0.175465,0.0468051,-0.10153,-0.137901,0.0644638,0.0100774,0.0331337,-0.0302774,0.135516,0.108389,0.0163457,-0.0545509,-0.144574,0.0326024,0.0364154,0.158184,-0.0438726,0.0863679,-0.0105211,0.0230658,-0.0585579,-0.0127372,0.0284583,0.219732,-0.145882,-0.082863,-0.0359196,-0.126514,-0.171626,-0.196833,0.0526535,0.00333383,0.0675984,0.0716791,0.00290767,-0.0950179,-0.00948558,-0.143404,-0.140158,-0.031266,0.0845845,-0.0561947,0.0929286,-0.0236071,-0.140149,-0.0218657,-0.00612867,-0.0119815,-0.0341344,-0.00219995,0.0509475,-0.0330528,-0.0923912,0.144668,0.105321,-0.0759364,0.152753,-0.139994,-0.0513234,0.00323099,0.0266083,-0.0925328,0.0263938,-0.00750461,-0.0243978,0.130354,0.065983,-0.00262387,0.105183,0.0448155,-0.0213553,-0.127765,0.170291,-0.0208302,-0.179543,0.107229,-0.0697506,0.0457625,0.0486781,-0.0883994,0.039648,-0.0554875,0.0318337,-0.0869842,0.0715663,0.0473337,-0.0809271,0.0871667,-0.0135993,0.0542572,0.0932614,0.0559696,-0.00713565,-0.0194709,-0.171514,-0.00580101,-0.0568587,0.032084,-0.166192,-0.00825864,-0.0337405,0.0615449,-0.122285,-0.0835058,0.164147,0.0264992,-0.0219392,0.0609936,-0.0474405,-0.125791,-0.00680696,-0.0668658,-0.17125,-0.0202372,0.0315929,-0.0204234,-0.0229429,-0.00426007,0.102749,-0.0700636,0.0134198,0.0570517,-0.0476764,-0.0405956,-0.0466834,0.0835044,0.107226,-0.11861,-0.0555282,-0.0711804,-0.120996,-0.091378,-0.026691,-0.00724515,-0.212147,-0.0615581,0.0978598,-0.0338134,-0.090809,0.0353283,0.0437616,0.0745316,-0.0171573,-0.0392358,-0.0932608,-0.0564051,-0.0171867,
0.0459691,0.0550188,-0.0600842,0.0898425,0.059905,-0.0830059,0.0293599,0.0542054,-0.0543629,-0.213607,0.00311764,-0.0637261,-0.0100341,-0.134615,0.0533064,0.0311759,0.00210662,0.0493805,0.030545,-0.0656507,-0.0043139,0.070093,-0.0947516,0.0708932,-0.0317617,-0.0176129,-0.00137163,-0.0391839,0.1941,-0.112785,0.0265165,0.137185,0.10405,-0.0144835,0.146902,0.00464115,0.0197544,-0.120727,0.0175386,-0.0747901,0.104689,0.0614148,0.103724,0.000378344,0.143233,-0.115355,-0.00575435,-0.0543011,0.0650003,-0.115425,-0.0107089,-0.06085,0.0742162,0.0635287,-0.0283645,0.110379,-0.00733411,-0.101257,-0.131772,-0.0541322,-0.14216,0.0869547,0.0229369,-0.0358177,0.1269,-0.0320566,0.0704469,0.187655,0.043478,0.103541,-0.00701482,0.0133411,0.0193901,0.0337888,-0.116744,0.000641346,-0.070881,0.218235,-0.0253987,-0.177383,0.00879912,0.177804,-0.127713,0.12925,0.0381908,0.135254,-0.00189422,-0.147864,0.23144,-0.0835821,-0.118427,-0.266493,-0.034381,0.0853694,0.185138,0.0700686,0.0339584,0.098039,0.007876,-0.045994,-0.186145,-0.124778,0.0425549,0.0116983,-0.0381219,-0.140599,0.0706507,-0.0596831,-0.0027027,0.0892167,-0.0201473,0.0274202,-0.109514,-0.145112,0.0180591,0.0984924,-0.000918854,-0.0386222,-0.030315,0.0154235,-0.0331994,-0.000977893,0.0348942,-0.0205139,0.0147096,0.0302839,0.0555068,0.104692,-0.187929,0.156077,0.0904327,-0.11916,-0.156656,-0.0390037,0.0040615,-0.0885171,-0.0190574,0.0310734,0.0835199,-0.074807,0.111302,-0.0341522,0.0509252,0.0750282,0.0727261,-0.13137,0.0425153,-0.128077,-0.126344,0.041742,-0.0814097,0.140463,-0.149401,0.0116992,-0.00296132,-0.0508554,0.0452706,-0.0270853,-0.00653424,0.197633,0.269088,-0.151828,-0.107298,-0.0592592,0.0332125,-0.0943326,0.021821,0.116929,-0.0354449,0.0286758,0.013637,-0.180834,0.177002,0.0278344,0.0243892,-0.00113111,-0.0724153,0.127554,0.0487079,0.0298551,-0.00560448,0.0465915,-0.0207696,0.0476487,-0.0164033,-0.165027,-0.119459,-0.0818587,-0.106547,-0.0149707,-0.130933,0.103097,0.123106,0.224398,0.0721,0.0404413,0.0433552,0.0781047,0.00281536,0.116623,0.0539839,-0.0140066,-0.0668278,-0.0367886,-0.037656,-0.0503829,0.094377,-0.0276243,-0.0401909,-0.088692,0.0840527,-0.0939128,-0.0763191,-0.108914,0.112245,-0.0142853,-0.163883,-0.0221973,0.0458723,0.0430341,-0.0227206,-0.050698,-0.0474297,-0.0031329,0.109129,-0.105184,0.0657062,0.0809084,0.034849,-0.210622,-0.0496288,-0.087216,-0.0556316,0.102216,-0.0387994,-0.0203879,0.0137868,0.129431,-0.0432692,0.00462143,0.0533677,0.0913166,-0.0458231,0.0558223,-0.0854473,0.162939,-0.11747,0.045542,0.0625385,-0.0367717,0.0513928,-0.185592,0.0516831,-0.0406654,0.0140145,-0.191657,
-0.0239335,-0.0160476,0.0347704,0.018627,-0.115443,-0.105307,-0.146079,0.0281598,0.118046,0.0154614,0.0388583,0.0785593,0.200202,0.0973866,0.0486887,0.0997022,0.0418525,-0.065746,0.0695818,-0.254434,-0.146846,0.0308349,-0.00177098,-0.230949,0.0241723,-0.0361877,-0.150118,-0.120991,-0.151108,0.0809201,-0.0552985,-0.0918032,0.0578917,-0.0945598,-0.0282422,-0.109314,-0.0491205,-0.0217983,-0.0106194,-0.0988553,0.00978571,-0.0199172,0.090323,-0.00139071,0.116847,-0.0026551,-0.108574,0.0407768,-0.0407081,-0.0271142,0.110112,-0.0181327,-0.0627493,0.0883034,-0.111666,-0.190066,-0.0900917,-0.0859886,-0.00717446,-0.0734632,0.115416,0.151869,-0.0186602,0.0270705,0.000843117,-0.0443203,-0.0555617,0.0843377,-0.0418865,-0.0446462,0.0201729,0.122934,-0.089213,0.00365037,-0.0949094,-0.0218825,0.0982579,0.0666615,0.0332557,-0.0107797,0.0164459,-0.135141,0.0434044,-0.0909216,-0.00236634,-0.0352905,-0.0127799,0.0245865,-0.173322,0.0468258,0.0429353,-0.0418261,-0.23946,0.0108887,0.0196408,0.040395,0.010322,0.0325686,-0.097079,0.0247981,-0.0563171,0.0614339,-0.072992,-0.265098,0.158466,0.0676652,0.021472,-0.129356,0.116748,-0.0535498,0.00707108,-0.139081,-0.0453691,0.0683308,-0.107559,-0.0220065,-0.0817479,0.0858068,-0.0451094,0.048171,0.010061,0.0881459,0.141461,-0.11872,0.119011,-0.0137725,0.0655321,-0.136063,0.105613,0.208592,-0.0813791,-0.0487387,-0.133761,0.129379,-0.0610823,-0.0841499,-0.168994,-0.00896564,-0.0327614,0.11512,0.0610756,-0.116611,-0.0490863,0.0434415,-0.0295732,-0.028681,0.0424238,-0.0638778,0.0202069,-0.0798338,0.00661584,-0.0527806,0.156677,0.103104,-0.128769,0.0232361,-0.123701,0.0698791,0.0702129,0.112841,0.0323145,-0.0229462,-0.0170159,-0.0674952,-0.00774058,-0.162934,-0.0782181,0.0212529,-0.0636048,-0.0707442,-0.055502,-0.0296632,-0.071298,0.0038312,0.0270852,0.291173,0.0820015,0.0738536,-0.040817,0.0111975,-0.0892226,-0.0527692,0.0712241,0.0679135,0.0577111,-0.148422,-0.100749,0.00312465,0.0608772,-0.00845383,-0.0702335,-0.0682523,0.0719353,0.0693133,-0.0618261,-0.152743,0.138418,-0.00837285,0.0317451,0.037433,0.0507462,0.0692456,0.00328114,0.038417,-0.0884342,-0.171056,-0.0267581,0.0635603,0.0262974,-0.0336974,-0.125018,-0.141613,-0.0644138,0.00598683,0.00626404,-0.099848,-0.0581999,-0.101119,0.0298713,-0.00100361,0.0724897,-0.0879894,-0.00876769,-0.11332,0.0596588,0.0952602,-0.0970066,0.0460715,0.115823,-0.00115495,-0.067214,-0.174919,0.112895,0.0754478,-0.151728,0.0372605,-0.0517109,-0.0212909,0.0160371,-0.0341917,0.150638,-0.300453,0.046578,-0.0644127,0.02057,-0.0189706,0.0823453,-0.076882,-0.0488362,0.0149548,-0.14725,-0.0309874,0.0506408,0.0665103,-0.110933,0.097963,
-0.188205,-0.14223,-0.0593561,0.106859,0.0235248,-0.181292,-0.0522994,0.0604142,-0.174231,-0.115391,0.122924,-0.0100585,-0.133733,-0.0300254,0.0202929,0.0266957,-0.0474904,-0.12968,0.0379366,0.0100026,-0.00827822,0.0613146,0.0731539,-0.149581,0.0943972,-0.119907,-0.0506747,-0.15797,0.00617214,-0.00532372,-0.0170905,0.113059,-0.0549269,0.0738423,0.10751,0.0446562,0.144284,0.136961,-0.0547495,0.0289633,-0.00767712,-0.042894,-0.00833221,0.10479,0.0246365,-0.0157846,-0.103668,0.0490583,-0.0159055,-0.0104031,0.0503912,-0.0175913,-0.0481878,-0.0102692,0.116191,0.10808,-0.11171,-0.0102969,0.110657,-0.119639,-0.125417,0.0639169,-0.0740061,0.044923,-0.000435792,0.0134089,-0.113807,-0.0393184,0.00336716,-0.186489,0.0780942,0.0916972,0.0693696,0.180019,0.0655179,-0.183001,0.10085,-0.00774345,0.0552478,-0.0489797,-0.105604,-0.155634,0.033642,-0.131187,0.225774,0.125324,-0.0657029,0.01544,-0.0328283,0.0205784,-0.0316995,-0.0287734,0.122648,-0.0504474,-0.0255109,0.0299867,-0.0728637,0.157811,0.0424503,0.12527,-0.0517223,0.0678605,0.018539,0.016569,-0.0559317,0.0190326,0.00974023,-0.146744,0.00225592,-0.0392014,-0.0790119,-0.0772112,0.0117825,0.023599,-0.0443094,0.0323722,-0.0178002,-0.11301,-0.0221086,-0.12863,0.0104911,-0.18163,0.0844159,0.0178282,0.148638,0.233142,-0.169509,0.0647191,0.135168,0.108695,0.088352,-0.11454,0.00039266,-0.0504959,-0.17562,-0.0697926,-0.0689905,0.0808006,-0.121933,0.183858,-0.157589,-0.0388692,-0.0208141,0.108271,-0.0464453,-0.0321142,-0.0258274,0.0222088,0.0500868,0.0456809,0.0303161,0.0517513,-0.0309787,-0.000133496,-0.126119,0.00398752,-0.0786379,-0.121487,-0.0336768,-0.105444,0.133832,-0.0893851,-0.0893435,-0.0284562,-0.203071,0.0789996,0.161406,0.0114135,-0.0262574,-0.0789872,0.161546,-0.0683749,0.0484517,-0.0729587,0.060941,-0.0974604,0.0602907,0.0049054,0.072614,-0.055276,0.204999,-0.159726,-0.052343,0.00519656,-0.0201553,0.0164483,-0.0582077,0.0840779,-0.121118,-0.0915868,0.066731,0.158137,0.0145989,-0.0382405,0.0694519,-0.13413,0.10939,-0.218845,0.0592986,-0.0910815,0.0159834,-0.147186,0.0628803,0.0398709,0.0319938,0.036483,-0.0114071,-0.130609,-0.0796177,-0.15954,0.0476962,-0.0519974,-0.0720401,0.0181443,-0.124223,-0.133936,-0.0469037,0.0065366,-0.108991,0.0160237,-0.0602573,0.163748,-0.0223016,-0.176397,0.0303742,0.123788,-0.0657608,0.105043,-0.266996,0.00117526,-0.0637905,-0.00161579,-0.0224642,0.00640243,0.00382437,-0.107516,-0.0341541,-0.127953,-0.197105,0.0345075,0.0109885,0.0303981,0.0995615,0.0159877,0.0805231,-0.0291592,-0.0518635,-0.197024,0.0284036,-0.0515933,0.0824514,0.052456,-0.0262277,0.0547833,-0.0533213,-0.0322712,
-0.00695208,-0.0832942,0.0120945,-0.0519664,-0.00696448,-0.126851,0.122316,-0.0225331,0.0200582,0.0641025,0.0801774,-0.034792,-0.0180277,-0.108543,0.125222,0.0922269,-0.0821447,0.100211,0.0284513,0.0114455,0.040793,-0.0328433,-0.0897543,0.0730877,0.0317518,-0.101426,0.0742079,-0.03368,0.0653754,-0.0590927,0.0175525,-0.0849518,0.0372847,0.093832,-0.0275576,-0.015725,-0.0189761,-0.00744296,-0.160335,-0.107024,0.134764,-0.1339,-0.0354319,0.156693,0.113177,-0.0854634,-0.00825844,0.162813,-0.135013,0.0528932,-0.0371022,-0.149558,0.0854728,-0.0460536,-0.00837083,-0.0447409,-0.0272952,-0.0165584,-0.0957659,0.16918,-0.119869,0.016132,0.106175,-0.0100406,-0.0184402,-0.169189,-0.022237,-0.0317753,0.0175153,0.133635,0.0596395,0.0342407,0.0415803,-0.204268,0.017137,-0.0375289,-0.0361508,0.0994026,0.131564,-0.0284179,-0.0577501,0.165335,-0.108493,0.00549099,0.0522691,-0.0792263,0.0168233,-0.0129412,-0.0913124,-0.0466266,-0.0753099,-0.00447084,0.0924375,-0.111577,-0.0423435,-0.07719,-0.0951733,-0.0519578,0.0548535,-0.0630715,-0.128835,-0.0103632,-0.252851,-0.129829,0.00792381,0.0978338,0.00644566,0.00925964,-0.0127217,0.00302071,-0.03349,-0.100608,-0.0222167,0.0752895,-0.135974,0.0100872,0.072971,-0.120117,0.0622735,0.00802185,-0.0192187,-0.0822877,-0.0554034,0.0135893,0.00138185,-0.0414343,-0.000676606,-0.0612768,0.103325,0.0645086,0.03033,-0.0620255,0.219245,-0.00910459,0.0045399,-0.112989,0.0513084,-0.015508,-0.0316271,0.106633,-0.000577008,0.141511,-0.0230772,0.0653264,-0.197954,0.00889387,-0.0887518,0.0826314,0.0503788,0.00685756,0.0652864,-0.0104553,0.0530026,-0.127564,-0.0595536,0.0417987,0.0384812,-0.0381406,-0.190733,-0.0134881,-0.0122701,0.090407,-0.0275413,-0.105841,0.0873596,-0.0369533,0.168287,0.112376,-0.0218613,-0.0859392,0.00706187,-0.0789002,0.0476556,-0.0873568,0.0301284,-0.0762824,-0.0557189,0.107255,0.0629959,-0.067571,-0.190492,-0.140905,-0.189475,0.0517014,-0.0738672,0.0127836,-0.150194,0.045081,-0.0661545,-0.088725,0.0533792,0.00559852,-0.0690069,0.0702044,0.184192,0.0451001,-0.145223,0.124654,0.0754436,-0.0635203,-0.136252,-0.0452779,-0.158953,0.014706,-0.0291416,-0.044817,0.0842227,-0.118922,-0.00439152,0.0226689,0.051006,0.106378,-0.139061,-0.0499733,0.082025,-0.195363,-0.102714,-0.0843556,-0.0568252,0.157168,-0.0323231,0.04069,-0.0275623,0.0161476,-0.0489832,-0.236682,-0.0909622,0.0443643,-0.203763,-0.0321761,-0.0621657,0.0760752,0.0454356,-0.0096278,0.121653,0.102962,-0.0526899,0.0140171,-0.0858123,0.00444109,0.0549148,-0.245095,-0.0533103,-0.151621,-0.0487047,-0.0409161,-0.0786683,0.0367988,0.0526506,-0.1303,0.0154023,-0.0844635,-0.123296,0.0589242,0.108321,0.0222198,
-0.0802691,-0.146396,-0.0185873,0.00813193,-0.0458905,-0.0100416,0.0454586,0.0855945,-0.0799504,-0.0364838,0.109436,-0.0880869,-0.055236,0.0368298,0.095555,-0.210805,-0.0187859,-0.0841925,-0.112948,0.0134919,-0.0395047,0.0207706,0.0539115,-0.00157338,6.66789e-05,-0.092863,0.153458,-0.0323684,-0.0890864,-0.110659,0.158248,-0.0593264,-0.0821795,-0.000959334,-0.0503798,0.0178573,0.0430777,-0.00911702,0.025012,0.028328,0.068563,-0.0042901,-0.168595,-0.0187998,0.0274708,-0.0406221,0.147282,0.105587,-0.0268642,0.0290838,0.13948,-0.238141,0.0915301,-0.049924,-0.0492607,0.0234069,0.0169206,-0.0294225,0.0819839,-0.185965,-0.0180251,0.0101011,-0.0850147,-0.0747665,0.153439,-0.0711984,-0.110823,0.0282809,0.0100621,0.00351849,0.0908536,0.0880388,-0.0521563,-0.0116352,0.0515956,-0.121306,-0.0784562,0.00868373,-0.02628,-0.103391,0.0811823,-0.0534619,-0.0269322,0.000659375,0.00433976,0.0734322,0.0544852,-0.108962,-0.00856903,-0.0166123,0.0187411,-0.0734938,-0.122188,0.0270121,-0.00237392,0.0305369,-0.0127778,0.0270012,0.0078623,0.124967,0.106963,-0.0442009,-0.0271025,0.0675853,0.194529,0.0337896,-0.0430891,0.0400638,0.0053184,-0.0285051,0.00723363,-0.107654,0.0321312,0.122277,0.0252453,-0.0570922,0.0090274,-0.0682033,0.0585256,0.062259,-0.0227669,-0.0331821,-0.0411888,-0.0184771,0.0506758,0.163933,-0.128544,-0.0700902,0.0494183,0.0040642,0.046458,0.0510037,0.0409417,0.0679265,0.0108387,0.0620098,0.0225416,0.0470971,0.0955328,0.134551,-0.0292937,0.0172821,0.0605814,0.0537102,-0.0783325,0.111593,-0.0390567,0.0303544,0.0264895,-0.0410081,0.172052,0.102927,0.0764862,-0.0938032,0.214589,-0.00622342,0.0425925,-0.0134246,-0.0752946,-0.0903112,0.0350927,-0.0212464,0.0226132,-0.122765,-0.0947867,-0.0722601,0.115361,0.170247,-0.194536,-0.0650992,-0.0874522,-0.0357882,0.0471973,0.0603267,0.0881612,-0.0248106,-0.0571978,-0.0668898,0.11242,-0.0670698,0.0157621,0.14453,0.0347706,0.0365235,-0.0850541,-0.135198,0.0956481,0.128437,-0.0473102,-0.0876709,0.0706427,0.0925875,-0.025511,-0.0518309,0.0135076,-0.0854788,-0.180208,-0.0615455,-0.088407,-0.112247,-0.0587996,0.136578,0.034601,0.0540032,-0.057629,0.00333006,-0.135466,0.102759,0.0218154,0.0976604,-0.15092,-0.00611857,-0.0345187,0.142894,0.238596,-0.168198,-0.0523011,-0.130284,-0.0292536,0.04988,-0.00258239,0.0632162,0.0476734,0.197713,-0.175379,-0.0867933,-0.156352,0.0353227,0.0365814,0.00786368,0.026118,-0.0356289,0.00144033,0.0817723,0.200908,0.0750314,0.124715,-0.0693189,0.073188,0.0414887,0.126636,0.0569576,-0.090595,0.074234,-0.116577,-0.0877744,-0.00510491,-0.028093,0.0136728,0.0305936,0.11561,-0.0899044,0.0535865,0.00599283,0.0151653,0.0517784,
0.0386347,-0.0446839,0.0627965,0.133693,-0.034822,-0.183764,0.017676,-0.0428145,-0.0428478,0.0336055,0.0562577,-0.0216721,-0.0438936,0.0738585,-0.113389,-0.06901,0.0115236,0.0239172,-0.0184288,-0.0653971,-0.0530862,0.0223628,-0.0506447,-0.121613,0.112467,-0.0717523,0.0223309,0.106652,0.0579178,-0.114631,-0.0339265,-0.15768,-0.0391274,-0.0434409,0.0857876,-0.0939359,0.0119022,0.0851048,-0.0694581,0.028664,-0.0311951,-0.221173,-0.0124204,-0.0323614,-0.158787,0.0904048,-0.109306,-0.107414,-0.119774,-0.0707122,-0.0818365,-0.0488366,-0.00447842,0.112416,0.0488364,-0.086556,-0.0234502,-0.159289,-0.121219,0.057981,-0.12494,-0.0732028,-0.00971125,-0.0885031,0.0705394,0.172581,0.133112,0.0338192,-0.0339259,-0.198075,-0.0795827,-0.0486447,-0.152606,-0.000715276,0.00891527,0.0756573,0.112829,-0.103986,-0.0365821,0.0474833,-0.0171749,0.0339348,-0.0444607,0.00766294,-0.0847902,-0.144042,-0.0864443,0.025746,-0.121489,-0.0321404,-0.092264,-0.181751,-0.17698,0.112752,-0.0354915,0.0309436,0.0241319,-0.0809676,-0.0803635,0.126678,-0.0572038,-0.0613046,-0.0307098,-0.0955104,-0.0554709,-0.0358921,0.0240457,0.00582734,0.0516194,-0.114011,-0.038111,0.0163762,-0.0667622,0.0468817,0.0147151,0.147285,-0.0222797,-0.048333,0.198566,-0.135994,0.077896,-0.00347047,-0.0631089,-0.180676,-0.116067,0.139463,0.182271,-0.164753,0.0337586,0.143402,-0.031929,-0.0215041,-0.0240053,0.104245,-0.13097,-0.027519,-0.0629602,0.0242763,0.0558343,-0.0815217,0.0317486,-0.0211857,0.0756799,-0.0308128,-0.0460857,0.0675936,-0.117188,0.0877328,0.0613196,-0.0696999,-0.04678,-0.112505,-0.0483302,0.0342479,-0.170894,0.0805988,-0.160881,0.0384843,0.169395,0.0765222,-0.0417961,-0.171235,0.0235324,0.045731,0.0760732,-0.0431221,0.193714,0.0255463,0.0930537,0.00338999,-0.0240885,0.0413387,0.0570547,0.117245,-0.0670333,-0.168382,-0.00453029,0.0126185,0.0636291,0.0343802,-0.0361741,0.195889,-0.0899133,-0.0163509,-0.0790257,0.144136,-0.119036,0.00666162,0.0348832,0.0762748,-0.104532,-0.0147221,0.0812486,-0.101562,0.0910715,-0.0660727,0.00143364,0.0388167,-0.00651742,0.1172,0.115474,0.060712,0.0392043,0.0454015,0.0746826,-0.0232548,0.0159396,0.180579,-0.0387413,0.0449195,0.0625619,0.0942258,0.0876659,-0.049238,0.0535895,0.180746,-0.187844,0.0791782,-0.0365132,-0.0721807,0.0743388,-0.21262,0.00524317,0.0698048,-0.0438142,-0.0479778,0.0599963,0.0569388,0.0292736,-0.0418521,0.222925,-0.0872386,-0.0637616,0.0262947,-0.0955818,-0.138623,0.113004,0.11368,-0.0671295,-0.112727,-0.114023,0.0544285,0.11125,-0.180428,0.0819595,0.110713,0.106325,-0.11451,-0.12947,-0.00850977,0.0772626,0.0873766,-0.10068,0.0132846,0.00678815,0.0223218,
-0.0750692,0.20053,0.0308289,0.172713,0.03004,0.0464188,-0.0724179,-0.204508,0.0639346,0.0295903,0.0258288,0.172458,-0.0924603,-0.0569586,-0.135784,0.0344251,-0.123051,0.138159,-0.183721,-0.0934195,0.107824,-0.0973297,0.119346,0.077217,-0.0590324,-0.097748,-0.12477,0.122172,0.0794036,-0.0391553,0.0308383,0.144455,-0.0600438,0.0458059,-0.0966649,0.0794786,-0.0487226,-0.00261097,-0.150397,-0.0528892,-0.128247,0.120671,0.130432,0.0890068,-0.0182339,-0.0435076,-0.0637803,-0.0134086,-0.165201,-0.191217,0.188297,0.0614189,0.00315311,-0.179207,-0.0782912,0.0824213,-0.109094,-0.0598894,0.0990606,0.0734897,-0.0291589,0.108363,0.078813,-0.101124,0.0442599,-0.0758981,-0.131226,-0.0327244,0.113813,0.00533347,-0.0297437,0.188711,0.0945233,0.122008,-0.028795,0.0310553,-0.119987,-0.0287071,-0.0973466,0.0419856,-0.0688486,0.0022517,-0.064229,0.00942038,-0.027924,0.174275,0.188516,-0.191973,-0.0181784,-0.0374456,0.052938,0.0582876,-0.0242268,0.148284,-0.0657948,-0.0220831,0.18147,-0.0536084,-0.102386,-0.020944,-0.0791356,0.203199,-0.0628498,-0.0622325,-0.065256,0.177235,-0.0898449,-0.118059,0.0664004,0.0168512,0.0476398,0.05789,-0.0199816,-0.109065,-0.0177866,0.00501733,-0.0802738,0.201808,0.0917718,-0.121075,0.0656373,-0.0115753,0.0881775,0.0611797,0.119886,-0.180475,-0.0739946,-0.0804525,-0.20137,-0.200195,-0.0603374,-0.069611,0.0699487,-0.0503738,0.0300646,-0.0172209,0.00193807,0.0070398,0.00470858,0.0856907,0.199153,-0.00439016,0.0621685,0.00987194,0.0355883,-0.139421,-0.132443,0.0956118,-0.0782013,0.0210649,0.0510108,-0.0872134,-0.0587418,0.218444,-0.0301009,0.160359,0.137179,0.124868,-0.0422719,0.00940207,0.0939132,-0.0654572,-0.123555,-0.0137874,0.134121,-0.0136694,-0.0654837,0.231811,-0.0515303,-0.177234,0.129965,-0.074217,0.0896448,0.0943086,-0.0496763,-0.0551697,-0.134589,0.128015,-0.0350366,0.112051,0.0575222,0.00254526,0.00991632,0.0110586,-0.0696631,0.196908,-0.00590579,-0.0550677,0.0261263,-0.111449,-0.181816,0.0515613,-0.0630172,0.0504368,0.0248334,-0.0114156,-0.0854531,-0.110769,-0.0390637,0.0916287,-0.00820508,0.0242841,0.165315,0.0149548,-0.111819,-0.04443,0.0665558,0.048449,-0.00849902,0.0415855,0.018395,0.0529157,-0.0763888,-0.102727,0.0208673,-0.0929862,0.0250075,-0.0206736,0.0560769,-0.170971,0.0233567,-0.0429612,0.372464,0.0117006,-0.0738129,-0.0923233,0.191466,-0.027184,-0.0517674,0.0275202,0.0639333,-0.12594,-0.0307785,0.0234963,0.012302,0.0637423,0.0180497,-0.0747515,0.00581723,-0.0417093,-0.0534673,0.311352,0.164239,0.16473,0.134044,0.0729903,0.123355,-0.171173,0.0300501,0.123666,-0.0139317,0.126574,0.209798,-0.0559124,-0.163249,-0.00573688,
0.0321497,-0.0444094,-0.174493,-0.00956631,0.0600904,0.181746,-0.109911,0.0651784,-0.0105969,-0.0502412,-0.229827,-0.0123645,-0.0315183,-0.200349,0.105079,0.0523504,0.0612628,-0.031265,-0.0690377,-0.180975,-0.106975,0.0233815,-0.0714951,-0.137053,-0.0944866,-0.145232,-0.0734037,-0.0590175,-0.0136415,-0.061345,-0.0960495,0.00522255,-0.110686,0.0245206,0.0996327,0.0187785,0.0269022,-0.0319223,0.0995134,0.117307,0.226281,-0.011979,0.095897,-0.134064,0.0101132,0.0355712,-0.0595472,0.011759,0.0236345,-0.0696128,0.116348,-0.0149388,-0.0960998,0.0301549,-0.177802,-0.0115527,0.0097652,0.0141124,0.163835,-0.138207,0.0389372,0.0519054,-0.0324126,0.0509686,-0.125399,0.0213458,-0.0305726,-0.0552739,0.124653,0.0504398,-0.160084,-0.0146757,0.0418455,0.0136535,0.0269426,-0.0380738,0.0385499,-0.1637,-0.0559251,0.0496716,0.0212016,0.0591385,0.0577155,-0.0175804,-0.12493,0.112614,-0.0956725,-0.143878,-0.0499087,-0.16649,-0.0179429,-0.00714391,0.00121182,-0.028993,-0.0619022,-0.0196944,-0.0604876,-0.0592753,-0.0119295,0.0503986,0.0548175,-0.0211301,-0.0267302,-0.0939854,-0.213044,0.0132341,0.054981,-0.138144,0.108267,-0.0500638,-0.0117149,-0.103468,-0.0508154,0.0540402,-0.100737,0.00484256,-0.0927357,-0.0411619,0.0982831,-0.0216058,0.0786057,0.149876,0.0390981,0.00400843,0.0218238,0.0506691,-0.103643,0.0190461,-0.0177061,-0.152378,0.0535805,-0.0363541,0.04764,-0.124051,-0.0476617,-0.0106209,-0.0243583,0.0917635,0.0250244,0.131344,-0.105098,-0.0484499,-0.0447739,-0.00549477,-0.0217206,-0.143057,-0.0578084,0.0651275,-0.0629826,0.0390557,-0.0297565,-0.0696706,0.175886,0.0920752,-0.0396114,0.0422465,-0.170518,0.0832088,-0.136921,-0.00140834,0.145366,0.0556379,-0.138773,-0.136585,-0.160572,-0.0201638,-0.10353,0.0263385,-0.0928081,0.072125,-0.0171798,0.0286738,-0.107176,-0.000352898,-0.0233455,0.126781,0.0410729,0.0741719,-0.118381,0.162338,0.144517,-0.0472343,0.0195391,0.0709008,-0.0770454,-1.01178e-05,0.0635865,0.165575,-0.00394905,-0.0243771,-0.0234249,-0.0472149,0.010242,-0.0698404,-0.0169397,0.0243284,-0.0522273,-0.0362963,0.0164018,-0.0233517,0.143146,-0.0563758,0.0600943,-0.0500918,0.0935907,-0.0844639,-0.0235907,0.0124119,0.0377746,-0.0331735,-0.0799692,-0.0927768,-0.0305916,-0.0174731,0.0577615,0.00683636,-0.0869944,-0.0681157,0.189969,-0.00427064,0.101949,0.054181,-0.121388,-0.0672855,-0.0499988,0.0737427,-0.0411874,-0.121213,-0.0324323,0.0433231,-0.0391477,0.0183366,0.0142225,-0.028928,-0.110899,0.0894301,-0.0278946,0.0387566,0.216054,0.13149,0.0387712,-0.0341899,-0.122762,-0.057311,-0.115153,-0.232851,-0.00941905,0.0510676,0.125354,-0.00623771,-0.0430191,0.110012,-0.114226,0.0364887,0.0392214,0.0339201,
-0.106281,-0.0164668,0.0803626,-0.0394842,-0.0514612,0.0182559,-0.0877752,-0.102625,-0.051692,-0.00933794,0.0895733,0.0294413,0.0349733,-0.00363271,-0.0130821,0.00745892,0.0307325,0.105854,0.0773048,-0.0904109,-0.047878,0.10553,0.0514516,0.0635301,-0.0203808,0.0512002,0.103747,-0.0487596,-0.144215,-0.264586,-0.241694,0.070189,-0.0796702,-0.0447451,0.0705442,-0.0842182,0.0735365,0.129807,-0.134805,0.127052,0.133355,-0.108537,-0.114921,-0.0487646,-0.0466605,-0.0100877,-0.062614,-0.028976,0.00689734,0.0433658,-0.082185,-0.0198952,0.0974576,-0.0851043,0.109795,0.0781621,0.00324278,-0.0752782,0.227281,-0.139093,-0.0121068,-0.0359258,0.0350277,-0.0486259,-0.0171772,0.0294332,0.0397539,0.0235145,0.126975,-0.132666,-0.0086581,-0.0282522,0.0110515,-0.0335098,0.0201831,0.0276164,0.0480903,-0.161108,0.0316071,-0.0284869,-0.156694,-0.158341,0.102239,0.00685532,-0.0679108,-0.251084,0.0945465,-0.146959,-0.198795,0.0597049,0.0978356,-0.0193792,-0.0804097,-0.0672364,-0.134272,0.10222,0.144991,-0.0900945,-0.00949332,0.00108277,0.153541,0.00164504,0.0741937,-0.0685321,-0.103638,0.0310716,0.0821629,0.0938994,0.0113456,-0.0299095,0.0285998,0.0198768,0.0285211,-0.112259,0.120242,-0.0530198,-0.0519514,0.0668596,-0.150535,0.0304063,0.0662376,0.00959169,0.175621,0.00487222,0.0642828,0.0449157,0.0214477,-0.111809,-0.150849,0.0604189,-0.010382,-0.107963,0.124362,0.0436718,-0.0200056,-0.043344,-0.0991178,0.00214829,0.0132225,0.0806741,-0.0516868,0.0635622,0.0229663,0.0637981,0.14593,-0.115398,0.00342571,0.00737343,-0.013572,-0.0889117,0.0267446,-0.00786118,0.0438665,-0.00720697,-0.160759,0.137458,-0.0439532,-0.0487986,0.0997608,-0.0263674,0.108326,0.0449307,0.104508,0.0780411,-0.0329054,-0.0273205,0.0573671,0.0661386,0.12256,-0.0053374,0.00255328,-0.0692028,-0.0409197,0.127209,-0.0949362,0.0399664,0.0145906,0.0523651,0.0707957,-0.0921885,0.0146761,-0.0304458,-0.010193,-0.119601,-0.103969,0.0710822,-0.032001,0.0639075,0.110657,-0.0602546,-0.0984767,-0.147704,-0.129569,0.0850291,-0.0576326,0.0542589,-0.0863281,0.00640733,-0.0212449,-0.0258232,-0.104582,0.069174,-0.0870891,-0.100586,0.0463256,-0.00710595,-0.199361,0.0488273,-0.158328,-0.0336027,-0.0711973,0.0337632,0.120438,-0.0077942,0.0441568,-0.116909,0.0853262,-0.12693,-0.00538247,0.0222096,-0.0794682,0.117445,-0.0365752,0.04106,0.0505517,-0.014604,0.00339123,-0.0593037,-0.0264933,0.078949,0.106531,-0.0212605,-0.00368353,-0.0254519,0.0119705,0.0650513,0.00427772,0.00658833,0.0115602,-0.00860116,0.0285641,0.0545737,0.0524033,-0.143024,0.00563438,0.120324,-0.152264,-0.15975,0.00539668,0.0179777,0.232577,-0.0942108,0.0172174,0.0436378,-0.0972617,-0.022901,
0.15038,0.241925,-0.112949,-0.0705752,-0.0683796,0.00428808,-0.198244,-0.0657287,0.113455,-0.0173307,0.107786,-0.0926569,-0.106415,0.107667,0.052522,-0.0695299,0.0648049,-0.126117,0.0410452,-0.0467391,0.0716658,-0.0104678,0.0123281,-0.0118938,-0.160832,0.18139,-0.15578,0.118083,0.10885,-0.101302,0.00609023,0.188185,0.12012,-0.0676692,-0.10285,0.13944,0.0288887,-0.135315,0.0337883,0.0500213,0.152329,0.0543458,0.115415,-0.011756,-0.0640982,-0.159118,-0.0188758,-0.0266211,-0.0404724,0.145918,0.118219,-0.0336932,-0.0389921,0.0795139,-0.108467,0.122229,-0.00405552,0.134177,-0.00527137,0.142204,0.0562408,0.0746083,0.0974899,0.13429,0.0830325,0.175395,0.143908,-0.100256,0.0229198,0.270145,-0.091319,0.0950699,-0.0106978,-0.0730896,-0.0915437,-0.00970627,-0.244302,0.0463326,-0.0512296,-0.0935927,-0.154867,0.00803727,-0.0708528,0.166672,0.0852675,-0.119664,0.0995235,-0.180917,-0.0738514,-0.130027,-0.0370193,0.036816,-0.0685269,-0.0650988,0.00695318,0.109957,-0.0455541,0.156066,-0.130658,-0.145492,0.0450095,0.208049,-0.186474,0.0460833,0.000648512,-0.0132165,-0.0407521,-0.0630217,-0.00127356,-0.140035,-0.0108932,-0.161604,-0.00425956,0.0214631,-0.123819,-0.250572,0.0119558,-0.00336774,-0.0167552,-0.0476426,0.166289,-0.0360263,-0.104917,-0.0435273,0.0553229,-0.00719704,0.126673,-0.115214,0.113886,0.0730418,0.0300785,0.0856887,0.0587097,0.000884525,0.0140198,0.05901,-0.140806,-0.166799,0.0733971,0.0477312,0.278645,0.0453008,0.0656353,-0.06378,-0.0880215,-0.0143894,-0.019711,-0.0218274,-0.0371715,-0.139149,0.0433175,-0.114389,0.0959787,0.169369,-0.175642,0.038594,0.151727,0.0153102,0.186746,-0.0441829,-0.0761487,-0.0638283,0.00897031,0.0307991,0.0709969,-0.0218691,0.00319794,-0.0676123,-0.0796305,-0.183086,-0.0863412,-0.179383,0.140934,-0.180091,0.173864,0.0389669,-0.0628628,-0.0535496,-0.125507,0.120491,0.044757,-0.145966,-0.161619,0.0312668,0.0554802,0.0820803,-0.148908,-0.0346872,0.0160477,-0.00309052,-0.0514645,-0.00553824,0.107558,0.0411171,-0.0649908,-0.142335,-0.0735455,0.0135697,-0.123492,0.0390371,-0.0656263,-0.0160119,0.0670925,-0.106542,-0.0708036,0.0192823,-0.124195,0.0539786,-0.180358,0.123639,0.0185448,-0.122899,-0.143971,0.114732,0.016925,-0.0927837,-0.0984137,-0.032823,0.0102901,-0.0418175,-0.0367765,-0.00475141,-0.118304,-0.0927487,-0.0659557,0.0965371,0.00656789,0.131326,-0.0222142,0.00308531,0.0329404,-0.0420584,-0.0857201,0.199696,0.202817,0.10013,-0.139297,-0.086442,-0.172505,0.0260024,-0.0919465,0.175345,-0.108882,-0.00996974,-0.0335879,-0.121103,-0.0836315,-0.145548,-0.0403861,0.0686565,0.117124,0.122945,-0.0242777,-0.0982904,0.00408472,0.0516204,
-0.103432,0.126788,0.0363683,0.0892866,-0.213973,0.0822301,0.11637,0.0354117,-0.186693,-0.0600156,0.0745727,0.0197785,0.0369125,0.00113668,-0.0130662,-0.050234,0.0736153,0.0644066,-0.203793,-0.167092,0.0296441,0.00663526,0.076864,-0.115048,0.0607209,-0.0805208,0.020556,0.163099,-0.000521232,0.0272692,0.0891991,-0.102923,-0.0475238,-0.0776254,0.0938468,-0.0399633,0.0154164,-0.0463157,0.0797062,-0.0492511,-0.0936562,0.00909882,0.00937199,-0.061091,0.0116638,0.0777778,0.0281541,0.0256978,0.0108143,0.150252,0.101045,0.0701349,-0.088302,0.03403,0.148521,0.0582792,-0.148014,0.0226211,0.00263869,-0.054914,0.0960841,-0.0691897,-0.25349,0.0740549,-0.0302888,0.00321867,0.0813624,-0.101411,0.046534,0.0285048,-0.0207704,-0.01432,-0.155918,0.00651062,0.046981,0.116063,0.116233,-0.101934,-0.0535138,0.0948254,0.057782,0.00728567,0.00779592,-0.189697,-0.0551488,-0.0467954,0.0657354,0.031199,0.0137242,-0.124336,0.0714852,-0.105111,0.166687,-0.0168578,0.0643187,0.0209312,-0.0633035,-0.159861,0.0942256,-0.059485,0.0789515,-0.00607895,-0.172031,-0.0999807,-0.127607,0.125599,0.0236386,0.0181784,0.105697,-0.0214733,-0.0328245,-0.0248018,0.0213217,-0.0759982,-0.0518893,-0.0332158,-0.0247163,-0.00228805,0.227723,-0.0136027,-0.10178,-0.0764906,0.136127,0.114148,-0.0293995,-0.167878,-0.00738681,-0.159868,-0.169188,0.18633,0.117787,0.0895315,0.0396995,0.0310951,-0.0134763,-0.151124,-0.0835229,0.108386,-0.0960131,0.00875372,0.0851652,0.182608,-0.109923,0.00402731,-0.0486775,0.0348563,-0.0308676,0.166812,-0.0127093,0.0162783,-0.0105053,-0.0855616,0.0127307,-0.00174555,-0.00729653,0.053716,-0.188999,-0.000580533,0.15814,0.104294,0.0163554,0.0992184,-0.0249182,0.0020771,0.0333476,0.104196,0.0524161,0.212499,0.0817615,0.0142371,-0.132515,-0.246092,0.00332617,0.0130096,0.172296,0.106703,-0.165691,-0.0900958,-0.137429,-0.162685,-0.139823,-0.0705131,0.0679768,-0.0235099,-0.0435269,-0.075122,0.0781921,-0.00667583,-0.00759985,0.0381064,-0.020953,0.130464,0.0228451,-0.0157793,0.00188639,0.00876982,-0.0942109,0.00955011,0.00655639,0.0299981,0.127745,0.0524927,-0.0172667,-0.116502,-0.104569,-0.0330498,-0.0183936,0.017311,0.0660675,0.0168331,0.0534238,-0.0682927,-0.0212416,-0.0799248,0.0735217,0.0969348,0.0306171,-0.0220864,0.039182,0.146933,0.0154134,-0.037782,0.12658,-0.0491406,-0.0486961,-0.00235801,0.07255,-0.0110297,-0.0115903,0.0303579,-0.0627581,-0.049014,0.0788253,-0.000213753,0.0618165,-0.00657392,-0.0317158,-0.0423317,0.0054553,-0.130812,-0.101405,-0.125243,-0.111287,-0.104615,-0.0386848,-0.0330926,-0.110798,-0.0475385,-0.206721,0.074108,-0.0449453,-0.211857,-0.047422,0.00137741,0.116727,-0.0508474,
-0.13917,0.0114726,-0.111144,0.14982,0.0114111,-0.102626,-0.0607007,-0.0204578,-0.0788092,-0.0228187,0.0458435,0.0756761,0.0745328,0.0249505,0.00959841,-0.094019,0.00704941,-0.0950333,0.115549,-0.0545926,-0.0832661,-0.000883483,0.0562102,0.105044,-0.163245,-0.166414,-0.108642,0.0406857,0.00795292,0.119657,-0.00828591,0.0804359,-0.0265989,0.0585836,-0.0836433,0.161839,-0.0655661,-0.0393144,0.0321179,-0.0864722,0.131961,0.0823774,0.0565963,0.0712847,0.110482,-0.0281262,-0.0368312,-0.0923056,0.0738767,0.125225,0.126236,-0.124889,-0.10637,0.0846584,-0.0336796,-0.0324131,0.0603925,0.0385915,-0.133184,0.00574971,0.0846824,-0.0536831,-0.024829,0.171661,0.043664,0.0202322,0.0249152,-0.107341,0.0364439,0.0887034,-0.0523037,0.128751,-0.0595267,-0.128266,-0.0624935,0.160625,-0.0427926,0.165195,-0.0871071,-0.049263,-0.0125778,0.0332322,-0.0470493,0.0417904,-0.00687817,0.0261455,0.0621395,-0.182365,-0.00424932,0.00642273,-0.0704311,0.0326135,0.130004,0.228517,0.064008,0.0334813,-0.17991,0.0251684,-0.0399398,0.0701554,0.0107962,-0.00277575,0.0476103,0.0726938,0.0840408,-0.00592848,0.0399403,0.0586837,-0.128491,-0.14912,0.000270827,0.00573399,-0.140953,0.00838885,-0.150774,0.0202774,-0.0615027,0.00739969,0.147304,0.096745,-0.0378236,0.0474417,-0.129902,-0.145778,0.0867566,0.139444,-0.182136,0.0435751,-0.032675,-0.0572471,-0.091922,0.114714,0.0183265,0.0325088,0.103986,0.056413,0.00434182,-0.0769626,-0.02229,0.101698,-0.0195599,-0.0505043,-0.000722564,-0.078495,0.0542682,0.0223993,0.225152,-0.0657849,-0.100535,0.130766,-0.107952,-0.0122997,0.0892569,-0.00574298,0.104136,0.0142724,0.070273,-0.059454,-0.0317126,0.153417,0.0366256,-0.0367001,0.0438361,0.114757,0.0275947,0.0614547,-0.011168,-0.0272981,-0.0169614,-0.0125487,0.0829154,-0.0836082,-0.0339779,0.0871024,0.00366043,-0.0077658,0.000348673,0.112496,-0.0494323,-0.0582871,0.022836,-0.0882337,0.103819,0.0427317,0.0765396,-0.00193273,-0.0496827,0.0981694,0.159004,-0.184542,0.0434502,0.003143,0.214314,0.257275,0.0174499,-0.0848936,-0.122796,0.0869191,-0.120603,0.0771548,-0.0825638,0.0913246,-0.145787,-0.0668359,-0.0127504,-0.037163,0.0756306,0.145266,0.0377516,0.0482432,-0.0365277,0.204615,-0.0104428,0.0821077,0.0402138,-0.0387846,-0.0322382,0.0315557,-0.0639634,-0.0966659,0.0750097,0.0964342,0.180319,-0.0744695,-0.0440483,-0.110308,-0.0905284,-0.164475,-0.0461345,-0.169585,0.0912808,-0.175801,0.0624332,0.159053,-0.00475117,0.051737,-0.0106768,0.109024,-0.124423,-0.116672,-0.031086,0.0907152,-0.0428088,0.0925739,-0.0130502,0.0587435,0.0442197,-0.201548,-0.0694587,0.124087,-0.0226019,0.0692122,0.0151449,0.0851453,0.0754165,-0.0106398,
-0.102884,-0.169847,-0.0814367,0.152817,-0.176821,0.00361237,-0.0390364,0.13869,0.0236656,-0.126908,0.0170825,-0.182436,-0.00209135,-0.0105644,0.0503842,-0.0336527,-0.122251,0.0999961,0.0502069,0.125824,-0.0977096,-0.19241,0.0171029,-0.00436395,-0.0451559,-0.0416362,-0.0699591,0.0518221,-0.00937872,-0.0217613,-0.0218967,-0.103414,-0.00401772,0.0777215,-0.0774015,0.0839323,-0.0896379,-0.0657976,0.220074,-0.00183836,-0.0752828,-0.0799248,-0.177134,-0.230359,-0.00350957,0.023916,-0.0354618,0.0113421,0.059443,-0.116959,0.0986829,0.0313598,-0.0345995,-0.21674,-0.108758,0.0591512,-0.09713,0.14969,0.0303314,-0.0879114,0.169481,0.0303961,0.0315573,-0.0733645,-0.102236,0.0739238,-0.0856313,0.00463747,0.132858,-0.160196,-0.009034,-0.0155082,-0.136304,-0.0124534,0.00786603,0.028241,0.167729,-0.104519,0.0871413,0.0717539,0.0666798,0.0909785,-0.108227,-0.18467,0.13165,-0.0182793,0.160274,-0.042748,0.0270343,0.00740849,0.051764,0.081151,-0.054838,0.104444,0.0570323,-0.0710373,-0.0589343,-0.0526593,-0.0717451,0.0407576,-0.0585735,0.163716,0.12543,-0.0907321,-0.0824964,0.0559087,0.0267984,-0.163629,-0.0128355,-0.0787462,0.054383,0.019475,-0.0747874,0.0313612,0.0906876,0.129356,0.112296,-0.0156886,0.130729,-0.13482,-0.0402774,0.0542877,0.17737,0.194406,0.1236,-0.00721857,-0.00651355,0.0602102,-0.0132058,0.0902057,-0.207741,0.0132854,0.134767,0.0641076,-0.25099,0.117967,0.2254,-0.170292,-0.0451794,-0.016458,0.0128179,0.0206338,-0.0371855,0.0209856,-0.0212818,-0.0434152,0.129198,-0.084815,0.0584434,0.080513,0.0120186,-0.0404391,0.0237233,-0.0739696,0.0970135,-0.0267163,-0.142809,0.16892,0.00909705,-0.18799,-0.122774,-0.0370281,-0.016951,0.145917,-0.0900082,-0.0216907,0.0768205,0.112567,-0.0575627,-0.00501372,-0.0168942,-0.176844,-0.0622317,-0.0329812,-0.020651,-0.0493167,-0.100773,-0.0224708,0.145272,0.192597,0.0818858,-0.0843023,-0.0540244,-0.0372737,0.0500675,-0.0442829,0.0181647,-0.0583071,-0.0206113,-0.0901093,-0.0729873,0.0810794,-0.149752,-0.0517235,0.0445988,-0.00318324,0.0770711,0.207409,-0.0413331,0.0109958,-0.10796,0.0135186,0.130946,0.0266936,-0.00856716,0.0340617,-0.0872256,0.053826,0.169153,0.0972017,0.0279638,0.101061,-0.0662213,-0.0329903,0.0522409,-0.0691363,0.039828,0.0976409,0.0491985,0.0532779,-0.0747681,0.0722231,0.0130355,0.00898441,0.114964,0.0600014,0.0262984,0.082897,-0.0417148,-0.0495715,-0.0930515,0.00973861,-0.0571814,0.0520094,0.102327,0.0563119,0.0302503,-0.0612013,-0.107091,0.000577538,-0.0980499,0.000225776,-0.0325171,-0.163376,-0.171257,0.108567,0.094389,0.0827438,-0.0751667,0.0507962,0.116566,-0.0264037,0.0435062,-0.0244718,0.104809,0.0670071,
-0.109154,0.0806013,0.115448,-0.182376,-0.0168461,-0.045366,0.219992,0.115496,0.0720009,-0.0792954,0.0709633,0.0773074,0.0360361,0.027624,-0.0437354,0.0933923,-0.0777452,0.159041,-0.0840258,-0.0534821,0.0532308,0.0463732,-0.0758512,0.0533018,-0.134456,0.102788,-0.103438,0.0120727,-0.0448254,-0.120021,-0.0152747,-0.0766096,-0.121631,0.0311561,0.032468,-0.110986,-0.209142,-0.0408348,-0.0301678,0.0179446,-0.0589017,0.107045,-0.112495,0.0398079,0.0701754,-0.168308,-0.165926,-0.0189615,-0.180028,-0.128037,0.0173949,0.0634801,0.0151665,-0.0434595,0.0808707,-0.0124699,0.020696,-0.187512,0.0190479,0.0936815,-0.231076,0.0870147,0.0374275,0.178887,0.101687,0.00382194,0.114799,-0.0659343,0.0142547,0.083225,0.0948637,0.0705849,0.105048,-0.0289565,0.0183969,-0.1707,0.0765985,-0.138058,-0.0424014,-0.0468385,0.08202,-0.0527722,0.0215972,0.124466,0.013926,-0.0908817,-0.00356644,0.0495521,-0.02508,-0.113252,0.0296873,-0.20316,-0.0461015,0.0947667,-0.0524025,0.0181691,0.16605,0.0736638,0.0609363,0.0264182,0.143413,0.102665,0.0462766,0.0100888,-0.0214003,0.0749661,0.0369606,-0.0988359,-0.0486564,-0.150362,0.0332492,-0.0165971,0.0153155,0.0399834,-0.0350843,0.151076,0.0531798,0.16674,-0.0208283,-0.0652843,0.0170379,0.0251726,-0.0206992,0.035373,-0.0260882,-0.0646369,-0.0714821,-0.104765,0.160855,0.019611,0.0103856,0.00625001,0.0387498,-0.112127,-0.00899251,-0.0645834,0.027943,0.0593161,0.135397,0.158538,-0.0319625,-0.0389381,0.0262243,0.0339013,-0.16219,0.0622742,-0.0252462,-0.0313483,-0.0609791,-0.0044718,-0.0159649,0.0486142,0.111925,0.000187297,0.135747,0.0555803,-0.0222556,-0.0729326,0.0250317,-0.0578023,-0.0683815,0.0289794,-0.0161554,0.0646201,-0.0411851,0.104632,0.160588,0.0840986,0.146849,-0.0712239,-0.00903247,0.00801625,0.0924126,0.130304,-0.0713604,-0.118775,0.0963441,-0.104808,-0.153556,-0.0581578,-0.0758047,-0.0565444,0.0449443,-0.078019,0.2116,-0.0304057,-0.0550214,0.022028,0.176445,0.146227,0.133679,0.0244776,-0.017541,-0.041515,0.0799335,0.0548755,-0.116908,0.00705846,0.00218475,0.000750682,0.0323598,-0.0672959,0.158789,-0.165984,-0.110738,0.152498,0.113129,-0.0473427,-0.00869831,-0.101542,-0.08394,-0.0390327,-0.150396,-0.0669342,-0.108436,0.034314,-0.0429118,0.0383602,-0.0759981,-0.155667,-0.0433484,0.0620001,-0.0826816,0.0105509,0.076876,-0.18238,-0.0354865,-0.0831012,-0.0917716,-0.182981,-0.116343,-0.045685,0.111924,0.075025,-0.00736371,0.0026233,-0.0379499,-0.113267,-0.0226291,0.146283,0.125573,-0.112795,-0.051828,0.101436,-0.106133,0.0915459,0.041273,0.0325573,0.00217297,-0.136378,-0.0887923,0.115669,0.0886525,0.0141848,0.0256219,-0.0844259,
-0.0388555,0.122556,-0.0894704,-0.024903,0.0426832,-0.147754,-0.0336397,-0.0568231,0.0432177,-0.00634517,-0.113241,0.082972,-0.0331405,-0.115281,0.076497,0.151572,-0.0937465,0.135295,0.109221,-0.0786711,0.00995037,0.121444,5.58207e-05,-0.154937,0.0868144,-0.044342,-0.0702685,0.125818,-0.0639347,0.0965769,-0.0868129,0.0291225,0.0631486,-0.0421544,0.000475613,-0.00567665,-0.025435,0.0526282,-0.0767432,-0.00023809,-0.0130133,0.174588,-0.155964,0.00427219,0.0175555,-0.0460271,0.115375,-0.070913,0.0895881,0.0290299,0.059233,-0.148014,-0.0741333,-0.0741752,-0.143383,0.0460176,-0.0377985,0.0450351,-0.0121581,-0.0193722,0.123946,-0.0080462,0.105531,0.0418468,0.0144818,0.0347501,-0.0390571,0.000367957,-0.0324679,-0.207076,-0.0429677,-0.0734859,0.0114495,-0.0548973,-0.0573313,0.194003,-0.0408926,0.0588039,0.114126,-0.120423,-0.141496,0.127652,0.0744291,0.146258,0.0546661,-0.0746232,0.119919,0.0346031,0.0227837,-0.213588,0.060393,0.034568,-0.193912,-0.0560752,0.12599,-0.195151,0.206724,-0.100748,-9.95784e-05,0.0912103,0.00319474,-0.0765742,0.0384458,0.115252,0.0801739,-0.0934698,-0.0191415,0.00526815,-0.0178979,0.00382915,-0.0815484,-0.0196754,-0.0263394,-0.0265091,-0.0108342,-0.0196546,0.0701159,0.0534725,0.0912417,-0.0667126,0.0868383,-0.0957639,0.15345,0.143563,-0.0511443,0.00128876,-0.048936,0.0113433,-0.0242942,0.0820561,-0.0879711,-0.0030721,0.0812909,0.158054,0.118382,-0.0109631,-0.105491,0.0418926,-0.103236,0.0524163,0.098341,-0.0231783,0.0580993,0.00564022,0.0565144,-0.141119,-0.135256,0.01721,-0.044915,0.185172,-0.0334264,0.023982,0.0171481,-0.0890811,0.0348451,-0.00152752,0.18062,-0.104593,-0.123746,0.0131943,-0.0190439,-0.0405142,-0.00887183,-0.178496,-0.0461401,-0.0333916,0.113065,0.0910073,-0.0270445,-0.0313469,0.0588111,-0.0308576,-0.0621121,0.126885,0.0966238,0.0953555,-0.156703,0.0280273,0.185534,-0.160897,0.0464226,0.0124704,0.0998988,-0.0260565,-0.124184,0.044554,0.144023,-0.119922,0.128624,-0.233335,0.124585,0.0351508,0.0612951,0.0267869,0.0385754,-0.0475136,-0.072516,-0.17081,-0.0403596,-0.0342712,-0.0107832,0.0282811,-0.0786512,-0.0488354,-0.10079,0.0415524,0.159342,-0.00379211,-0.0370644,0.147856,-0.0489185,-0.0470272,0.00379608,-0.142807,-0.113547,-0.075174,-0.126611,0.079619,0.160307,-0.0432676,0.0850101,-0.0316778,0.135759,-0.0891401,-0.0712173,0.0283405,0.11678,0.0909761,-0.0934529,0.0659118,0.0461021,0.0209214,-0.0675423,0.0735701,-0.0958813,0.157696,-0.0066176,-0.133838,-0.0899048,0.0127763,0.0808071,0.0430104,-0.0235251,-0.00603811,0.0225693,0.0562254,0.169196,0.066172,0.101139,-0.0273948,-0.0229818,0.064109,-0.0206649,-0.0948508,0.147306,0.0364932,
0.0542032,-0.0280917,-0.0559268,-0.0340609,0.0440035,-0.0486106,0.0133289,-0.0153957,0.033016,0.107321,-0.0217877,-0.0161039,-0.042373,0.0266204,0.117261,0.174891,-0.0528545,-0.11227,0.0533051,0.0291458,0.116034,0.072471,0.122436,-0.172294,0.00943762,-0.0128587,0.0636963,0.00711566,-0.0306295,0.0850068,0.0249599,0.0420966,0.166952,0.168702,0.1674,0.0977029,0.125856,0.160878,-0.00246734,-0.0696441,-0.135247,0.0412317,-0.0589655,-0.0386966,-0.030274,-0.0520627,-0.0841296,0.0605549,0.0287122,-0.0362231,0.0227268,0.131766,-0.0726923,-0.134603,0.143133,-0.0241308,0.0399937,-0.127618,-0.0711626,0.0880127,-0.130058,0.0214481,-0.0125098,-0.0847812,0.159726,-0.0724673,-0.00618929,-0.105485,-0.172845,0.0225192,0.0834178,-0.0127385,0.0192958,-0.0403492,-0.00823698,0.0124437,0.00928525,-0.00149442,-0.119448,-0.0646616,-0.0243965,0.0542366,-0.0518157,0.100097,0.122844,0.102359,0.107364,-0.0947498,-0.0640785,0.00906066,-0.0850061,0.0901611,-0.00097007,0.0189072,0.130537,0.107162,0.0622461,0.073429,-0.0682648,-0.106778,-0.131514,-0.0204145,-0.0154916,0.00774288,0.0733594,-0.014076,-0.012652,0.0250937,0.0725252,-0.167916,0.0693947,0.0829221,0.0547411,-0.0536804,-0.125162,-0.120152,-0.126217,-0.132435,0.0759112,0.0569434,-0.079115,0.0296053,-0.213581,0.0561729,-0.109652,-0.144105,-0.0285953,0.171314,0.0350396,-0.267792,-0.0739673,-0.241642,0.0971175,0.0233397,-0.0697247,-0.0111078,0.0445597,0.123559,-0.0145856,-0.00884579,0.299104,0.0702074,-0.129021,-0.115486,-0.00746068,0.0975113,0.0132753,-0.0925111,0.0130054,0.132169,-0.0649446,0.160701,-0.0163265,0.0555308,-0.0837263,-0.0311512,-0.0255578,0.0519482,-0.100232,0.15736,0.140115,-0.0231376,0.139145,0.0437407,0.0451549,-0.106852,0.117711,0.135988,-0.103446,-0.138239,0.085293,-0.134121,0.0200022,0.123481,-0.152114,0.0787758,-0.0715833,0.0605085,-0.136351,0.0870815,-0.0136838,0.00876202,-0.0736617,-0.0770663,0.262893,0.111518,-0.0561635,-0.0781508,0.112969,-0.0628336,-0.163415,0.225924,0.012079,-0.0985802,0.0318108,0.0696238,0.0850231,-0.0223954,-0.0732857,0.0139702,-0.0546473,-0.165144,0.0885226,0.0241588,0.0103132,0.229237,0.145039,-0.0299996,-0.00864717,0.033986,-0.0738643,-0.0538221,-0.114329,-0.0296499,-0.0897328,0.089634,-0.0745663,0.110408,0.00619092,-0.103717,-0.0662639,0.191182,-0.0152668,-0.0682998,-0.119578,0.0611362,0.135649,0.00180263,0.255391,0.12038,0.00418206,-0.0723349,-0.0172274,0.0295386,-0.0342347,-0.0167197,-0.0181622,-0.0844721,0.0660855,0.0617368,0.0283741,0.0744488,0.0308885,-0.0906268,-0.0617668,-0.022446,0.0267638,-0.128075,-0.120949,0.0770787,-0.0247926,0.11573,0.0125584,0.0419147,0.0241561,-0.113555,
-0.188244,-0.167435,0.0401002,0.0747382,-0.0119831,-0.0595429,0.018572,0.107476,-0.0896489,-0.022356,-0.0315468,0.205468,-0.0882534,-0.212909,-0.154668,0.00605405,-0.0419761,-0.124256,0.0194956,0.0307065,-0.0953231,-0.136328,0.0636433,-0.0106335,-0.10213,-0.0840865,-0.0512115,-0.147901,-0.0847329,-0.0151034,-0.0151257,-0.184441,-0.14765,0.0516249,0.0474486,-0.114437,0.0520001,-0.00560752,0.0130147,-0.0477741,-0.0680311,-0.073483,0.0604957,-0.013402,-0.0376456,-0.000766989,-0.00942923,-0.0862555,-0.0734792,-0.0841323,0.103199,-0.0877934,-0.0843347,-0.0360424,0.0724047,0.0296751,0.0145055,-0.111949,-0.021177,-0.0514319,-0.122469,0.0846951,-0.140844,-0.025668,-0.194612,-0.144246,-0.208336,0.060058,0.0544815,-0.284761,-0.0611669,-0.168714,0.0169435,0.0919912,-0.00654544,-0.0147184,-0.0245149,-0.153508,0.140219,0.090155,0.0199082,0.0154026,-0.00402448,-0.146599,-0.141195,-0.0220515,-0.0319303,-0.152324,0.125415,-0.0702205,-0.114806,0.0810892,-0.0247375,-0.0533769,-0.0276877,-0.193882,-0.112804,0.0310916,-0.0455902,0.283112,-0.15183,-0.0108555,-0.0969831,-0.216831,0.0020109,-0.0451834,-0.0853703,-0.256477,-0.130941,-0.138878,0.0240975,0.0197123,-0.0505662,0.0878364,-0.154058,0.132178,-0.147403,-0.152394,0.0757063,0.105319,-0.147194,0.0065468,0.0146088,-0.0565332,0.00318173,-0.163664,0.00328904,-0.0905414,-0.0150888,0.0822408,0.0489615,0.0342696,-0.128957,0.0165646,-0.0480273,-0.0960598,0.0868275,0.0102237,-0.12296,-0.0490199,-0.0934896,-0.0513936,-0.134464,0.0751456,0.0246136,0.0230668,-0.138811,-0.0197758,0.00574998,-0.137699,-0.224917,0.0617291,0.0864364,-0.0130816,-0.0161781,-0.0706053,-0.240706,-0.206179,0.0368291,-0.0801259,0.0897127,-0.00432298,-0.0322878,0.0219024,-0.0652001,-0.00473438,-0.106167,0.0730702,-0.160832,-0.105878,0.128757,0.050321,-0.0866333,0.290681,-0.253151,-0.00413185,-0.107189,-0.19431,-0.160768,-0.0242017,0.0966611,-0.058484,0.0259425,0.0306357,-0.0405894,-0.0994243,-0.0654457,0.0617607,-0.0850875,-0.0657882,0.00855829,-0.0349926,-0.0466902,0.0377705,-0.0857394,0.0139464,-0.0614235,-0.282183,-0.153337,0.159864,0.00061582,0.175905,-0.131367,0.0936947,0.0102189,-0.0760732,0.196993,-0.147857,0.00369162,-0.108734,-0.00408461,0.0172807,-0.143884,0.0561671,-0.10333,-0.0969941,-0.166035,-0.0294668,0.0559945,-0.0392382,0.211143,-0.0967311,0.121221,-0.220271,0.0837424,0.138991,-0.0566851,-0.0316055,-0.195125,-0.352648,-0.113929,-0.0120281,-0.0195184,-0.194735,-0.17613,0.00593932,-0.147286,-0.0454655,0.0484629,-0.00583088,0.0258635,-0.108418,-0.0313896,-0.0869076,-0.0582724,0.170714,0.10312,-0.00525013,-0.284944,-0.0740568,-0.144318,-0.0395748,-0.105378,0.0313872,-0.0684103,-0.176692,
0.0434097,-0.25136,-0.090697,0.0891252,-0.0414412,-0.0712329,-0.0469672,-0.0299222,0.075367,-0.0979107,-0.0247046,0.189563,-0.0582238,-0.126588,-0.153124,0.0736487,-0.016808,-0.01711,-0.0564775,-0.22759,-0.0695556,-0.0824876,-0.0912381,-0.0321886,0.0400768,-0.0981901,-0.0958174,-0.210457,0.0245086,0.048858,0.0468717,-0.232154,-0.0206067,-0.119285,0.0603225,-0.194447,-0.0854048,0.00698913,0.0596944,0.0464132,-0.100026,-0.204909,-0.127618,0.108957,-0.0766092,0.00190369,-0.00512285,0.00056924,0.0531787,-0.0415253,0.109304,-0.103596,-0.133186,0.000255371,-0.108626,-0.245074,0.0137225,0.0255622,-0.0200294,-0.223705,-0.0702565,-0.0198755,-0.248476,0.0328359,-0.147388,-0.129293,0.00435424,0.0498533,0.042793,-0.242959,0.0011282,-0.134508,-0.00256356,-0.0151943,0.080497,-0.08331,-0.0188155,0.0680123,-0.0620581,0.0515404,-0.0583741,-0.15239,-0.237946,-0.206112,-0.0202326,-0.0541167,0.0139695,0.0390101,-0.0337123,-0.129297,-0.0446982,0.0659409,-0.127453,-0.120435,-0.16274,-0.0979945,0.062813,-0.112182,0.0654882,0.375177,0.00278527,-0.0699852,-0.0509791,0.006263,-0.00786838,-0.0254793,-0.00766169,-0.191693,-0.068359,0.109288,-0.0777384,-0.0864955,-0.0732697,-0.00665823,0.0391685,-0.0114289,-0.118471,0.0556118,0.150429,0.00292528,-0.149151,0.0951973,0.0213012,0.0055531,0.0387901,-0.00432077,-0.0976255,-0.0522572,-0.0251049,-0.0990058,0.0713789,-0.169401,0.00741379,0.0295981,0.0146019,-0.0304613,0.0167236,0.0409459,-0.0177861,-0.0518301,-0.0451334,-0.153812,-0.140873,-0.00686199,-0.0248145,-0.122132,-0.0700141,0.039638,-0.0538123,0.0797894,-0.315597,-0.0358207,-0.0284656,0.108378,-0.0170507,0.0747046,-0.15483,0.102782,0.124294,-0.119171,-0.106846,-0.0130823,0.135937,0.0444561,-0.12442,-0.0186407,-0.0816457,0.169649,0.0853787,-0.130602,0.0539611,-0.168586,-0.100327,0.319649,-0.0123465,0.042838,0.116697,-0.111864,-0.176932,0.0443984,-0.0585561,0.0932416,-0.0101346,-0.0894029,-0.0680266,-0.189088,0.0578643,0.0637337,-0.000987803,0.0817302,-0.184974,0.0713041,0.156571,-0.162994,0.191032,-0.000910789,-0.0299297,-0.065909,-0.0648611,-0.184743,-0.0673417,0.184319,-0.0930847,-0.170538,-0.16434,0.00328971,-0.0453401,-0.160896,0.0776902,-0.0909298,0.0342666,0.0161349,0.0440906,-0.00808075,0.0143246,0.0427478,0.0770661,-0.121247,0.0466779,-0.11643,0.17677,-0.114741,-0.0212374,0.0170799,-0.15102,-0.118503,0.12153,0.0368227,-0.054416,0.0216407,-0.21297,-0.0244078,0.0580193,-0.290782,0.00446351,0.0786639,0.00802544,-0.109897,0.24045,-0.0302569,-0.0115636,-0.10174,0.0772562,0.0221789,-0.0664596,0.125684,-0.0329622,-0.0547366,-0.113456,-0.144686,-0.0190742,0.0174168,0.0927945,-0.128677,0.0165921,-0.134183,
-0.115427,-0.197853,0.0195452,0.0360177,-0.0236332,-0.0341848,-0.153122,0.052114,-0.0394032,-0.0279117,-0.00380077,0.0885769,0.0734343,-0.0607664,-0.10393,0.0343521,0.0576042,0.1376,0.0605831,-0.0298227,-0.0278907,-0.0147817,0.012058,0.0976795,0.0256621,-0.0647554,0.0609393,-0.0161228,-0.0280714,0.0767968,0.00788351,-0.128743,-0.0258681,-0.334759,0.0843527,-0.26957,-0.0993647,-0.0474478,-0.0350683,0.0262322,0.0170858,-0.10735,-0.00710841,-0.128173,0.130448,-0.0494675,-0.172431,-0.131138,-0.0821701,-0.0125646,0.0475475,-0.0588332,-0.0436172,0.0345607,-0.0523925,-0.0335892,0.124374,-0.223336,-0.03491,-0.0142358,-0.0644103,-0.0738598,-0.123257,-0.0203243,-0.0401538,-0.087479,-0.0959802,-0.0357559,0.13384,-0.192857,0.0395338,-0.0490346,-0.0609942,0.0610453,-0.0235969,0.110786,-0.00835869,0.0950076,0.0253521,0.00481396,-0.186293,-0.0183994,-0.0774372,-0.0546933,-0.186192,-0.0147039,0.0837787,-0.0198011,-0.0582456,-0.110634,0.201826,-0.109661,-0.123247,0.0176598,-0.0185335,-0.0602636,0.0162045,0.0668097,-0.147946,0.151377,0.116086,-0.134817,0.0871099,-0.214572,-0.0206058,0.0935991,-0.100698,-0.0550665,-0.0578039,0.0203501,0.00404857,-0.0949236,-0.183637,0.159096,0.0176618,-0.0453655,-0.0939187,-0.15146,-0.0669156,0.130552,0.151072,0.0538758,-0.115004,0.0847326,-0.0452795,0.0258315,-0.100959,0.0151112,-0.0892659,0.0315465,-0.122287,0.143545,-0.0835269,0.0329366,0.0498856,0.0636999,-0.0735175,0.0928895,-0.0942174,0.072537,-0.00560065,0.0156392,-0.190958,0.145851,0.181686,-0.00122662,-0.0252553,-0.112596,-0.0317666,0.0375629,0.0611514,-0.163613,0.00119796,-0.0854465,-0.0265005,-0.068879,-0.0969,-0.122675,-0.0217918,-0.104002,0.124062,-0.0210074,-0.0794224,0.0708469,-0.295833,-0.00307724,0.0516691,0.140011,0.0334297,-0.0371299,-0.000643088,-0.136687,-0.148874,0.248636,-0.0252642,0.0137655,0.0269849,-0.0628736,0.0458572,-0.0497172,0.10103,0.142554,0.0341452,-0.0984453,0.0786032,-0.189559,-0.00836925,-0.101272,-0.0704937,0.0682806,0.0131198,-0.0705109,-0.0769122,-0.00803675,-0.00186641,0.0941787,-0.00206574,-0.0306509,-0.0465115,0.0418508,-0.00957394,-0.0633724,-0.121311,0.0174105,-0.0263798,0.0482261,-0.015431,0.0395264,0.0716382,-0.0480839,-0.0599401,-0.0614985,-0.156579,0.0178652,0.00490348,0.120346,0.103536,-0.0921333,0.114986,-0.0701556,-0.0643615,-0.0793666,0.00319601,0.0129671,0.0760462,-0.126024,-0.0758779,-0.0864464,-0.0592292,-0.059811,-0.00875127,0.0995945,0.00751188,-0.12324,0.0354969,0.0762379,-0.0359849,0.0429352,0.152545,-0.0287201,-0.0290681,-0.0468713,0.0368078,-0.102889,-0.219226,0.134316,0.110642,0.100537,0.0383762,-0.0394677,-0.0877989,-0.0347809,-0.0864525,0.0475709,-0.0497775,-0.253014,
0.150401,0.0261084,-0.141419,0.0608021,-0.0775523,0.129476,0.0149937,-0.0502217,-0.137986,0.00929337,0.0531734,0.181677,-0.0288602,0.0599775,0.0282147,0.00581828,0.0391723,-0.156098,-0.0633237,-0.0563877,0.10639,0.0379535,-0.0874677,0.0541848,0.0358837,-0.0444214,0.06531,0.0535195,0.0629387,0.0230279,-0.0636855,-0.0762212,-0.0104275,0.0563501,-0.0994901,-0.0865742,0.0463826,0.0604689,-0.119544,-0.0316018,0.202993,-0.0662499,-0.0222547,-0.0494064,-0.0337735,0.0260212,-0.00449216,-0.0985697,-0.203069,-0.0216561,-0.0394193,0.0338748,0.0324363,0.00634157,0.00498626,-0.24789,0.0556383,0.156328,0.0500987,-0.0782894,-0.0915913,0.00309825,-0.00349754,0.0331306,0.0491287,-0.113833,-0.00595198,-0.133816,0.0842187,-0.0146958,-0.0492938,0.0474143,0.0163748,0.0340631,0.0410929,0.0400244,0.0293722,-0.000764247,-0.0339324,0.0237202,0.0576622,-0.020225,0.0245944,0.0734396,0.0160418,-0.148093,0.093436,-0.00382043,-0.00585938,0.0998128,-0.0706052,-0.0578824,0.0809542,0.126294,-0.0718586,-0.0274925,-0.091394,0.108413,-0.0114094,-0.0360248,-0.115398,-0.0278976,0.101745,0.0896769,0.0234754,-0.234401,0.0201333,0.0510767,-0.0731052,-0.00441197,0.0964107,-0.0337056,-0.195218,0.0733522,0.169787,-0.0370944,-0.167342,0.0565698,-0.0800586,-0.113368,-0.0295362,-0.0748163,-0.0134047,0.076266,-0.0268554,0.0892285,-0.0908859,0.0444334,-0.00561259,0.129418,0.0585745,0.0241697,-0.153997,0.0757697,-0.0725003,-0.0134937,-0.140442,0.120141,0.109469,-0.124609,-0.128865,0.0503855,-0.000607113,0.102705,0.0204627,-0.0872936,-0.073745,0.0963461,-0.171977,0.0315291,0.073697,-0.061263,0.0191754,-0.0119169,0.00349804,-0.0810746,0.0504689,-0.00595722,0.0326329,-0.0278747,-0.0910779,0.0341467,-0.170806,-0.0233434,0.022194,0.0217513,0.118287,0.0043513,-0.0328467,-0.0263178,-0.0220819,-0.14298,-0.228546,0.0145114,-0.160913,-0.120731,-0.0783891,0.0118808,0.0739429,0.0427063,0.107112,-0.0272545,-0.0191135,-0.145149,0.00177788,0.0451542,0.0188086,-0.0324857,-0.0968106,0.2176,0.106106,0.00554,0.181782,0.106553,-0.100999,-0.0857408,0.0103846,0.0139532,-0.100143,-0.133272,0.0159033,-0.0557865,0.0264314,-0.0290294,-0.0231896,0.0900068,-0.0238828,-0.128481,-0.0978673,-0.00367829,0.112534,0.0302647,-0.00671842,0.00126372,-0.0179623,-0.0409067,0.0846266,-0.0499523,0.00588575,-0.0404569,-0.0666842,-0.0312462,0.0378461,0.0550021,-0.0610693,0.0474085,0.0506595,0.0567893,0.249002,0.109429,-0.134585,-0.114585,-0.0171595,0.0119082,0.00360381,0.104923,-0.0787098,-0.00293287,-0.00525436,-0.0159416,-0.140128,-0.0444913,0.0152436,0.0448755,0.0479424,0.0487427,0.0482942,-0.0289756,-0.0703968,-0.139553,0.108815,0.082559,0.231224,-0.0878483,-0.0466549,-0.0268833,
-0.015362,-0.145389,-0.0991292,0.160446,0.00845162,-0.0392061,0.0872428,0.00449691,-0.146318,-0.0422869,0.0623588,-0.0222552,-0.0716275,-0.0176376,-0.118815,-0.136189,0.147583,-0.0365841,0.00760979,-0.0390537,-0.144961,-0.062011,-0.0391209,-0.031788,-0.175521,-0.0514155,-0.0694612,0.109983,0.0416194,0.0336298,0.0376248,-0.120791,-0.0421525,-0.0387147,-0.0943706,-0.0715343,-0.00789505,-0.0122127,0.00768599,-0.176508,-0.204412,0.0141003,-0.0710088,0.0823047,-0.0639858,-0.120927,-0.0268127,0.0653041,0.117587,-0.0574741,0.0766408,0.032944,0.0655522,0.0277201,-0.0530172,-0.0233737,0.173108,-0.0134535,-0.0341446,-0.157587,-0.0968124,-0.188482,-0.0430332,-0.125799,0.00931077,-0.0998703,-0.0659381,-0.105293,-0.068306,-0.162518,0.027497,-0.147919,-0.0751867,0.0610948,0.0468085,-0.114469,-0.0333537,-0.154996,-0.0439481,0.0962912,-4.33389e-06,0.0029569,0.0911304,-0.180509,0.0418852,-0.0805209,-0.0879517,-0.0596183,0.0224786,-0.0993349,0.0311624,0.104311,-0.0418964,0.0936451,-0.0562849,0.0246891,-0.0707896,0.156027,0.0811209,0.111307,0.0819173,0.0173092,-0.0334623,-0.190334,0.0383495,0.0423861,0.0417336,-0.0440218,-0.00687276,0.1067,-0.000156868,-0.0765308,0.0577935,-0.112347,-0.0126674,0.139085,0.114271,-0.0141572,0.0144798,-0.0738729,-0.150466,-0.0712188,-0.0511293,-0.00595978,0.039735,-0.0922859,-0.0126724,-0.0442603,0.0112369,0.0676964,0.0414798,0.0148019,-0.0388551,-0.176263,-0.103213,-0.0936938,0.117367,0.0104861,-0.0650941,-0.0350564,-0.0471305,-0.281708,-0.149423,-0.237675,0.190146,0.147338,-0.0711086,-0.0977088,0.0472254,-0.0434263,-0.0218003,-0.0734196,0.035422,-0.037467,0.0194762,0.0132686,-0.0065635,-0.0243888,-0.0443335,0.0739466,-0.109602,-0.129783,0.0610683,0.103335,-0.00332594,-0.104309,-0.0512582,0.0560504,0.110945,-0.0505385,0.0219325,-0.0133396,-0.0299005,0.158438,-0.064352,0.00582753,-0.0226667,0.0190919,0.109345,-0.017921,0.114302,-0.0997537,-0.00688095,-0.17553,0.0699356,-0.0741546,0.0435147,-0.189209,0.011808,0.0174497,-0.0677512,-0.0958849,-0.0722112,-0.0820685,0.0835846,-0.0651136,0.0739411,-0.0441144,-0.0401834,-0.0279232,0.0779818,-0.113835,-0.0234097,-0.146971,0.0107519,0.0832578,-0.0592871,0.0682634,0.0514456,0.089931,-0.00297113,-0.0797435,0.0251668,0.14419,0.14928,-0.169153,-0.142174,-0.223152,0.178068,-0.0539756,-0.0346785,-0.0592008,0.0260292,0.0323683,-0.177265,-0.0306608,0.0626492,0.0140649,-0.00731411,0.11018,0.0507986,0.137645,0.0403941,-0.0837429,0.0732223,-0.0319217,0.170625,0.0216623,0.110892,-0.0418112,-0.0317255,-0.0634595,-0.07468,0.0594939,-0.0561781,0.0734066,0.145194,0.0691278,-0.0274989,-0.0723574,-0.0329806,-0.111151,-0.0149418,0.116324,0.0991753,-0.0516443,
0.042756,0.0760388,-0.011464,-0.042488,-0.0762299,-0.0385548,-0.0194449,-0.0644059,0.0611435,0.156865,-0.0962619,0.125864,-0.0740024,0.223738,-0.0672327,-0.0143229,0.0596513,-0.0384736,-0.00891673,0.0629578,-0.0107605,0.00890087,-0.133834,-0.0675464,0.177139,-0.0551871,-0.00856567,0.196508,-0.0378115,-0.0882358,0.175368,0.0580262,0.0582247,0.0986801,0.0330947,0.0550871,0.0895595,-0.0988912,-0.147805,-0.00891775,-0.0298416,0.145034,0.197681,-0.0317596,0.0404914,-0.119109,0.0372021,0.0259283,0.171367,-0.0968954,-0.00944569,-0.171926,0.119203,-0.0558864,-0.0859992,-0.000724897,0.102024,-0.0701419,0.170991,0.0302532,-0.0546236,0.109046,0.0993259,0.0460535,0.115445,-0.00314649,-0.0102644,-0.0652844,-0.00435999,0.00891809,-0.163924,0.0603919,0.0371731,-0.0506633,0.071224,-0.175843,0.0533201,-0.0984063,-0.113984,0.0014038,-0.074649,0.0358306,-0.0130039,-0.103529,-0.0247766,0.00613986,-0.000541256,-0.0511976,-0.107699,-0.00237005,0.127437,0.0701939,0.116769,0.062227,0.0766989,-0.130592,0.117782,-0.0508399,0.00477056,0.109938,0.00438117,-0.0440585,0.122374,0.0477741,-0.0605738,0.169457,0.018334,-0.0440962,-0.168979,0.0535085,0.118506,0.164779,0.031626,0.0800753,0.161556,0.0111741,0.00246593,-0.0651469,0.201668,0.03869,0.127938,-0.0211451,-0.1324,-0.0748459,0.0597291,0.0907856,0.0142559,0.0794005,0.00665621,-0.0546087,-0.0443632,-0.0376489,0.0871912,-0.123319,-0.0663414,0.0529514,-0.0648407,-0.0366053,0.0884452,-0.0402059,0.00457873,-0.0791001,0.0679717,-0.0561929,0.128815,-0.0639521,-0.169642,-0.0148744,-0.0746111,0.0712212,-0.210057,-0.019493,-0.164356,-0.0456995,-0.0238921,0.100498,-0.0237332,-0.088967,-0.0631549,-0.0458758,0.0747727,-0.142965,0.109816,-0.0550774,-0.00903448,-0.107883,0.0752783,-0.032818,-0.0522524,0.0362275,0.0445594,-0.0336488,0.069527,0.0349343,-0.00376352,0.0365199,0.0272345,0.107548,0.00900047,0.0503452,0.0861018,-0.187453,-0.00919693,0.123585,0.125692,0.104531,-0.0290492,0.100518,0.0853245,-0.0494302,-0.110828,-0.0517859,0.00102403,0.0886231,0.0169264,-0.00931066,-0.144484,-0.17483,-0.0921001,0.073499,-0.066406,0.0723894,0.0782455,-0.111501,0.00349779,0.0520423,0.132164,-0.0316539,-0.0340914,-0.00502254,0.0324425,-0.00156333,0.0165276,0.0362432,0.109736,0.00976478,-0.156244,0.106701,-0.0136163,-0.00375982,0.111497,-0.0464878,-0.156296,-0.0761745,0.0172037,-0.173905,-0.0495032,0.0260453,-0.110129,0.0611268,0.0446085,-0.189292,-0.00879751,0.0911798,-0.0150802,0.0181311,0.0461898,0.0403981,-0.00539826,-0.101365,0.0649112,-0.0661181,0.0819452,0.0901096,-0.0728897,0.042982,0.0752742,-0.0330565,0.00482315,0.0167655,-0.0876279,0.0851118,0.0883655,0.156028,0.0276421,-0.117325,
-0.0886402,-0.265065,0.0343288,0.0634418,0.00413257,-0.0992291,-0.0540461,0.0210083,0.0776433,-0.0612559,-0.0557951,0.159895,-0.16651,-0.0573008,-0.27993,0.2404,0.0836086,-0.0991471,0.0215629,-0.0349382,0.0277648,-0.0826174,-0.107284,-0.141616,-0.159875,-0.0395198,0.0123107,-0.16606,0.0954501,-0.0507679,-0.0597787,-0.105328,-0.10654,0.04125,-0.0460961,-0.132343,-0.0487555,0.0510407,0.00381871,-0.0934647,0.103219,0.0130331,0.0611517,0.0125892,0.0819502,-0.0482274,0.0201594,0.00232485,0.0363211,0.0736822,0.0899193,-0.0860728,-0.0998149,-0.0257891,0.0100813,-0.0836391,0.0372322,-0.171826,-0.144378,-0.156738,0.108046,0.000265111,-0.176833,0.101508,0.141647,-0.0930432,-0.105091,-0.137229,-0.12377,-0.239912,0.0313701,-0.0475643,-0.0414001,0.100329,-0.038251,0.100336,-0.0478987,-0.0483639,-0.0378096,-0.0135715,-0.0216744,-0.0636963,-0.111353,-0.034699,-0.0509087,0.107209,-0.0573716,-0.0432073,-0.0460454,0.00194574,-0.0512486,-0.0766253,-0.079125,-0.0972862,-0.0172706,-0.147847,-0.107429,0.0247714,-0.0880976,0.237433,-0.0817428,-0.211878,-0.113528,-0.0492619,-0.0587584,-0.021033,-0.141648,0.0130574,0.0175486,0.0279671,0.123412,0.0739521,-0.100898,0.0101886,0.00973154,-0.0335097,0.0199596,-0.0742378,-0.156781,0.0269645,-0.111957,-0.0160215,-0.0669257,-0.0481459,0.0455557,-0.0129121,-0.0422192,-0.076675,-0.0436933,-0.0267096,-0.0574236,-0.0285484,-0.18816,-0.0057129,0.00841983,0.0216203,0.00865157,0.110641,-0.226401,-0.137125,0.0748175,-0.0476601,-0.39873,-0.000788089,0.0500165,0.126346,-0.0264534,-0.10134,0.0783516,-0.0702163,-0.0847815,0.162934,-0.0580514,-0.0227187,0.0139445,-0.0949153,-0.0300403,0.13131,0.1177,-0.0372674,-0.0688544,0.0530756,-0.000390097,0.134958,-0.0685409,0.08142,0.0688323,0.0670264,0.0696991,-0.220898,0.0277299,-0.0183547,-0.0885646,0.196062,-0.112886,-0.0768807,0.0648753,-0.110887,0.0656902,0.0615914,-0.0896953,0.0482756,-0.0582894,-0.067064,-0.0446523,-0.0746779,-0.0478541,0.0488298,-0.0553837,0.147726,0.0128581,0.0238147,-0.0137388,-0.117111,0.0539634,-0.02199,0.0872569,-0.0454868,-0.046858,-0.14605,-0.148553,-0.0696957,-0.106577,-0.151903,0.0486913,-0.160113,0.0905655,-0.0180362,0.0912868,-0.145915,0.0331239,0.0332651,0.058281,-0.0273176,0.048049,0.0621692,0.12379,0.0121358,-0.0294719,-0.0232243,0.102326,-0.0547125,0.10605,-0.0220788,-0.122542,-0.0627115,-0.0452157,0.0450537,-0.11368,-0.00569288,-0.040953,-0.12265,0.132767,-0.181922,-0.0335261,-0.157197,-0.276773,0.0487912,-0.0295951,-0.0634014,-0.0463228,-0.0374828,-0.0710982,0.0509243,-0.0753884,0.133003,0.121769,-0.0177089,-0.0612747,-0.0394868,-0.120639,-0.106918,-0.0832805,-0.159566,-0.02536,-0.0479148,
0.0461983,-0.102405,-0.0250243,0.154872,-0.0533138,-0.0244523,-0.0543862,0.00281011,-0.0342176,-0.170923,0.0610831,0.150664,0.026606,0.023413,0.0950811,-0.00783657,-0.122513,-0.16973,-0.0984923,-0.0607921,0.148742,-0.0169459,0.0429605,-0.0362675,0.134361,0.0767172,-0.133539,0.0117084,-0.203079,-0.00197222,-0.16862,-0.122526,0.0993457,0.0554596,0.0403421,0.0531643,0.0575791,0.0902737,0.0346815,0.0878631,0.130115,-0.1408,-0.154872,-0.0981098,0.0829533,-0.116516,-0.00241521,-0.0494368,0.12981,-0.00784904,-0.146568,0.0153942,0.105114,0.0185466,0.137559,-0.0891676,0.0712042,-0.0889679,-0.0541386,0.0424848,-0.0184657,-0.0353166,-0.105082,-0.0410567,-0.00280594,0.0219279,-0.0990101,-0.0417847,-0.0474015,-0.0416281,-0.302828,0.00450087,0.206044,0.00566621,-0.00498966,0.0399081,0.0551898,0.0248011,0.0316801,-0.117344,0.0634645,0.146325,0.0211878,-0.0311853,0.0438245,-0.161996,-0.193759,0.205393,0.0295748,0.00149078,-0.148218,-0.0709972,0.150143,0.0362097,0.192548,-0.129196,0.00740848,0.00216725,0.104576,-0.178439,0.0209538,-0.0732238,-0.161228,-0.0155886,0.00747915,-0.0626343,0.0614607,-0.064607,0.1751,-0.0133929,-0.00153328,0.00157803,-0.0521293,-0.0137683,0.0132214,-0.0890915,-0.136,0.12408,-0.111999,-0.0522205,-0.0957101,0.0280068,-0.0957063,0.192696,0.0456476,-0.0746052,-0.141409,-0.0302074,0.0589513,-0.107478,-0.239352,-0.0183661,-0.0608418,-0.122688,-0.0837483,-0.0292549,-0.0160474,-0.137643,-0.086063,-0.0466545,-0.106844,0.0157233,0.101965,0.122122,0.0347857,0.0505507,0.0332959,0.225913,-0.0256433,-0.108801,-0.0193016,-0.00247286,0.0871389,0.0710904,-0.0931949,0.1606,0.0553641,-0.0359479,0.0381087,-0.00118678,0.0280381,-0.0685743,-0.0313919,-0.12919,0.0699586,0.122978,-0.0906033,0.0774653,0.0195938,0.00290487,-0.101012,0.0875496,0.000316539,0.0655236,-0.0196516,-0.129251,0.00285289,0.12011,0.0167465,-0.0628771,0.0379284,0.164764,0.023626,0.138769,-0.0261656,-0.11836,-0.00589502,0.0350738,0.0192517,-0.0549728,0.0478518,0.0736223,-0.0484981,0.0509576,-0.0158974,-0.0275245,-0.00788074,-0.0234504,-0.0755136,0.0947898,0.0116337,-0.127834,0.0491277,-0.0608755,-0.0348555,-0.0670965,0.0609885,-0.107175,-0.00784048,0.00437761,0.0844913,0.0458477,-0.0652956,-0.00164208,-0.027128,0.0457938,-0.0148459,0.0978917,-0.10458,0.0267998,0.121125,-0.0987538,0.0184885,0.0381341,-0.066485,-0.126112,0.133664,0.0799397,-0.0558687,-0.0072515,-0.141069,0.0933652,-0.0372115,-0.0156405,0.00154715,-0.145561,0.0514915,-0.104725,-0.0212867,-0.0359662,0.0628514,0.191843,-0.0841486,0.109119,0.0619497,-0.0649914,0.0738673,-0.0244793,0.10096,-0.0984439,0.0546664,0.0334429,0.0506564,-0.164316,-0.0379187,0.099873,
-0.0906543,-0.297407,0.00806132,0.123955,-0.0207093,-0.178521,0.0644112,-0.139187,0.0668592,-0.0414834,0.151876,0.117945,-0.0214939,-0.142375,-0.156571,0.0423536,-0.11461,-0.0886389,0.0215089,-0.128294,-0.0172998,0.00210616,-0.061002,-0.112368,-0.040472,0.0166906,-0.0615345,0.106457,-0.0339189,0.00717837,-0.0334287,-0.26248,-0.259874,-0.114496,0.0796322,0.0990421,0.0229858,-0.0818311,-0.0100981,-0.124928,-0.143679,-0.152676,0.0363755,0.0373851,-0.113985,-0.0195255,0.154968,-0.0903229,-0.0757794,-0.00577841,0.0435513,0.00983005,0.0560341,-0.229531,-0.0351431,-0.159321,0.0483661,-0.162948,-0.0610665,-0.0389025,-0.0322427,-0.065646,-0.278947,-0.0852168,-0.117224,-0.0936691,-0.225894,-0.0672128,-0.0305301,-0.314883,-0.174846,-0.12887,-0.218664,0.217196,0.0542445,-0.10176,0.0132869,-0.162654,-0.120186,-0.0727529,-0.13875,-0.129454,-0.0928514,-0.269515,-0.122815,0.0719281,-0.00475313,0.0983421,0.0447006,-0.0107683,0.0536467,0.00615222,0.0544891,-0.101727,0.0122528,-0.0834151,-0.0179113,-0.0814206,0.0589006,0.262672,-0.0454784,0.0100018,-0.109703,-0.134129,-0.121383,0.0872962,-0.0965909,-0.0947082,0.030871,-0.108172,0.142147,-0.154577,-0.11931,-0.109916,-0.0791913,-0.00285564,0.087144,0.0507481,-0.17603,0.0188578,-0.203774,-0.107871,-0.0894344,0.0652255,0.0564702,0.110907,-0.0382003,-0.184952,-0.0695204,-0.0788744,0.0891266,-0.0478496,0.0174908,0.0491208,0.0390985,-0.0153328,0.105604,-0.036186,0.0350819,-0.152705,-0.0191943,-0.131029,-0.0170998,0.105185,0.0260131,-0.0538043,0.00885001,-0.112609,-0.0464777,-0.135761,-0.0508949,0.0201152,0.0279125,-0.00828438,-0.0306737,0.019832,-0.209539,-0.0257892,0.0547812,-0.0187107,-0.0497314,-0.0291042,0.022462,-0.0676391,-0.158525,-0.00324322,5.72652e-05,0.126647,0.105217,0.0727649,0.175991,-0.12361,-0.172101,0.31697,0.104505,-0.0327352,-0.0904097,-0.23828,-0.116343,-0.184911,-0.176968,-0.0800026,-0.131904,-0.0931873,-0.166591,-0.0819772,-0.044174,-0.0018667,-0.102624,-0.0827855,-0.0396367,-0.0430877,-0.0156583,-0.152241,0.109179,-0.0770525,0.174012,-0.234019,-0.142461,-0.0535071,0.0216706,-0.0679827,0.050579,-0.11168,-0.16244,-0.0773481,-0.0474383,-0.111735,0.0674471,-0.0576331,-0.116892,-0.0511534,-0.230272,-0.0585164,-0.0549076,0.0633622,0.0189343,-0.0816862,0.0610128,-0.206726,0.0982227,-0.0226149,0.0322458,-0.0576104,-0.0731314,-0.0972541,0.0211052,-0.0405177,0.0117659,-0.0659893,-0.00352635,0.00841292,0.0850723,-0.217516,-0.0288337,0.0977042,0.0337196,-0.0606776,0.0331005,0.00666477,-0.141208,-0.200761,-0.137399,-0.0431617,-0.032224,0.0963481,0.0134862,0.00608261,-0.066099,-0.19916,-0.167748,-0.250944,-0.0428771,-0.0157099,-0.0157156,-0.11418,
0.0114922,0.0254448,-0.0175974,-0.0359376,0.14158,0.0148782,0.0207977,-0.0102297,0.136792,0.0774313,0.0581132,-0.12443,0.0306216,-0.0667221,0.0428839,-0.0282744,-0.0621985,-0.0656297,-0.071092,0.00832931,0.128907,-0.0196833,-0.175976,-0.0185752,-0.0478927,0.123418,-0.0414769,0.170774,0.0198985,-0.0235963,-0.0958117,0.206881,0.061137,-0.0170155,-0.127151,0.0895936,-0.0543174,0.0101265,-0.00682758,0.0867788,0.176327,0.0870905,-0.0318218,0.0703693,-0.0230438,0.10605,0.014242,0.0294428,-0.0160734,-0.13081,0.124019,-0.233341,0.121218,-0.0774717,-0.109762,0.0778633,0.0448198,0.0885569,0.0461583,0.00830715,0.0732705,0.0883132,0.0812066,0.0358095,0.117566,0.142241,0.145944,0.0670193,0.0566032,0.0197601,-0.130061,-0.0579445,-0.0554532,0.0221841,-0.0572076,0.079504,-0.030033,0.0108974,-0.0121247,0.133876,-0.0031985,-0.0628262,0.150018,0.0839839,0.0103198,0.0363886,0.10383,-0.188336,0.131413,-0.0259007,-0.0242376,0.0553227,-0.0109112,0.0383647,0.0663326,0.149152,0.0702621,0.13989,0.109738,0.0290201,-0.109294,-0.0140351,0.0591782,0.0039002,0.0145806,-0.0848137,-0.169983,0.0037677,-0.0420277,0.055474,0.0435426,-0.0517632,-0.0751097,0.0432607,-0.155552,-0.0114417,-0.00578854,0.0100487,0.136542,-0.0934398,0.00249931,-0.0610639,0.0238612,-0.0430548,-0.123803,0.184202,0.139169,-0.0954752,0.0588427,-0.0215408,-0.177634,-0.0432346,-0.130073,-0.109027,0.0530479,-0.240397,-0.0124414,0.151706,0.113434,0.191215,0.0474444,0.00225083,-0.0741336,-0.131144,-0.0664268,0.0295582,-0.0520404,-0.0817151,-0.00954557,-0.135074,0.0430599,0.0389475,-0.0368822,0.00460356,0.0488717,0.0192985,0.178411,0.169824,-0.0454078,-0.064392,0.020633,-0.126511,-0.031801,-0.147959,-0.0457135,-0.0197412,-0.077796,-0.137549,0.0364687,-0.104189,0.0257958,0.0797205,0.0741089,-0.0937779,-0.17672,-0.0640996,0.0246333,0.129165,-0.0840386,-0.0302826,0.0109697,-0.00461388,0.0739162,0.0147125,0.0054011,0.00570357,0.0805806,-0.0132409,-0.0479472,-0.0100428,-0.0755072,0.136226,-0.0959213,0.0881258,-0.000827518,-0.198572,0.0801805,-0.100992,0.18828,0.0209264,0.0530444,-0.0489826,-0.108472,-0.0496628,0.00238657,-0.0212449,0.101354,0.11022,-0.0545318,-0.0506994,-0.00166629,-0.0228921,-0.0700058,-0.158759,0.0890873,0.0658047,-0.140421,-0.113656,-0.0199136,-0.00966785,-0.209652,0.0342961,0.00915069,0.0333492,-0.0702022,-0.0180741,0.00605373,0.100738,0.116718,-0.119514,-0.0761262,-0.124693,0.0261588,0.135902,-0.127105,0.0916073,-0.0860464,-0.0022083,-0.0366464,-0.00407798,0.042457,0.0938482,0.00831562,0.18209,0.0862545,-0.103064,0.0118801,-0.150633,0.111225,0.0334885,0.00776673,-0.0203849,0.0165394,0.0373115,0.0162527,0.125227,
-0.0277232,-0.0640998,0.0538934,-0.0408395,0.0230457,0.116137,-0.087676,-0.114298,0.0856165,0.050727,-0.11796,-0.0452765,-0.0961678,-0.0226266,0.0865139,-0.0658321,-0.195091,0.0866139,-0.0164074,0.0893398,-0.101658,0.0630704,0.0374262,-0.0427268,0.0905776,0.146313,0.0273781,-0.0433948,-0.117295,-0.175589,0.0143383,0.0135207,-0.0744422,-0.0520427,-0.0178253,0.16998,-0.0304188,0.0373533,-0.00716144,0.124105,0.0629673,-0.0500739,0.111861,-0.0813124,-0.0649055,0.142379,-0.0212308,0.261797,0.0229421,0.0623586,0.0584016,-0.0687477,-0.174678,-0.224981,0.0268031,-0.00874309,-0.0813053,0.123124,0.0852857,0.127543,-0.00150874,-0.0248469,-0.0620625,-0.164058,-0.00477103,-0.101739,-0.0191,0.129504,-0.0936161,-0.0867831,0.0327694,-0.0296324,-0.0174501,-0.198225,0.0812305,-0.100014,-0.0244786,-0.0358425,-0.0366657,0.0640352,-0.00139633,-0.09791,-0.019377,0.140729,-0.195972,0.0488539,0.0173038,-0.0342956,0.131873,-0.0607993,-0.0705889,-0.0596296,-0.0629439,0.0262921,0.105685,-0.0386184,-0.00845347,-0.0442097,0.173579,-0.0779324,-0.069089,0.000199282,0.0714599,-0.0549984,-0.00151595,-0.0269121,-0.133095,0.0243817,-0.0833043,-0.039634,0.027387,0.0520749,-0.0343725,0.00180896,0.097845,0.0567429,-0.0222093,-0.198261,-0.127031,-0.049895,-0.0178754,-0.0355181,-0.0919241,-0.0202062,0.0955882,0.111645,0.0368036,-0.0405504,0.0663679,0.0709368,0.187163,0.0124403,-0.00960635,0.0931184,-0.0382749,0.0360514,0.0940886,0.237289,0.194831,0.0741663,-0.215938,-0.00231244,-0.0395218,-0.017361,0.118411,0.0503497,-0.0183048,-0.0569943,-0.0243641,0.0704121,0.082562,0.0330774,-0.189253,-0.015361,0.0629241,-0.0239381,0.0225924,-0.0802504,-0.131567,-0.0173336,0.0555946,0.10254,0.0840677,0.126063,-0.0882133,0.0369134,-0.0329225,-0.00513299,-0.0922905,-0.150632,0.0261761,0.0244104,-0.0558263,0.0202579,-0.0865703,-0.0260362,-0.119944,0.00819878,-0.0515121,-0.251636,0.0319841,0.00478691,0.0372524,-0.00811467,0.0179009,-0.0732657,-0.110703,0.0782416,0.0811881,-0.0254868,-0.0356124,-0.0250207,-0.150253,0.00133484,-0.150889,-0.0755172,0.123546,-0.120998,-0.0495418,-0.0734307,-0.154763,-0.10586,0.00309477,-0.186899,-0.0144708,0.0181876,0.0602156,-0.0815993,0.0280786,-0.0269055,-0.0100243,0.00187926,0.0658478,0.00488301,0.0360815,-0.0653849,-0.00921478,0.0741577,-0.0298808,0.141843,-0.277121,0.0570753,0.159165,0.00704468,0.0292776,0.20065,-0.0231852,-0.0599571,-0.186078,-0.128578,-0.0669731,-0.0135693,-0.110212,0.0276534,-0.0453811,-0.098954,0.0860598,-0.115717,-0.0595912,0.0906086,-0.0441216,0.168305,-0.0380325,-0.0815936,0.142511,-0.1506,0.0184958,-0.043032,-0.0443204,0.150954,0.0658978,0.037967,0.106741,-0.011328,-0.0210521,0.0662573,
0.024515,-0.0647339,0.0120189,-0.0741964,-0.0489367,0.129746,0.00440513,-0.179233,0.021429,-0.207097,-0.0275446,0.087747,-0.0173489,0.0372447,-0.0786326,-0.11854,0.044099,-0.033977,-0.0934055,0.0508525,-0.200977,-0.134536,0.0245085,0.0940282,0.0509457,0.121674,0.161735,-0.0278042,0.0370722,0.0267827,-0.0436128,-0.0643426,-0.136088,-0.00202054,-0.104483,0.029577,-0.0261165,-0.0619292,0.0408125,0.0118824,0.0341621,0.0440054,0.0507618,0.209174,0.0527033,-0.0811141,-0.0125315,-0.0509779,-0.066868,0.0564789,-0.281635,-0.0328927,-0.0532298,0.0626978,-0.0375678,0.0222923,-0.0568837,-0.0995246,-0.132348,0.0228631,0.0155963,0.112233,-0.0897008,0.0450993,0.0445873,0.00765913,-0.00450141,-0.0671061,0.0460515,-0.152903,0.00175752,0.13294,-0.0872484,-0.000944797,0.00122423,0.0138972,-0.0126547,-0.0394461,-0.0584097,-0.034675,0.0771164,-0.0503765,-0.120694,-0.0735264,-0.0381414,0.0330987,-0.10913,-0.0701515,0.00278116,-0.0518236,-0.0999442,0.00138637,0.0579093,0.00364532,-0.191094,0.0275885,0.000980167,-0.103061,-0.0155597,-0.0956991,-0.0309647,0.0222601,-0.0260236,-0.0169182,0.0544947,-0.102026,0.0977284,-0.000368725,0.111656,-0.0219751,0.0569011,0.150204,-0.239484,-0.124787,0.11935,0.0515193,0.0189741,0.0802551,0.00697917,-0.0926473,0.0158222,0.0268682,-0.0350991,-0.0529202,0.00866561,-0.0367744,-0.0142557,0.15981,-0.0973062,0.0350436,0.0160575,-0.100765,-0.0432619,0.194767,0.0236048,-0.0389372,0.0673719,-0.0621468,0.0667462,0.0218075,0.0041224,0.0224819,0.0882304,-0.160541,-0.0695832,0.201131,-0.0742666,0.0484684,-0.0400448,-0.12265,0.000262695,-0.140602,0.00683789,-0.125028,0.0304718,0.00299725,0.151645,-0.0789508,0.0998807,0.0162442,-0.141312,-0.0285607,0.0110366,-0.0303431,-0.107566,-0.0543302,-0.0152088,0.0137196,0.175039,-0.0575192,0.0397205,-0.127727,0.122193,-0.0391147,-0.116552,0.124669,-0.0259847,-0.0893548,-0.0362946,0.110923,0.0152006,-0.0330039,0.0200502,0.105181,0.0838939,-0.190069,0.0765251,0.0543475,0.0352427,-0.0788101,-0.0587949,0.0833641,0.0537803,-0.0473513,-0.0815889,-0.0197605,-0.0799588,-0.101849,0.0837294,-0.146479,0.179649,0.0639583,-0.0374308,-0.0415106,0.0723627,-0.020109,-0.088476,-0.0311984,0.108704,-0.0378505,0.0497846,-0.089838,-0.0259991,0.0650968,-0.0662111,0.118785,0.211898,0.195697,-0.0538095,0.0294961,-0.0825895,-0.0448732,-0.00658074,-0.0724729,0.028208,-0.064035,0.0636632,0.0357126,-0.106201,-0.0201849,-0.0823744,0.00884358,0.0605949,0.0345092,0.0151905,0.017897,0.149425,-0.184179,0.0356601,-0.012002,0.175089,-0.00736307,-0.0292873,-0.0699054,-0.00424571,0.00746697,-0.0152414,0.0214818,-0.136957,-0.0178831,-0.220643,0.131414,-0.00113021,0.0542767,-0.135938,-0.00553617,
0.208545,0.18786,-0.0974062,0.0765706,0.16071,-0.0607227,-0.116631,-0.129859,0.160161,-0.111303,0.00043039,0.0247024,0.0104116,0.0502409,-0.115094,-0.0904462,-0.115949,-0.124252,-0.0224716,-0.11912,-0.0241723,-0.0332673,0.00657003,0.0253202,-0.0342076,-0.00789247,0.0159386,0.210049,0.0500267,0.0159009,-0.115717,0.077374,0.0414618,0.0444609,-0.00827597,0.0404641,-0.0104985,0.00650539,-0.0735559,-0.0449938,-0.0294616,0.0547953,-0.0644005,0.0797055,-0.0049731,-0.0726806,-0.104486,-0.0101512,0.0689945,-0.110171,0.146785,0.0723781,0.0549743,0.0286654,0.0372326,-0.103202,0.0643547,-0.100173,-0.0953581,-0.0416784,-0.000854522,-0.0537391,0.142598,0.212855,-0.0475464,0.0365786,0.125402,-0.0593177,0.0561223,0.0322404,0.0692528,0.178583,0.0204154,-0.0592851,0.0130865,-0.0739622,-0.0919213,-0.0900908,0.00283809,-0.0751609,0.0330602,0.0428548,-0.0501049,0.0310887,0.129821,0.0411022,-0.0154946,-0.123004,0.119054,-0.149208,-0.00908583,-0.103248,-0.0379198,0.0389424,0.0392954,0.0818233,0.189497,0.0684905,-0.0800319,0.126507,-0.053822,0.0197273,0.0936721,0.216982,-0.0398013,-0.0225337,0.0315717,-0.095543,0.110924,0.0901013,-0.00391131,0.0680522,0.0425239,0.00170082,0.0638399,0.093993,-0.00534963,-0.0985462,-0.0589976,-0.143893,0.0600385,0.00765437,0.0051262,-0.184947,0.0907739,0.0536217,-0.0836411,0.114029,0.0789389,0.0256226,-0.111662,-0.0128669,0.124298,-0.0981275,0.155953,-0.181825,0.00306279,-0.0974304,0.0851926,-0.0586243,-0.0354963,0.0503287,-0.0960445,-0.0193462,0.0740206,-0.138078,-0.23118,0.189018,-0.065002,-0.0606974,-0.00998516,0.162278,-0.227901,0.0961808,-0.153923,0.17238,0.0318084,0.159627,0.0339222,0.0344861,0.139728,-0.157227,0.179183,-0.0698522,-0.0506385,-0.148015,0.0133867,0.210042,0.0864525,-0.00827612,-0.128101,-0.102262,0.291548,0.0607117,0.0355216,0.0928765,-0.075596,0.121375,-0.021066,-0.0414888,-0.0517159,0.0638318,0.0399605,0.0432121,0.135094,-0.110392,-0.067893,0.0382268,0.0411585,0.0332897,0.0253603,-0.120367,-0.0807742,-0.0291561,0.0213262,-0.0913506,-0.152105,0.13347,0.0730992,-0.0827332,-0.0828943,-0.0223811,0.0657239,0.0270059,-0.078179,-0.00286463,-0.0282774,0.11029,-0.209209,-0.0384104,-0.061265,-0.036414,-0.185187,0.107807,-0.090448,-0.0947959,0.0311449,0.00173508,0.174455,-0.0527629,-0.0214785,0.0891625,0.0567322,0.108362,-0.0863169,-0.117343,0.0178992,0.000201076,0.0490429,-0.14719,0.0372639,0.0727245,0.0796891,0.136512,-0.1525,0.0930859,0.196715,0.0304869,-0.119056,0.0746679,-0.0243908,0.0251843,-0.101054,0.0353986,0.0199774,-0.00874898,0.181927,-0.167202,0.062183,0.0352306,0.116188,0.124105,0.163551,-0.0659673,-0.0429725,-0.225771,
-0.147457,0.0901207,0.0269451,0.104653,0.0593053,-0.158598,-0.01563,0.0573618,-0.0161852,0.0858005,-0.0874779,0.0211433,-0.000650935,-0.117852,0.0070819,-0.0879852,-0.0843098,-0.100152,-0.108839,-0.156912,-0.0561251,-0.161367,-0.107914,-0.00485516,-0.0696179,0.0680996,-0.0854206,0.0214443,0.0414523,-0.0201114,-0.0450244,0.117533,0.0586912,0.0555744,0.0187197,0.0123517,0.0173489,0.0689045,0.0119674,0.191424,-0.0268256,-0.0481689,-0.0825056,-0.0316671,0.0575022,0.0359815,-0.162843,-0.0984611,-0.03551,0.0301936,0.0291224,-0.160983,-0.00237778,0.111978,0.0464637,-0.0746151,-0.0534429,-0.044254,-0.0455546,-0.141263,-0.00691784,-0.00928131,-0.0823704,0.108689,-0.0197881,0.0804391,-0.0518494,-0.105924,-0.0580189,0.0934432,-0.00669781,-0.0892937,0.0795226,-0.0618032,0.0973249,0.0209816,-0.00111499,-0.0937278,0.0902962,0.00851322,0.0792148,-0.0130709,0.0281219,-0.00155255,-0.211685,-0.00388837,0.0194077,-0.00482397,-0.0296356,0.0675747,0.161984,0.21609,0.0292411,-0.0102325,0.00220811,-0.0420298,-0.101131,0.0301605,0.0388809,-0.128869,0.00812565,-0.108637,-0.0153186,-0.027086,-0.0805567,0.167425,0.0415125,-0.0395841,-0.0795472,-0.0549458,0.0343541,-0.0766922,0.00618268,-0.0192855,-0.0554063,-0.0576026,0.0658465,0.0488166,0.073142,-0.140911,-0.103354,-0.0603912,-0.073197,0.0821895,-0.00607199,0.0189223,-0.0817638,-0.0549618,0.132353,0.0411062,0.116587,0.0267299,0.162275,-0.0773374,-0.0441083,-0.128312,0.0585646,-0.157626,0.0430893,-0.0131609,-0.144427,-0.0336318,-0.158117,0.0035558,-0.0934268,0.0622528,-0.147114,0.0741649,0.0100176,0.0560548,-0.00846161,0.120793,0.00169367,-0.0110271,-0.0386876,0.0344428,-0.0554244,0.00166485,0.0263255,-0.149747,-0.0604793,-0.0490585,-0.0519818,-0.00625619,0.0670623,-0.115163,0.0561376,0.0123008,0.187378,-0.0459827,0.0512023,-0.0188467,-0.0953309,0.0325269,0.032271,-0.0151196,-0.00382173,0.124396,0.0346008,-0.0198789,-0.0388096,0.00961458,-0.0705141,-0.0240889,-0.101288,-0.0346531,-0.00705867,0.0891354,0.111762,-0.0431434,0.0487935,-0.0981302,0.00667571,-0.0235357,-0.0706901,-0.0994807,0.0445046,-0.0431247,-0.0176602,-0.122322,-0.253349,-0.056863,0.137105,0.0563347,0.0337537,-0.0232625,-0.0351556,0.0241403,-0.0226336,-0.0347968,0.108831,0.0177476,-0.0195212,0.140031,0.0599176,-0.233444,0.00580949,-0.0672164,-0.00219201,0.064935,-0.0857816,-0.145939,-0.0512075,0.0352773,0.109856,-0.0653238,2.77648e-05,0.00234169,0.138683,0.128121,0.154043,-0.0273912,0.15039,-0.00379869,-0.0110373,-0.0150349,0.0389957,0.0413363,0.202928,0.0148802,-0.0416329,-0.118643,0.0923166,-0.0272411,-0.0277088,-0.116073,-0.034813,-0.0425575,0.00818678,0.056411,-0.0755114,-0.0885341,-0.115976,-0.0645026,0.152648,0.0328443,
-0.430069,-0.566949,-0.161577,0.0116036,0.111147,-0.262019,-0.099302,-0.219547,-0.11283,-0.152019,-0.23103,0.499398,-0.021833,-0.125486,-0.479067,-0.0587591,0.0317834,-0.0247188,0.0210684,-0.128157,0.107229,-0.142658,0.124262,-0.136151,-0.0990722,-0.333052,-0.371416,-0.125477,-0.119745,0.167268,-0.0455362,-0.649306,-0.442112,-0.312554,-0.00491113,-0.360663,-0.21669,-0.127265,-0.0756577,-0.0359956,-0.199137,-0.462047,0.0232045,0.080615,-0.00332794,0.0164838,-0.172669,-0.172988,-0.127065,-0.0249342,0.235288,-0.406965,0.0567329,-0.250109,-0.164285,-0.0747432,0.0288274,-0.0946591,-0.00839938,-0.318381,-0.0880306,0.0761632,-0.294972,-0.14304,-0.218333,-0.332201,-0.284676,-0.0195235,0.0180928,-0.509039,-0.166559,-0.216545,0.105019,0.382427,-0.104625,-0.106291,0.0221746,-0.0368681,-0.0706927,-0.125869,0.0422692,-0.208816,-0.0895223,-0.388708,-0.468419,-0.25088,-0.0946338,-0.0260604,-0.112188,-0.0664483,-0.0374721,0.0240444,-0.0210434,-0.556059,-0.305365,-0.174938,0.001126,-0.0310928,-0.120493,0.627616,-0.0064791,-0.146536,-0.154871,-0.375767,-0.116753,0.254607,-0.0364062,-0.161422,-0.072317,0.0733392,0.0397134,-0.146093,-0.227379,0.083844,-0.0569746,-0.0184431,-0.140255,-0.0997417,-0.186537,-0.0430712,-0.331673,-0.131023,-0.131355,-0.00161236,-0.285311,0.0765301,-0.0923491,-0.238197,-0.00228794,-0.232889,-0.142254,0.0824663,-0.339486,-0.0296899,-0.0234295,-0.07212,-0.0687963,0.0916163,-0.136742,-0.129174,-0.0557097,-0.0421289,-0.10558,-0.00366061,0.0184395,-0.108369,0.0446442,0.101433,-0.148048,-0.0825653,-0.170042,0.105668,-0.187056,0.159991,-0.171033,-0.0271331,-0.613817,-0.152987,0.0772608,-0.0607638,0.122353,0.0346308,0.0090862,0.0490115,-0.228922,-0.0291763,-0.159664,0.0241477,-0.0995786,-0.25895,0.182098,-0.246341,-0.166058,0.783479,-0.167268,-0.0180561,-0.022445,-0.395804,-0.135579,0.0591102,-0.180662,-0.194942,-0.222129,-0.123717,0.0288757,-0.37752,-0.133302,-0.0643638,-0.061871,0.0921692,0.0388098,0.0812491,-0.00861637,-0.183571,-0.00549472,-0.126541,0.0960964,-0.318516,-0.212732,-0.137589,-0.0604737,-0.00356758,0.0222337,-0.170843,-0.147454,-0.0434727,-0.0706894,-0.0187669,0.126113,-0.195898,-0.00880094,-0.406738,-0.0895096,0.0246667,-0.0472602,-0.22763,-0.161509,-0.154096,-0.0147809,-0.0320649,0.0314271,-0.02206,0.0506256,-0.103718,-0.0590002,-0.0817094,-0.137418,0.272623,-0.0854031,-0.179286,-0.199283,0.0075503,0.162237,-0.362417,-0.172457,0.0809449,-0.0560291,-0.215827,0.148235,0.110286,-0.0829676,-0.251806,-0.147366,-0.0264378,-0.026948,0.268346,0.0319066,-0.0659829,-0.114358,0.00141652,-0.25084,-0.134697,-0.0770968,0.00659234,0.0639828,-0.00405705,
-0.0314449,-0.130766,0.0552987,-0.0408788,0.144912,-0.298015,-0.17497,-0.115097,-0.124316,0.0431355,-0.0608551,0.308882,-0.0679328,-0.00303256,-0.255331,0.00430546,-0.000954454,-0.0820462,0.116218,0.0141768,0.0295828,-0.00110012,0.176549,-0.10693,-0.0824044,-0.0968489,-0.039703,-0.00334745,-0.0764152,0.0413835,-0.0226575,-0.270363,-0.313607,0.0140336,0.0512169,0.0998796,-0.0730349,-0.0541436,-0.0654396,-0.163234,-0.12547,-0.212152,0.0112546,-0.0241432,0.0279139,-0.0265476,0.0435998,-0.0060053,0.0604562,-0.0922234,0.0857042,-0.0451282,-0.195114,0.0211006,-0.0676289,-0.105776,0.20445,-0.128555,-0.0677913,-0.0867364,-0.0946373,-0.054569,-0.0546548,-0.00680622,-0.177307,-0.0592634,-0.230657,0.093541,-0.0641617,-0.225455,-0.0314019,-0.167352,-0.131911,0.151425,0.118443,0.0815869,-0.10703,-0.0144331,0.0648294,-0.0129989,-0.107887,-0.110424,-0.0910482,-0.280582,-0.121927,-0.0850413,-0.0169129,-0.0376529,-0.0912374,0.00783408,-0.000105797,-0.190584,-0.0490263,-0.125709,-0.0276731,-0.0579172,-0.135381,0.0438501,-0.090362,0.248323,-0.107327,-0.104956,0.000981674,-0.193345,-0.188198,-0.00389767,0.0195307,0.000527744,-0.113499,0.0282814,-0.0285255,-0.0688695,-0.0409478,0.0805481,-0.043066,-0.0314796,-0.0275558,0.0398221,-0.0885724,0.0784611,-0.176818,0.0535503,-0.186998,0.0865615,0.0523109,0.00554456,0.0880449,-0.0222062,-0.0656557,-0.105061,0.176381,-0.0778576,-0.122079,0.144325,-0.0649433,-0.0593519,-0.133229,-0.0775442,-0.0898075,0.00374382,0.0537994,-0.0172537,-0.182374,-0.0123615,-0.0660888,-0.0928558,-0.0309598,0.0642674,0.0413717,-0.138731,-0.032348,-0.060423,-0.146943,0.0798612,0.0141214,-0.113499,-0.260121,-0.0689481,-0.0881911,-0.0189922,-0.0977035,0.0709668,-0.164156,0.00914619,-0.13985,-0.0506726,-0.0840747,0.0684933,0.0064737,-0.0144441,-0.0352028,-0.112537,-0.187992,0.386615,-0.112715,-0.0184729,-0.0475113,-0.167779,-0.109659,0.130537,-0.0512033,-0.141554,-0.0965282,-0.0472931,-0.0747766,-0.105124,-0.0700983,-0.14289,-0.0126391,0.020824,-0.226722,0.0276389,0.0236476,-0.0602065,0.0284931,0.0365804,-0.00943548,-0.154906,-0.104546,-0.11929,-0.0972737,-0.0845136,-0.14698,-0.0951604,0.120177,0.0103016,-0.0344309,-0.0733556,0.0980462,0.172728,0.105625,0.0691845,-0.0600501,0.0595997,0.168003,-0.0854131,-0.0196131,0.0224392,-0.119392,-0.0551025,0.0601832,0.0879613,0.115565,0.0166192,0.0350607,-0.0573981,-0.0206305,-0.0224983,-0.107468,0.0778119,-0.0893405,-0.00270685,0.0796204,-0.165364,0.170328,-0.0116153,-0.119532,-0.0656885,0.0872322,0.110126,-0.0923382,-0.148602,-0.0331868,-0.225343,-0.193675,0.221922,0.00759784,0.0662729,-0.00884324,-0.0788296,-0.143857,-0.00318518,-0.0601803,-0.0280433,0.0661149,0.107403,
0.061821,0.046189,-0.174991,0.205116,0.131723,-0.0578606,-0.0388337,-0.0138731,0.125953,0.105701,0.110156,-0.00704071,0.00520831,-0.144458,0.0444907,0.0134233,-0.0376513,-0.102788,0.00149002,-0.166425,-0.0723436,-0.00968907,0.0223517,-0.0734931,0.0833912,-0.0169069,0.0813565,0.0153364,0.0197794,0.13575,-0.0627115,0.0307773,0.102435,-0.0472444,-0.0386528,-0.0512966,-0.0347991,-0.0113447,0.137038,-0.0153395,0.00745387,0.100273,-0.0431613,-0.0465811,-0.0412462,0.0324623,0.0613405,-0.0130241,-0.150183,-0.0343681,0.0472449,-0.0940903,0.0879698,0.0881251,0.00528277,-0.00940811,-0.023418,0.053439,-0.000996307,0.0330647,-0.0279371,-0.178344,-0.132363,0.0226917,0.0217714,0.00707247,-0.0153102,-0.0668744,-0.0896697,-0.0312867,-0.0406759,0.0787907,-0.0249325,-0.0613118,0.0041411,0.0047394,0.042178,-0.082306,0.0865401,-0.00486046,-0.0868637,-0.128712,0.112323,-0.0201609,-0.0614616,0.035362,0.116744,-0.018106,0.0303366,0.00671408,0.130302,0.03041,-0.0637304,0.180709,-0.117399,-0.0666497,0.0715937,0.00626544,0.00248335,-0.00646538,0.0185592,-0.124464,-0.00634058,0.101971,0.0088674,-0.103253,-0.10568,-0.069615,-0.186006,0.0471411,-0.132175,-0.0282096,-0.0783044,-0.0344821,0.0872965,0.00513859,0.0763352,0.00427593,0.0105251,-0.0127993,0.154533,-0.0222104,-0.10505,0.151578,-0.0843872,0.0342166,0.0434248,-0.0974836,0.0685635,-0.0151697,-0.0204797,-0.083969,-0.00112194,-0.0349745,0.0142719,0.128988,-0.2073,0.0701085,-0.0658598,-0.0638351,0.0888039,-0.270025,0.112509,0.00334289,0.140407,-0.0685873,-0.0351902,0.124473,-0.00225993,0.0333927,0.0357703,0.0395972,-0.0376325,-0.00936797,0.0156985,-0.0309574,0.118804,-0.0684319,-0.14715,0.118734,0.0136004,0.0665761,-0.0843254,-0.0463828,-0.00654562,0.00766819,0.053949,-0.132282,-0.108264,-0.0585996,-0.0219977,0.0908449,0.0561671,0.0161876,0.0849727,-0.0813815,0.055956,-0.098794,-0.0810614,-0.0911745,0.0910601,-0.0572419,0.142975,0.0249778,0.0402181,0.0845556,-0.0178775,-0.0888266,-0.0409559,-0.0275877,-0.0556119,-0.0255935,-0.00887569,-0.0285949,0.0306817,0.1143,0.154954,-0.0413133,-0.174691,-0.015347,-0.025415,-0.10018,-0.0991613,-0.101139,-0.0690781,0.0227926,-0.0773894,0.03302,0.0595468,-0.0414247,-0.156846,0.0686555,0.0176509,0.0642328,0.159646,0.212835,0.122738,0.086391,-0.0624198,-0.0820933,-0.00974485,-0.0489917,-0.0208124,0.188445,0.0313901,0.13311,0.019828,-0.125334,-0.144019,-0.100942,-0.0164995,-0.16393,0.0148543,0.0536771,-0.123384,0.214681,0.0885155,-0.0505099,-0.20993,-0.0541012,0.0195872,0.0920181,-0.0645055,-0.0770101,-0.0188266,0.0964294,-0.0194414,-0.123619,0.0284818,0.00169251,-0.117135,0.115971,-0.0486412,-0.0873302,-0.0162606,0.157579,
0.0554555,0.270447,-0.0679696,0.0445875,-0.0559907,-0.0428804,0.0064949,-0.14321,-0.0973657,0.0678521,0.0676407,0.0917883,-0.148535,0.0141218,-0.146692,-0.0888916,-0.0884996,-0.137308,0.0101523,0.00799795,0.0669486,0.0820013,0.0852527,-0.063075,-0.0289494,0.0610009,-0.0729361,-0.0976431,0.0387382,0.0393603,0.161491,-0.0239549,0.0780082,0.071019,0.114295,0.0473495,-0.171299,0.0680743,-0.00062529,-0.159072,0.0198731,-0.106297,0.0812489,0.150147,0.026106,0.0803793,0.0524059,-0.0335724,-0.045522,-0.0812663,0.132947,0.00154771,-0.0282794,-0.096714,0.126947,0.118887,0.0216979,-0.0715927,0.0539621,-0.0569377,-0.142461,0.0212905,0.158423,-0.0143868,0.108875,-0.181991,0.115755,0.0950865,-0.0207985,-0.00704882,-0.0892601,0.138218,0.0756489,-0.0461572,-0.253358,-0.147553,-0.0199938,-0.185206,0.161752,-0.0906343,0.00477719,0.106136,0.0246421,0.0315975,0.0139174,0.0913875,-0.0189242,-0.157157,0.0977209,-0.298547,-0.0781519,0.0728916,-0.0343325,-0.0358851,0.0646325,-0.0478144,-0.225315,-0.0997626,-0.0456594,0.0544045,-0.0453989,-0.00999049,-0.0860703,0.142121,0.069758,-0.148955,-0.287413,-0.0325185,-0.102607,0.0510473,9.19618e-06,0.00756148,-0.129711,-0.103374,0.030052,-0.00985592,0.0401623,0.0816602,0.02371,0.104991,0.0127898,0.0617269,0.0754479,-0.100546,0.116342,0.0503051,0.00934799,0.0678943,-0.0191911,-0.085617,0.038565,-0.0150106,-0.0506676,0.0684048,0.165826,-0.106041,-0.189215,0.178203,-0.0204558,-0.0718582,0.0227293,0.0152537,-0.0570189,-0.0983396,-0.0315476,-0.00436325,-0.0588066,0.0386053,-0.0374616,0.0593477,0.0279204,-0.072616,-0.0846306,0.0419096,0.0810699,0.0122293,0.0739257,0.169571,0.0183269,-0.125423,0.190585,-0.0286174,-0.0123179,0.00145049,0.0952521,-0.0342695,0.0637038,0.247027,0.15119,-0.171753,-0.0669982,0.00702967,0.101298,-0.0502754,-0.0645424,0.133171,-0.149141,0.028514,0.0610497,0.036755,-0.0417722,0.0811897,0.0172048,-0.0615967,-0.0212616,0.226106,-0.0807498,-0.0865134,0.0365951,0.0734307,0.120135,0.00322381,0.0569251,0.0953852,0.155477,-0.193434,-0.000684783,-0.130475,-0.0470437,-0.0600342,0.0497782,-0.0151968,-0.00551128,0.019176,0.0352035,0.1631,-0.120891,0.0770949,0.174793,0.161079,0.00154653,0.0725234,-0.116556,0.0627391,0.0124844,0.0839564,-0.0117732,0.0499832,0.131512,-0.0988446,0.138945,-0.0185009,0.12209,0.0247397,-0.0364054,-0.0163287,0.0705069,0.0154967,0.0375723,0.0755196,0.0334579,-0.0944268,-0.0156436,-0.0215404,-0.045541,0.159581,-0.0713392,0.00378936,0.0627331,0.0684307,0.0215159,0.107412,0.0091311,-0.0871142,-0.0667317,-0.0481336,0.0143478,-0.072704,0.177472,0.144612,0.113577,0.00272901,-0.0852337,-0.0253758,0.168593,-0.051023,
-0.0239333,-0.045947,-0.0194843,0.0340908,0.0638361,0.0162032,0.0697858,0.0213628,0.0766132,-0.198965,0.0297623,-0.0818621,-0.213552,-0.0046037,-0.148312,-0.0992158,-0.113256,0.0127452,0.0273887,-0.155905,-0.018822,0.0412407,-0.0864717,0.023975,0.0904098,0.0114617,-0.0604418,-0.0915415,-0.0714985,-0.00290473,-0.0782874,-0.0702013,-0.178666,-0.0800341,-0.070008,-0.0420812,0.0171819,-0.111673,0.117018,-0.0226068,0.0625883,-0.0397525,-0.0364897,0.112583,0.0322504,-0.0125325,-0.0515669,-0.112187,-0.0383385,0.062939,0.0424136,-0.00772994,-0.00266087,-0.145099,-0.0605215,0.000631115,-0.077845,0.133604,-0.0525624,-0.0582969,0.055572,-0.0804077,-0.0487143,0.0356563,0.0399775,0.018031,-0.0757222,0.0642735,-0.125045,-0.00331921,-0.0875222,0.0163011,0.00140773,-0.0837279,-0.00700947,0.0877444,0.114433,-0.0237472,0.152664,-0.182153,0.143421,-0.0280311,-0.173474,-0.0294284,0.0424702,0.0638129,0.0562078,-0.107649,0.062298,-0.0139613,-0.130713,-0.132876,-0.0292774,0.130128,-0.088615,-0.000738218,-0.109221,-0.0236379,0.092799,0.114247,-0.0880453,-0.0432865,-0.123573,-0.171514,0.106428,-0.047617,0.0911326,0.0143313,-0.0741122,-0.101491,0.0791926,-0.0895073,0.0174562,0.00135438,-0.142324,0.201052,-0.0645528,0.0573597,0.00186156,-0.0403761,-0.0912647,-0.019472,0.109103,-0.106864,-0.0486633,-0.156628,-0.0200306,-0.0891824,-0.0754462,0.13685,0.0781004,0.0760082,-0.0590333,-0.0835172,-0.0172314,-0.0377451,0.0107328,-0.030899,0.0692871,0.17041,-0.0696604,-0.0147274,0.0145447,-0.00574897,0.00439463,0.0511778,-0.0571781,0.0273253,-0.0290345,-0.237389,0.0286421,0.11762,-0.0409562,0.00601251,-0.0835971,0.00697202,0.0622463,-0.126163,0.108502,0.0345887,0.0284863,0.110643,-0.0818373,0.0919937,-0.0501207,-0.120368,-0.10248,-0.208058,0.0221661,0.00537651,0.0556378,-0.0806273,-0.130521,-0.0624599,0.0567965,0.0121095,0.0379069,-0.066832,-0.0647328,-0.0521872,-0.0255992,0.0869319,-0.124945,0.0983757,-0.030887,0.108865,0.0834275,-0.111071,0.113038,-0.212336,0.098522,-0.0848877,-0.144034,-0.159853,0.085301,0.101596,-0.184431,0.0545161,-0.116173,0.0712552,0.088914,0.0995519,0.0470219,0.173101,-0.0414296,-0.00999896,-0.0848694,-0.117594,-0.0340015,0.0431426,-0.000160059,0.0921226,-0.192971,-0.0349878,0.0691963,-0.0291506,0.181582,0.052229,0.0368135,0.0536938,-0.0891853,0.0455897,-0.0366901,-0.109408,0.0120172,0.0112478,0.0258334,-0.0180475,0.0428796,0.0233315,-0.026628,-0.0359011,-0.0401218,-0.0243264,0.0495606,0.0179591,-0.0897,-0.0770478,0.0314482,-0.0894746,0.11936,-0.178824,-0.0164785,-0.00436421,0.149796,0.119271,-0.0270439,0.227956,0.243144,-0.0244492,-0.0707427,-0.117305,-0.120369,-0.0237625,0.0727834,0.0672699,
0.130227,0.0897953,0.0607773,0.00224724,-0.0639258,-0.14046,0.0327899,-0.112509,0.116409,-0.071483,0.0689772,-0.0601382,0.0601144,0.0182644,-0.118753,0.154883,0.0284885,0.0472626,0.00921731,0.017931,0.0770157,-0.137987,-0.0908414,0.0329947,-0.158012,-0.0799231,-0.0387574,-0.179229,0.115034,0.0235158,-0.0258005,-0.134277,-0.0322765,-0.0714421,0.0842944,-0.0900408,0.0428939,-0.157444,0.016581,-0.11824,-0.0677963,-0.0662245,-0.137898,0.0550972,-0.0118723,-0.0893101,0.0895567,-0.0185308,0.0407936,-0.0572445,-0.102876,-0.139937,0.0947238,-0.0329002,-0.123987,0.12485,-0.0912286,-0.102105,0.0564079,0.100772,-0.0357472,0.143101,0.0189839,-0.0583412,-0.0450198,-0.0804351,-0.0185618,-0.0393466,0.0619378,0.000380324,-0.0877607,-0.0293391,-0.107178,0.126948,-0.107593,0.0343479,-0.126474,-0.0405479,-0.000407616,-0.143663,0.00379658,0.0554125,-0.0829573,0.0421221,-0.00970818,-0.0636294,0.211233,-0.0512225,0.0154784,0.0553728,-0.113491,0.118903,-0.0442408,-0.0260245,-0.00874584,-0.057357,-0.159733,0.00557862,-0.0673215,0.138937,-0.0567954,-0.0518064,-0.03998,0.00190588,-0.0607694,-0.00987647,0.0474514,-0.0683894,-0.127885,-0.06971,-0.00481422,0.10596,-0.0890291,0.135455,0.083696,0.0393348,-0.0983301,-0.0622286,-0.0519159,0.131917,-0.055159,0.00980276,-0.0878557,0.00741625,-0.00547133,-0.0722022,-0.0341266,0.024803,-0.154329,0.0499221,-0.0371838,-0.0034797,0.0492752,-0.111311,-0.0828926,-0.0187676,0.0277999,-0.0749644,-0.208306,-0.0816833,-0.0125986,0.0041143,-0.0721773,-0.142351,-0.0306809,0.120029,-0.060822,0.0399184,-0.0769857,-0.0351265,0.0817752,-0.0872937,0.0727336,0.0694527,0.0414577,0.00440394,-0.00376157,0.0607904,-0.0530324,-0.0787951,-0.0751668,-0.00174624,0.0620853,0.0342721,0.0369616,0.07153,0.15886,-0.0435305,0.0694693,0.0208664,0.086753,0.0445214,-0.0436008,-0.118935,0.0980489,-0.110647,0.0805242,-0.0147309,0.0797353,-0.0413757,0.0979799,0.0712666,-0.153338,0.132361,-0.0752546,-0.172871,-0.0745677,-0.00340025,-0.0444676,-0.00205268,0.00690072,0.0772479,0.0207555,-0.187061,0.0652678,-0.0806449,-0.0759305,-0.178737,-0.0394748,0.00626573,0.0922295,-0.0429636,-0.113403,-0.00731691,-0.176383,0.206202,0.0669528,0.0436113,0.0319979,0.118388,-0.0307006,0.00954746,0.0100864,-0.0768715,0.0306501,0.0313505,-0.155916,0.104891,-0.0317158,0.154879,0.0634485,-0.0898805,0.0595159,-0.000255402,-0.0178226,-0.100059,-0.0429509,-0.0922496,-0.11638,-0.197221,-0.0780218,0.105119,0.0218218,0.0347146,0.0295572,0.0523065,0.00836213,-0.118084,-0.107965,0.0948913,0.120881,0.0435517,0.116277,-0.153305,-0.0723914,0.218449,-0.088775,-0.00478524,0.0587769,0.0886136,-0.0783059,0.0801084,-0.0279409,-0.0239615,0.0777806,-0.0156277,
-0.203662,-0.1262,-0.11046,-0.0775773,0.107724,-0.115327,0.0424666,-0.096994,-0.132555,-0.145594,-0.0398057,0.126578,-0.114596,0.148318,0.0976088,0.0507629,0.0244357,-0.0572283,0.135979,-0.108296,0.32069,-0.0410933,0.0376044,-0.113984,-0.0392251,0.148643,-0.0540005,-0.0443664,-0.0460284,-0.0598392,-0.0154083,-0.244851,-0.267546,-0.10438,0.0287092,-0.0300832,-0.0698559,-0.10559,0.123485,0.0154097,-0.0486465,-0.060665,-0.175169,0.0413709,-0.0822602,-0.016353,-0.0713409,-0.0199882,0.175485,0.180353,0.0748968,-0.0266872,-0.0739516,-0.0949877,0.00686164,0.0652447,-0.0641378,-0.130605,0.0980176,-0.146586,0.0514613,0.0317616,-0.082022,-0.0440197,-0.0229357,-0.162508,-0.136564,0.011528,0.0347327,-0.133576,-0.0586729,-0.101713,-0.126643,-0.00283618,0.00299008,0.0982645,-0.048283,-0.0607443,-0.216511,0.00650437,0.0437838,-0.0801622,-0.0471155,0.0406261,-0.220131,-0.0681115,-0.0218843,-0.055912,-0.0285664,0.137521,-0.190551,-0.0715967,0.120362,-0.023705,-0.0957414,-0.1063,0.0372731,-0.0289137,-0.102378,0.21729,-0.110966,-0.0227117,-0.102349,-0.166562,-0.0594774,0.0925535,0.0673984,-0.0749239,-0.0224716,0.167181,-0.094885,-0.0849259,-0.055285,-0.0829094,0.025743,-0.0828913,-0.0449954,-0.251921,-0.112434,-0.0462848,-0.134659,0.0460912,-0.104674,-0.00129355,-0.000118587,0.02539,-0.0342804,0.045925,0.078035,-0.137867,0.0558615,0.00181212,0.0664783,0.0698451,-0.0104028,-0.0182058,0.120109,0.00965145,0.042338,0.0783072,-0.0914037,-0.0289639,-0.0251242,-0.104884,0.075307,-0.0228992,-0.0928132,-0.179197,0.0348669,0.0514791,-0.169998,0.134236,0.0182611,0.0180483,-0.238367,0.00700196,-0.191753,-0.0925818,-0.0922825,-0.0740987,0.113716,0.0446555,0.0530884,0.00514216,-0.0694822,-0.0780735,-0.020177,-0.0422126,-0.034087,-0.00728102,0.0806921,-0.087015,-0.0451476,0.118693,-0.0619807,-0.0350862,0.0421985,-0.0590143,-0.189849,-0.0784288,-0.040934,-0.079582,-0.0382307,-0.0533094,-0.0422838,-0.0677679,0.005197,0.0719764,0.218011,0.0323874,0.156483,0.014302,0.0424919,-0.0113095,0.0274603,0.0637454,-0.0571049,-0.186674,-0.0657308,-0.0813247,0.112521,-0.113918,-0.0020854,0.0678035,-0.155688,0.0144156,-0.0929552,0.0305137,0.0271518,-0.0698066,-0.0421069,-0.206887,-0.00943401,0.109335,0.0114109,0.0434457,0.0787542,-0.00464884,0.03726,-0.180566,0.0269996,0.113472,0.0108622,0.033464,-0.119525,-0.0080778,0.00504422,-0.0106338,0.0795623,-0.0615858,-0.0796119,0.0593784,-0.127242,-0.146781,-0.00998396,0.10656,-0.0158835,-0.108165,-0.0399223,0.118396,0.00745692,-0.0873256,0.014886,-0.0960723,0.152099,0.101753,0.0695883,0.048056,-0.0299506,0.00956861,-0.0844634,0.0467077,0.0409699,-0.145872,-0.0743368,-0.0354053,
-0.101319,-0.0879991,0.00127252,0.043151,0.0152608,-0.00637278,-0.195191,0.0260434,-0.00750543,-0.129402,0.0864136,0.158817,-0.0391791,-0.0723431,-0.0144502,-0.0619138,-0.046755,0.037501,0.00692658,0.0457293,0.104248,0.031605,0.0710314,-0.081138,-0.178801,0.00661019,-0.0409709,-0.0450375,0.04963,0.115338,-0.0966468,-0.259311,-0.0496102,0.0146418,0.150434,0.0351203,-0.0442992,0.0451122,-0.159381,-0.0277536,-0.0353657,-0.000748803,-0.0614357,0.108498,-0.0589787,0.0226859,0.160586,-0.0879529,-0.112385,-0.0776538,0.0469883,-0.13719,-0.0634865,-0.0759131,0.0766753,0.0105607,0.0428401,-0.158392,-0.0917218,-0.117571,-0.0161186,0.173019,-0.0934328,-0.0711562,-0.085799,-0.136738,0.0523386,-0.0237103,0.00439339,-0.153261,-0.0813698,-0.225507,0.0048024,0.161459,-0.043666,-0.0313891,-0.0150826,-0.084571,0.0955194,-0.0846576,-0.0873433,-0.014489,0.0119519,-0.0803668,-0.00767103,0.0219003,-0.01404,-0.0159549,-0.056213,0.0305242,0.0807921,-0.109423,-8.2178e-05,-0.244385,-0.0832295,-0.151073,-0.0142892,-0.0931168,-0.172971,0.224023,0.056041,-0.131859,-0.0764713,-0.163702,-0.0870984,0.0949155,-0.0557908,-0.108394,0.0179613,-0.0376132,0.0338631,0.0546708,0.0757661,0.0277143,-0.143667,0.0278777,0.0494407,0.134169,-0.121398,-0.0129749,-0.1474,0.00945835,0.0768102,-0.0482406,0.0941577,-0.235586,0.0115176,-0.0202326,-0.145163,-0.212119,0.045347,-0.0302194,0.00784169,0.0575098,-0.0446418,-0.00691888,-0.0617638,-0.0081725,-0.144,0.0106203,-0.0692474,-0.0490586,-0.0743185,-0.0190388,0.0140195,-0.015261,0.0175947,0.108239,-0.0076448,0.0844857,-0.0463287,0.00222951,0.102235,-0.0309663,-0.0306697,0.0711029,-0.185305,-0.094084,0.0248758,-0.000597437,-0.0974441,-0.148239,0.0876694,0.14934,-0.231813,-0.162399,-0.0520331,0.122959,0.02729,-0.135278,0.00448628,-0.15438,-0.0693931,0.234412,-0.0146053,0.150207,-0.112279,-0.0596202,-0.0668434,-0.00839556,-0.0304735,-0.034709,-0.0689358,0.159682,0.10115,-0.0490814,-0.0812926,0.0324632,-0.0709062,-0.124201,0.0167564,0.0492586,-0.0679063,-0.061444,-0.07126,0.0461,-0.145798,-0.246265,-0.145917,0.00274002,0.0853309,-0.0266826,-0.141427,-0.0903674,-0.100344,-0.166483,0.0007289,-0.0213511,0.0334026,-0.100315,-0.140562,0.150886,-0.195779,0.0102619,0.207506,-0.13043,0.0239145,-0.101492,0.0100201,-0.080921,0.0439381,-0.0657428,0.100892,-0.110259,-0.0236005,-0.127256,0.0861092,0.00460591,-0.0571775,0.0464162,-0.0932923,-0.0506444,0.0215549,-0.2139,-0.0419303,0.107009,-0.0730321,-0.216198,0.131474,-0.0505354,-0.180777,-0.173275,0.00861547,-0.172573,0.0524006,0.104766,0.0561376,0.078613,-0.0612143,0.00931796,0.0178884,-0.103005,-0.0712534,0.0388871,0.00401255,-0.0797953,
0.132002,0.313031,-0.19015,-0.131425,0.24505,-0.148598,0.0257961,-0.1509,-0.0874188,-0.0628195,0.0016931,0.192444,0.0998704,-0.122084,0.318451,0.074076,0.0549668,0.0751418,0.124087,-0.160384,-0.0397459,-0.0773511,-0.00570358,-0.0105567,-0.0631262,-0.153013,-0.0398278,0.152808,-0.0787297,-0.022144,0.0160922,0.159307,0.0252062,0.00153313,-0.0629277,0.335716,-0.170416,-0.00693259,0.0212745,-0.070082,0.00682555,0.0754601,0.0440288,0.0199007,0.0591517,-0.00359949,-0.11977,0.0645764,-0.0494979,-0.0294297,0.468553,0.0645437,-0.0361787,-0.0035422,-0.0282948,0.0145839,-0.0343111,0.0373735,0.0336436,0.0283702,0.0131339,0.0475781,0.114957,-0.0781326,0.263731,0.143086,0.0937296,-0.113783,0.0441379,0.000154855,-0.0764383,0.306171,-0.09135,0.154522,-0.204699,0.0284847,-0.109511,0.0141549,-0.0192591,0.0736426,0.138091,-0.0501304,0.141073,0.0317541,-0.0956934,-0.00241309,-0.0196918,-0.0846585,0.0405725,-0.295138,0.0467163,-0.0292739,-0.126148,0.115922,0.0694597,0.119008,0.0332493,-0.0148632,-0.0794753,0.151358,0.0108053,0.0480918,-0.179044,0.174264,0.10346,0.0722179,-0.20976,-0.0805339,0.121196,-0.0257308,-0.113424,-0.262981,-0.11476,0.0271349,-0.0506106,-0.0179134,-0.00552249,0.00455557,0.160615,-0.141914,-0.000725697,-0.0405979,0.00993002,0.0551478,-0.119051,-0.195375,-0.0928536,0.055883,-0.021745,-0.0453108,-0.139351,0.119216,0.028737,-0.0670501,0.0490349,-0.114081,-0.0913471,-0.177712,0.0333123,-0.173621,0.143614,-0.054227,-0.187029,0.020811,0.0451335,0.0328353,-0.140142,-0.0269552,-0.00398214,-0.13996,0.177322,0.0342751,-0.12055,0.137325,-0.237585,-0.00539859,0.161453,0.0313801,-0.177193,-0.13336,0.174492,-0.0783121,0.115001,-0.166789,0.246176,-0.0719815,-0.173777,0.37938,-0.045143,-0.0773788,0.00334151,-0.0340455,-0.0166815,-0.000763355,-0.0821365,-0.0418134,-0.102362,0.143371,-0.0329447,-0.0757863,0.224513,0.118698,0.100976,0.0165095,0.0950415,0.00762615,-0.106665,0.0344847,-0.158992,-0.0723831,0.0483494,-0.00359917,0.114158,0.0177836,-0.0904394,0.0159358,-0.00473829,-0.0803988,-0.169187,-0.0843134,-0.121349,-0.212935,-0.0340193,-0.0202208,-0.195397,-0.0475657,-0.0356011,-0.0723059,-0.120141,0.000382946,0.117759,-0.168344,-0.357874,0.0192399,-0.143936,-0.0438903,-0.0183477,-0.0352203,0.00077025,-0.0505359,0.206879,0.00721203,0.256443,0.121701,-0.00983582,-0.0185956,0.205762,0.0154748,-0.161802,-0.110034,0.0215133,0.0566629,-0.00747433,0.137128,-0.100551,-0.169828,0.0492516,-0.102538,-0.0734882,0.0471931,0.147776,0.099427,0.053819,0.0207193,0.051301,-0.0719245,0.152078,0.209085,-0.00219769,0.174942,0.0369627,-0.057448,0.0610884,0.117803,-0.0205296,-0.168066,
-0.062837,-0.150319,-0.0327407,-0.0330859,-0.0503685,-0.0031351,-0.0251028,-0.00919069,-0.0629495,-0.00393961,-0.0944704,-0.00299114,-0.0183055,-0.126177,0.0257375,-0.165689,0.141153,-0.033685,0.119077,0.0614695,0.069605,0.0270305,-0.270392,-0.0193257,0.032828,0.0195202,0.0222658,-0.0776505,-0.0140737,0.0110491,-0.155805,0.0652571,0.0592148,-0.0178001,0.0519263,0.0444912,-0.157515,0.0729293,-0.0296804,0.108097,-0.162517,-0.0338912,0.0304558,-0.0462866,0.0215314,-0.0902629,0.0639314,-0.0156912,-0.144902,0.156054,-0.138761,-0.0615577,0.082629,-0.0745098,-0.154425,0.00642263,0.0766303,-0.19036,-0.073622,0.0890669,0.0914746,0.134786,-0.0156321,-0.156499,0.0390702,-0.137939,0.011089,-0.0970525,-0.110816,-0.0730897,0.104827,-0.0303365,0.105958,0.129023,-0.0597467,0.0146029,0.0846793,-0.177267,-0.0895458,-0.124284,-0.0447188,-0.0388402,0.0212175,-0.0819269,-0.129496,-0.0533699,-0.0449788,-0.101686,-0.23748,0.131506,-0.0130585,-0.056429,-0.0270487,6.60536e-05,-0.0734974,-0.0384234,0.0626792,0.0745827,-0.0168558,0.106021,-0.0176297,-0.0967336,-0.0512493,-0.034586,-0.0605563,-0.109311,-0.030395,-0.00269297,-0.189255,0.0151686,-0.0243008,-0.0458364,-0.0072769,-0.0334989,0.00619196,-0.148808,-0.054487,-0.0981915,0.0832557,-0.0328055,-0.192753,0.0438318,-0.0318938,0.0832934,-0.0967951,0.0946832,0.0204578,-0.0799682,-0.00316114,0.133088,0.165656,0.0488428,0.0272016,0.105489,-0.085617,-0.0023144,0.0484091,0.025756,0.00452962,-0.160224,-0.0300644,-0.141894,-0.0289049,0.0520003,0.107424,0.0505929,-0.0335979,-0.0406367,-0.0532398,-0.0994124,0.0274753,0.0107858,0.0800585,0.0393043,0.036151,-0.131048,-0.102341,0.024631,0.133678,-0.0196891,-0.0589202,-0.025638,-0.11341,-0.0243241,-0.0306374,-0.124093,-0.0509729,0.0356233,0.119404,0.0511531,0.121552,-0.0527377,-0.000172169,-0.0640448,0.0477874,0.180486,-0.116807,-0.018666,0.134423,-0.136686,0.0474113,0.0293889,0.0218139,0.105931,-0.0585423,0.120273,-0.166282,0.0261899,0.0702191,0.0256126,-0.0721501,0.0306901,-0.10803,0.0294322,0.0265041,-0.133121,-0.0387058,-0.12785,-0.11879,0.0645123,-0.11843,0.0185371,-0.0993783,0.010603,-0.0697606,-0.128739,-0.0267665,0.0283496,-0.0332607,-0.071318,-0.0588266,-0.0578368,-0.0611276,-0.156012,0.115932,-0.143698,-0.0281739,0.0575015,0.163057,0.13449,0.0190784,0.194183,0.164623,0.00689986,-0.0541499,-0.102581,-0.0810548,-0.0958655,-0.0197967,0.0388758,0.00944413,-0.0846629,0.0328733,-0.0734575,-0.0129439,0.0391162,-0.0377411,0.00943433,-0.00105731,0.15637,-0.138298,0.0743193,0.0191574,0.0524684,0.057159,0.0172607,-0.0777643,0.0704516,0.106082,0.0837854,-0.033213,0.0859139,-0.00946806,0.0335014,0.0739273,-0.0866125,
0.154333,0.184446,-0.0389218,0.0311971,0.110394,-0.160386,-0.043631,-0.0449438,-0.100847,-0.136664,-0.0474111,0.0602974,-0.00287723,-0.14984,-0.00223727,-0.0798797,-0.0635246,0.104634,0.220303,0.189811,-0.0135462,-0.0919398,-0.103488,-0.0515109,0.0238245,0.129342,-0.0485103,-0.0130958,0.0844761,0.129611,0.171167,-0.0125699,0.0232752,0.0305769,0.0520995,-0.0634875,-0.132453,0.0622192,0.0555655,-0.046524,0.0342003,-0.0407849,-0.0610205,-0.0749055,0.0246723,0.146214,0.0564808,0.0909761,0.137852,-0.0117921,-0.121867,0.0948308,0.122321,-0.0138545,0.0966484,-0.0392854,-0.121057,0.010545,-0.000431252,-0.147815,0.136443,0.00751302,0.0471622,-0.0706451,-0.0906913,0.0730597,-0.149886,-0.069055,0.00870805,0.127081,-0.297854,0.090198,0.0831582,-0.0796624,0.0454312,0.0815946,0.0471658,0.0670222,0.133592,0.138218,-0.139051,-0.053245,-0.055936,0.000886619,0.132682,0.0408663,0.0802004,-0.107492,-0.0589001,-0.184314,-0.149421,0.0483729,0.00118249,0.0112889,0.0398292,-0.184249,-0.254235,0.0137922,-0.0667284,0.0401544,-0.0378322,-0.0769087,-0.0745222,0.0211163,0.0314741,0.0499189,0.125692,-0.0295869,-0.070292,0.00160211,0.0779351,-0.0817207,0.0423263,-0.0696671,-0.0547612,-0.163004,0.104952,0.0495047,-0.048544,-0.0491152,-0.110436,-0.0579497,0.0627082,0.186896,0.0257173,0.0276736,0.0439328,-0.0605206,-0.02245,-0.0754969,-0.111647,-0.114468,-0.0198451,0.0307971,-0.0702731,-0.0609813,0.075687,-0.0087507,-0.0235274,-0.140108,0.0602017,-0.0639952,-0.0809848,-0.0476873,-0.0497412,0.229229,0.0812139,-0.0577846,-0.0187106,-0.0182069,-0.0626618,-0.0348528,0.0469413,0.173587,-0.109266,-0.0146493,0.126989,-0.0709486,-0.0582959,0.0718966,-0.158556,-0.041106,-0.173167,0.199422,-0.151136,-0.155123,-0.0361659,-0.0881309,-0.0794132,-0.0721518,0.0235936,-0.0678678,-0.0394261,0.0344009,-0.0415445,0.0269461,-0.0334754,0.00284682,-0.0606591,-0.0692169,0.0306526,-0.0269546,0.0446075,0.00594497,0.0342492,0.102883,0.112119,-0.00103869,-0.0861459,0.0496924,-0.0184728,-0.0130308,-0.0324901,0.0156813,0.0718663,0.0474142,0.0519432,-0.076257,-0.153176,-0.0911793,-0.0293905,0.117164,0.009033,-0.0345421,0.0208696,0.182149,-0.071962,-0.148009,-0.0216026,0.0106472,-0.076686,0.00520268,0.165388,-0.000818606,0.0521549,-0.0867509,0.14661,0.0434395,0.0524281,-0.0117753,0.0479578,-0.0591195,-0.135943,-0.0323352,0.106051,0.0575205,0.0747351,0.0393515,-0.0843949,0.0681583,-0.019903,0.0809059,0.103474,0.0782617,-0.133252,0.0191079,-0.00518055,0.16432,-0.123922,0.0124354,-0.0538169,0.0414248,0.0221865,-0.197477,0.123392,-0.0253462,-0.0380876,-0.118765,0.00763892,0.0346997,-0.165701,-0.0191082,0.101296,-0.0337373,0.0490342,0.0291516,
-0.0238294,-0.0531899,0.135534,-0.0526388,-0.139313,-0.14177,-0.0841731,-0.128068,-0.023177,-0.0817245,-0.0163797,-0.0560259,-0.0839319,-0.0907131,0.0668784,-0.0102408,0.134189,-0.00231234,-0.0582615,-0.0832224,-0.0170916,-0.0921885,0.160786,-0.0797118,-0.131326,0.148351,-0.0692124,-0.0227496,0.062942,-0.00638696,-0.0637426,0.0153799,-0.107822,-0.108009,-0.0283445,-0.0196096,-0.0172596,-0.0376939,-0.0265322,0.0716568,-0.120272,-0.113809,-0.0303023,0.0309375,-0.158675,0.0613013,-0.00949582,0.021877,-0.0215327,0.127621,-0.0885998,-0.0632206,-0.0849015,-0.0630876,0.137523,0.0186754,-0.122795,-0.0825362,0.0807374,0.0493374,-0.120912,-0.012807,-0.109255,-0.051651,-0.0176601,0.0281005,-0.0663193,-0.0238828,-0.126097,-0.0170346,-0.0423002,-0.00567617,0.101761,-0.12662,-0.151158,-0.0736542,0.0700668,0.0502102,0.0714642,-0.0143678,-0.0110732,-0.0316196,-0.00400789,-0.0958406,-0.0838191,0.108143,-0.145501,-0.0274516,0.0282273,0.134317,0.0166284,0.0149457,-0.0458381,0.0930039,0.0347788,0.0211596,-0.103144,0.00652907,0.0361933,0.0463748,-0.0348929,0.0663372,0.041542,0.100857,0.0901394,0.0990625,-0.0475313,0.108515,0.0877889,-0.114544,0.0097347,0.0498314,-0.102137,-0.123225,-0.0567792,-0.124916,0.0260696,0.0842464,-0.000247837,0.1058,-0.058161,0.04885,0.0626146,-0.0764383,-0.00715848,-0.0371152,0.0402032,-0.0418438,-0.013735,0.0636242,0.00127629,-0.0744533,0.0959375,0.0667014,0.0216509,-0.0469255,-0.000344161,0.0628737,-0.0681435,-0.0960544,0.0407651,0.163345,0.076049,-0.0437748,-0.120799,-0.0392598,-0.0279496,-0.0320794,-0.0524719,0.18985,0.207209,0.00239084,-0.0410898,0.0019152,-0.0236832,0.133366,0.0858782,0.108073,0.0238531,-0.0578588,-0.125466,-0.0390894,-0.0812386,-0.0183679,-0.129341,-0.0405871,0.0220483,-0.158556,0.0416879,-0.114701,0.0697272,0.0713859,0.0608111,-0.0194644,0.170844,-0.00932759,0.035569,0.0293014,0.00372321,0.0933661,0.145325,0.0616881,-0.0078223,0.123459,-0.119752,-0.155103,0.00845483,-0.12157,0.080382,-0.146779,0.180532,0.0865259,-0.0189276,0.0305625,0.0418168,0.0283256,-0.0519511,-0.0325719,0.0909277,-0.0655762,0.0948052,0.0510687,-0.12153,0.183185,-0.202415,-0.276956,-0.00296565,-0.0652093,0.0109722,-0.127212,-0.0626592,-0.023196,-0.0847436,0.0636223,-0.126251,-0.0272919,-0.019492,0.027778,-0.00491513,0.135844,0.088146,0.0337743,0.0227881,0.0797829,0.0184631,0.0582798,-0.0590416,-0.0776989,0.00620557,-0.0187476,-0.0578426,0.0673958,-0.0555838,0.093201,-0.0117731,0.0203369,0.0442673,0.117665,-0.0367234,0.0358525,-0.066531,-0.107935,-0.118786,0.00499445,-0.180449,0.0404584,0.114941,0.07289,0.0799105,-0.0412159,-0.0473412,0.247429,-0.0524355,-0.0570619,-0.0140488,-0.00440685,
0.0615035,0.0261979,0.10514,0.0606992,0.0611987,0.0364657,0.055401,-0.108774,-0.0676238,-0.0465327,-0.098662,0.11399,0.0694785,-0.068875,0.0305395,0.125687,-0.24035,0.102072,-0.0320648,0.0902475,0.0729173,-0.0600645,0.0888201,-0.166214,-0.0692921,-0.0370354,-0.0513922,0.216506,-0.0580908,0.149874,0.114383,-0.111227,-0.00544893,0.0368051,-0.120577,0.0252312,0.140658,-0.0176275,-0.105537,0.0146585,-0.0152698,0.0527031,0.00131136,0.0324472,-0.0729606,0.0617734,0.0772628,0.0527442,-0.0244644,-0.0327286,-0.00480716,-0.0222994,-0.0528664,0.0452998,-0.0651374,0.071484,0.0334758,0.0422284,-0.0704315,0.0708825,0.0517427,-0.00721208,0.0294356,-0.128193,-0.109859,0.104029,0.214439,-0.0128368,-0.155631,0.16892,0.06816,0.07136,-0.0681402,0.0214752,0.0183048,0.0378629,0.0629738,0.0385883,-0.0678123,0.0772664,0.0164479,0.073192,0.0688016,0.0537951,-0.0215669,0.0153707,0.109346,0.102569,0.0339561,0.0814502,-0.000465565,0.0317507,-0.0798605,0.0848254,-0.0570785,-0.101624,0.000278173,-0.0111111,-0.145769,-0.0614234,0.0182537,-0.0604551,0.0640627,-0.110253,0.0552907,-0.0275898,0.251738,-0.0483008,-0.108968,0.0241738,-0.0945409,0.0295876,0.119383,0.096349,-0.167795,0.143488,-0.0151199,0.00965237,-0.0840363,0.0538263,0.0115265,-0.141388,-0.00837436,0.184164,-0.113978,0.00918838,0.00622847,0.0366006,-0.138222,-0.165878,-0.0312202,0.054368,0.000582509,-0.0392365,-0.0247461,-0.0673687,-0.0500222,0.0801724,0.190921,0.0750293,-0.0375198,0.195361,-0.112412,0.0548487,0.10388,-0.0277511,-0.0588077,0.15704,0.0616103,-0.0918641,-0.0903018,0.0556198,-0.115679,-0.0555332,0.0141226,-0.116538,0.0456951,-0.0623738,0.121691,-0.0264775,0.0274896,-0.218583,0.115357,0.0339806,-0.112678,-0.0277078,-0.122488,-0.0710546,0.0871339,-0.184312,-0.105913,-0.0533324,-0.0669376,-0.0710178,-0.0873032,0.0174927,0.0191348,0.0149231,-0.0935721,0.0492225,0.000718143,0.0312215,-0.000305047,0.157584,0.134889,-0.0103336,0.00177092,0.0117103,0.139382,0.0604971,-0.116491,0.0857945,-0.094666,0.058281,-0.0844453,0.0138704,0.0131292,0.0132086,0.0471651,-0.0888019,-0.0401108,-0.040787,0.0272462,-0.130117,-0.00406295,0.0350132,-0.0233448,-0.0598499,0.070204,-0.0694294,-0.038088,-0.100206,0.0575895,-0.0206489,-0.146157,-0.0611938,-0.0874748,0.0200861,-0.101572,0.135319,-0.115854,0.0370462,-0.00407452,0.139011,-0.0742878,-0.0833972,0.00724202,0.104609,-0.0158273,-0.0280382,-0.041011,-0.0226111,0.00391534,0.183648,-0.246906,-0.05842,-0.0544707,0.0419774,-0.0877583,-0.037623,-0.135514,-0.0607284,0.108797,0.144463,-0.0832804,0.0227141,0.0533774,0.0628408,0.0214833,0.170207,-0.0384508,0.0666744,0.088533,0.0202785,0.106651,-0.0672193,
-0.111932,0.0943161,0.0474007,-0.0096873,-0.0721262,0.173457,0.0108342,-0.0656601,-0.0159741,0.0638365,0.0519255,0.004601,0.0599737,0.186976,0.0473851,0.121749,-0.0310818,0.0865353,-0.0730404,0.0175981,0.0032412,-0.139654,0.0826032,-0.0999456,0.0110315,-0.0452099,-0.108272,-0.0974703,-0.118269,0.0358598,-0.0205106,-0.0320596,0.0116255,0.0221903,-0.00882648,-0.128766,0.200135,0.0182699,0.142519,-0.0234059,0.132236,-0.0433831,0.0134424,-0.0783279,0.103269,-0.122068,-0.178447,0.151176,-0.00625518,-0.0144883,0.0601189,0.0396597,-0.00547693,0.0530525,0.113444,-0.0989206,0.0915487,-0.222605,0.0611335,-0.0629624,0.00962046,-0.0231732,-0.0232004,0.0822545,-0.0119467,-0.110616,0.0155461,0.0163834,-0.0596676,0.000141878,-0.0534002,-0.0442912,0.0821717,0.114978,-0.0856988,0.0667483,0.105123,0.135002,0.0960542,-0.0383953,-0.11646,0.0190617,-0.0121869,-0.0347951,0.0983886,-0.0380376,-0.109394,0.102199,-0.0472831,-0.110058,0.141625,0.0804748,0.178473,0.0354428,-0.106742,0.0436201,0.0126117,-0.0127395,0.104629,-0.133046,-0.160055,-0.0636588,0.0210832,0.0934865,-0.166139,-0.0798249,0.0363998,0.00127486,0.0344756,-0.123334,-0.0333354,-0.0500059,-0.0573928,-0.0995241,0.0819873,0.00820136,-0.100768,-0.156859,0.0176461,-0.132014,0.0268404,-0.194522,-0.0223463,0.0159144,0.000682882,-0.0501244,-0.000572554,0.0308923,0.0307273,0.140888,-0.0490823,0.0753048,0.0414016,-0.0111948,0.0978215,0.0612538,-0.0642588,-0.0703814,-0.120809,-0.0950176,0.0067889,-0.12254,-0.205935,0.0298601,0.0681306,0.0279759,-0.0579318,0.00433281,0.140792,0.105548,0.035241,0.166758,-0.127204,0.00979516,0.0309301,-0.0689803,-0.03133,0.0440333,-0.00304372,0.0562548,-0.0412034,-0.0127332,-0.0378029,-0.226522,-0.0760042,-0.0019093,-0.110172,0.0641505,-0.00453806,0.0870058,-0.0438246,-0.0483714,-0.0488358,0.0369054,-0.319906,-0.0139894,0.0219143,-0.0267428,-0.0438915,0.141908,0.0130514,0.0704952,-0.0249159,0.0365339,-0.0415923,-0.0229731,-0.201252,0.113194,-0.161979,-0.0815646,-0.079386,-0.0181951,0.0669492,-0.0507297,-0.135862,-0.0454458,0.0222828,-0.0511062,0.0447312,-0.136537,-0.059143,-0.000549153,-0.051574,0.0862524,-0.00904259,-0.0120134,-0.130822,-0.0362934,-0.178143,0.000330847,-0.00871389,-0.137323,-0.147871,0.0847045,0.0333265,-0.0804896,-0.0258665,0.0332832,0.0546436,0.120508,-0.20056,0.0492333,0.0228278,-0.0104381,-0.00459197,-0.00971905,-0.179494,-0.0405202,-0.0219748,0.0499995,0.0156882,0.120666,0.0454802,-0.0110558,-0.124838,0.0210318,0.0615031,-0.0553025,-0.0447853,0.0510338,0.0564957,0.0640328,-0.0354727,0.028291,0.0223986,-0.227561,0.0546849,-0.165911,0.0459526,0.00232964,0.0670712,0.0214835,0.104356,0.0443595,0.0286877,0.08385,
0.00262072,-0.0378914,-0.0966639,-0.159917,-0.0878955,-0.102321,-0.0483467,-0.0849942,-0.0849639,-0.102519,-0.127692,-0.0700573,0.0955395,0.0797882,-0.00855607,-0.0680257,-0.0104554,0.0957048,-0.0880076,-0.0334541,-0.0800168,-0.0306648,-0.0817327,-0.013025,-0.0267014,0.0623454,0.0238108,0.118314,0.12716,-0.0674253,-0.0299751,-0.0921507,-0.0174907,0.0579208,-0.128476,-0.0654982,-0.0134029,0.0106817,0.0370623,0.00765406,-0.110061,-0.0473173,-0.0480659,0.0160156,0.146527,0.141898,-0.0519781,0.0333492,0.0158793,0.0474156,0.00503376,0.011226,0.0957522,0.0855526,-0.00150261,-0.0139793,-0.0240956,0.069158,0.00603616,-0.014133,-0.170916,0.00674194,-0.048968,-0.116908,0.00805469,0.0518918,0.120131,-0.091897,-0.0359642,0.105818,0.058898,-0.0370558,0.0534891,-0.0618383,-0.0209995,0.0500393,0.171579,-0.00727139,-0.0132276,0.100221,-0.0368134,-0.0428615,-0.206699,0.168635,-0.00680462,-0.0739845,0.0451135,0.0223469,0.000891022,-0.00119752,-0.0168775,0.0668349,-0.0340175,0.0510939,0.0123893,0.164111,0.055099,-0.0364401,-0.190114,0.033467,-0.0155727,0.00285943,0.0342956,-0.028808,0.113617,-0.0295045,0.100629,0.116833,0.0045394,0.0840983,0.0832511,0.134516,-0.0944152,0.00950518,0.0335237,-0.0886238,-0.116169,-0.0297597,-0.0757343,-0.0260111,0.0543033,-0.0968031,-0.159655,-0.00858236,-0.130603,0.00328633,0.086053,-0.047136,-0.242596,-0.0869099,-0.102324,-0.0271637,0.0466969,-0.0177024,-0.104913,0.0718949,0.00218596,-0.0877928,-0.0208972,-0.157337,0.110236,-0.0408584,0.127781,0.067214,-0.00833214,-0.00503217,0.0306257,-0.0584887,-0.223848,-0.00220139,0.00427497,0.133253,0.0615196,0.0832715,-0.177263,-0.0993549,-0.103608,-0.151488,0.146333,0.0873605,-0.105852,0.0901545,0.013636,0.0247136,-0.0233775,0.0821104,0.0813944,-0.00367722,0.00131086,-0.0394415,0.0991952,-0.0199683,0.0691031,-0.0316254,0.0715845,0.047829,-0.0797735,0.089213,-0.144221,0.0834714,0.133455,-0.0188375,-0.117997,0.0121405,-0.0412928,-0.134588,0.0180688,-0.0409816,0.147532,-0.106458,0.0163207,-0.112123,0.0523473,-0.052761,-0.0578486,0.0124908,-0.00775477,-0.0354457,-0.0675894,-0.0820294,-0.106995,-0.16406,0.0577104,-0.0508477,-0.0522167,0.202833,0.0368783,-0.0637826,-0.0660367,-0.0846383,0.0964966,-0.0771147,0.0661611,-0.0525623,-0.0442027,0.168911,-0.00663544,-0.0432642,0.0296316,0.107135,-0.0220713,0.122451,-0.089045,0.046727,0.0327796,-0.124138,-0.010157,-0.0641055,-0.126311,-0.159236,0.149053,-0.134822,0.178233,0.0399783,0.169588,-0.263691,0.00411866,-0.00256282,0.171316,-0.0827818,0.0540201,0.0456986,-0.14563,0.0869884,0.00329328,-0.0772479,-0.029612,-0.11162,0.150628,0.102916,-0.134035,0.0295766,-0.0102137,0.0311793,-0.123017,-0.0246113,
-0.0651896,0.350552,-0.0768691,0.0921915,-0.0221706,-0.078531,0.157121,-0.115405,-0.0645828,-0.0376059,0.0753853,0.17362,0.0438832,0.0398479,0.0156156,0.090871,0.104563,-0.0808376,2.76662e-05,-0.0443952,0.0963192,0.109148,-0.147718,0.0247952,0.160599,0.0617127,-0.201157,-0.0171561,0.17281,-0.0118003,-0.147721,0.0928466,0.0173872,0.00910236,0.0910576,0.10558,0.0484213,-0.0406359,-0.012893,-0.0523841,-0.163834,0.0582054,-0.0236017,-0.085656,-0.0283053,0.0368234,-0.0683818,0.126966,0.00546465,-0.124188,0.0643098,0.106497,0.179816,-0.0895657,0.190345,0.155982,0.081356,0.113685,0.0310914,-0.156302,-0.0826874,0.0134997,-0.109969,-0.0566765,0.00146392,0.0178466,0.107017,0.0618059,-0.00939096,0.13503,-0.0816613,0.100297,0.0974442,0.0989577,-0.0509915,0.05189,-0.255113,-0.0653329,0.0556602,-0.0178952,-0.102203,-0.17604,0.151791,0.114757,0.054929,0.0238479,0.0915108,0.000728066,0.0617734,-0.0539887,0.114928,0.0793212,-0.0824346,0.0330924,0.0939493,0.152693,0.0284546,-0.0159199,-0.101193,-0.0154336,0.00543299,0.156046,0.0267626,0.125396,0.028262,0.0745231,0.0311483,0.0295685,0.0359948,-0.0952298,0.0587515,-0.16932,-0.0795157,0.111422,-0.0016867,0.0692996,-0.0247695,-0.0527855,0.147889,0.0250074,-0.0317355,0.0521628,-0.027585,0.0300069,0.0270852,0.0213604,-0.0753324,-0.0153181,0.0582112,0.100367,-0.253376,0.16672,0.0312069,-0.0571039,0.0878784,-0.000320401,-0.0444777,-0.0191253,0.0531368,0.155674,0.183319,-0.0502215,-0.173644,0.0227544,-0.038606,-0.0787938,-0.045368,-0.0237926,0.00815843,-0.0916902,0.082026,-0.0897703,0.04766,0.0776013,0.103158,-0.0491892,0.0928902,-0.00459889,-0.0672255,-0.0786104,0.106536,-0.0132864,-0.0202658,-0.00462993,-0.105626,-0.0746136,-0.127542,0.189162,0.00210987,-0.19047,-0.0420333,-0.0154723,0.0187423,0.0826511,-0.130571,0.058298,-0.00635934,0.0393533,0.179912,0.161659,-0.212074,-0.0249232,0.0531769,0.249345,0.0169466,-0.00105547,0.228243,0.0845015,-0.0840432,0.0615775,0.164646,0.0350216,0.0854371,0.0439798,-0.00863843,-0.028942,0.153383,0.128873,0.0701834,0.127893,-0.0503214,-0.0905092,0.102496,0.0212897,0.0130947,0.107332,0.0700499,0.0130867,0.114035,0.0738514,0.0647133,-0.0399036,-0.273742,0.0102733,-0.0530752,0.00211966,0.0373629,0.0461943,0.00271956,-0.016954,0.231561,0.000314249,0.354537,0.0996293,0.127777,0.036953,0.0449169,-0.167463,-0.0734381,0.0188316,-0.121026,-0.00951129,-0.00379021,0.145757,0.12385,-0.0416118,-0.183931,-0.0855991,-0.0644707,-0.0545773,0.0556797,0.0595363,0.0327621,-0.071434,0.0306265,-0.0306092,-0.0632508,-0.0268371,-0.0110699,-0.013312,-0.0635334,-0.15998,0.00322228,-0.0837329,0.0360441,0.0165877,
0.0610853,0.0496249,0.0848864,0.122484,0.0526403,-0.0313744,0.140527,-0.0454078,0.0519727,0.0534856,0.0468281,0.130716,-0.0139891,0.0281808,0.00254277,0.19558,-0.0541836,0.019125,0.0389469,0.0468052,0.200406,-0.0808898,-0.0772807,-0.0791115,0.0746589,-0.0711782,-0.0630688,0.0670296,-0.161359,-0.0480567,-0.113103,-0.102967,0.0637258,0.0138598,0.0340752,0.010086,0.048836,-0.141717,0.0122788,0.0420526,-0.0060816,0.0427441,0.000459478,0.0304765,0.0353667,-0.0172388,-0.281697,0.167032,0.0373715,-0.0887062,0.0109097,0.10387,-0.0163397,-0.193952,-0.0964365,0.0452501,0.0717468,0.0838846,-0.12459,0.0726654,-0.120493,-0.0815968,0.0870067,0.0244923,0.0814739,-0.100567,-0.0209794,-0.137857,0.0342137,0.0682937,0.0147132,0.0900427,0.082919,0.00866923,0.000678623,0.0273888,-0.0708515,-0.127908,0.016382,0.0609728,0.163373,0.107987,-0.0553517,-0.129653,0.0100631,-0.162373,-0.0326756,0.166871,0.0826455,-0.0371672,0.0408252,0.0757205,0.135564,0.042187,0.11903,-0.193322,0.176432,-0.0528045,-0.113926,0.0758345,0.309037,-0.0483726,0.0730009,-0.117514,0.0742409,-0.149754,0.025568,0.0117269,-0.0125394,0.0292273,-0.0350719,0.0521922,0.0137883,-0.130798,0.0895685,-0.016473,-0.0458529,-0.0201351,-0.0657806,-0.126225,0.0325397,-0.0306953,-0.0847471,-0.105767,0.0916066,0.0698205,0.0728973,0.0688617,0.00839651,0.0481011,0.072766,-0.205239,0.0278156,-0.0470441,0.0330391,-0.0824853,0.207952,0.0053229,-0.22398,-0.0147214,-0.00868125,0.0929412,-0.0373786,0.00633871,0.10547,0.0678401,-0.0808582,0.202716,0.0261531,0.119618,0.0586681,0.0655693,0.015493,-0.0908296,-0.144512,0.0101847,-0.183492,-0.0784115,-0.00592943,0.113701,0.0299297,-0.16248,-0.0140003,-0.0312511,0.0594515,-0.168637,-0.0083881,0.0545049,0.0172558,0.00829628,0.17283,0.0266937,-0.0118388,-0.106083,0.0176873,0.0337057,-0.0175,-0.131567,-0.100391,-0.0648932,0.00341732,-0.0458841,-0.0741524,-0.144217,-0.107602,0.165491,0.00494123,0.140922,0.103568,-0.036269,0.0404352,0.0271854,0.0445854,0.076635,0.0440373,0.00606564,0.134536,0.160982,-0.086022,-0.143072,-0.0329718,-0.0233292,-0.0773188,0.028062,0.0145916,0.09846,0.0263902,-0.0277179,-0.133958,-0.0276219,-0.0966257,0.0193687,0.0635689,0.0835785,-0.0735575,0.0711097,0.0202506,-0.186775,0.0545016,0.043454,-0.00096731,-0.0437904,0.0705839,0.0814463,0.0370913,0.230767,0.00447563,0.0321791,-0.0918358,0.149733,0.103182,0.122803,0.0808569,-0.187215,0.0563733,0.0215774,-0.0439946,-0.0879435,0.0296376,-0.0150937,0.122503,0.0380892,-0.0170871,-0.115518,-0.0483294,-0.0448284,0.114251,-0.0595432,0.19699,0.215342,-0.0166041,0.142735,0.163002,0.0311232,0.135511,0.020063,
-0.00106275,-0.151231,0.0101275,-0.0447095,-0.162285,0.051114,0.0234775,-0.066698,0.0306644,-0.0945915,-0.0741713,0.0295373,-0.0489427,0.116864,-0.0971522,-0.0401118,-0.00875969,-0.0509581,-0.0478874,0.0394598,-0.140756,-0.125703,-0.00162457,0.0637794,0.0803025,0.161629,0.0222319,-0.138399,-0.171039,0.0196572,-0.0204381,-0.0777443,0.0770054,-0.0257561,-0.205031,-0.0814833,-0.0212038,-0.063037,-0.121506,0.0525318,0.00311313,-0.0126091,-0.00269583,0.165265,0.101748,0.0694904,-0.127955,-0.109722,-0.0528364,-0.0785001,0.0310862,0.000983909,0.05613,0.0673369,0.0678222,0.0153841,0.109874,-0.0424924,-0.0817553,-0.119318,-0.187185,-0.0937524,0.0393453,-0.0245612,-0.0803983,0.0707225,-0.00582208,0.0787174,0.0620702,-0.0451809,-0.0155122,0.0156243,-0.0352356,-0.0641468,-0.0490576,0.100414,0.155229,-0.0432846,0.089467,0.0880282,-0.180156,-0.0320664,0.108448,0.0241664,-0.0339192,0.18107,0.083263,-0.196633,0.0490031,-0.102852,0.0261928,0.122917,-0.0668307,0.074822,0.072075,-0.104095,-0.0145829,-0.0223924,0.0125048,0.03239,-0.0160603,-0.134938,-0.17992,0.176978,0.115414,0.140159,-0.0862935,0.170461,-0.138035,-0.184208,-0.0187009,-0.111094,-0.00754836,0.0136867,-0.0182984,0.0343411,-0.105242,-0.00733889,0.0717607,-0.0863608,-0.0832037,0.112572,-0.0370294,-0.0357197,0.0153577,-0.0464105,0.0303166,0.0800913,-0.0109004,0.0472187,-0.218096,0.00530679,-0.0111298,-0.100139,0.0494437,0.0170638,-0.062067,-0.0720183,-0.115268,-0.124515,-0.0554014,-0.0557362,0.0682533,0.00377238,0.0937048,-0.0289071,-0.0501772,-0.0385792,0.0382442,0.0474245,0.0552798,-0.161918,-0.104831,0.124345,0.0926528,0.118736,0.141448,0.0440033,0.0186019,-0.0496614,-0.0109952,0.0319576,0.00113945,-0.0534705,-0.0319516,-0.179642,-0.0358148,0.0332084,-0.112889,-0.117849,-0.0566862,0.0815486,0.0182291,0.066173,-0.0122472,0.111173,0.0468312,-0.107257,0.14348,-0.0217719,0.0378522,0.0945433,0.00156154,-0.0229304,0.0124151,-0.00123138,0.131693,-0.102255,-0.12709,0.06189,-0.0402957,0.0791737,-0.0256171,0.111613,-0.0253183,-0.121098,-0.0414072,0.004093,0.0204693,-0.00597579,-0.00316094,0.111611,-0.178119,0.0384341,0.0334813,-0.0410535,-0.106385,0.136609,-0.0726263,-0.0723244,-0.0564512,0.0959235,0.0198364,-0.00159626,-0.0147315,-0.126513,-0.0190979,0.107651,0.0899195,-0.108968,0.0784349,0.0931804,0.0504608,0.0698858,0.0578035,0.110913,0.0499954,0.189675,-0.119346,-0.0293468,-0.0403436,-0.168203,-0.132242,-0.0205315,0.0285325,-0.133024,0.137469,-0.189566,-0.0306423,0.0185746,0.127516,0.129961,-0.0563727,0.022772,0.0858408,-0.0793538,0.0108083,0.0107495,0.0709344,0.0424464,0.0330266,-0.173589,0.00872213,0.0251677,-0.124865,-0.0332602,
0.0121853,0.176608,-0.0374339,-0.137033,0.264127,-0.0536897,-0.0708219,-0.043853,0.0864112,0.0888444,0.0104106,0.111615,-0.183619,-0.0740939,0.153499,0.0898717,0.0457298,0.171125,-0.0242708,-0.0773561,0.0567521,0.0279515,-0.0597276,-0.0974967,0.0675685,0.0551643,-0.0395586,-0.136891,0.0188788,-0.0204843,-0.0354509,-0.0213114,0.0791109,-0.00854088,-0.145854,-0.0665309,0.0612646,-0.0399883,-0.0263247,0.0875972,-0.0772711,-0.0142048,-0.0600963,0.106557,0.0966736,-0.0219948,-0.00744058,-0.0201138,0.10102,-0.0724624,-0.0906015,0.0774973,0.0875346,-0.0590206,0.0467684,-0.0600964,0.0402748,-0.0962215,-0.089886,0.0654375,-0.00862087,0.0775978,-0.108042,0.00403776,-0.0609876,0.0624857,0.0184176,0.058506,0.0529166,0.0730439,-0.0271746,0.217225,0.0296389,-0.010899,0.12914,0.0484719,0.0678118,-0.111404,-0.10507,-0.0614279,0.200798,0.0546285,-0.0347505,-0.116966,-0.154761,-0.0576625,-0.129659,-0.0763142,0.0384243,-0.0753697,0.108971,-0.0675325,-0.0351225,-0.0777681,0.0648327,0.0935984,0.0263962,0.0329061,0.1488,-0.0777181,0.0786937,-0.00189901,-0.04092,0.13073,0.113956,0.0364083,0.0469839,-0.134627,0.066528,0.0326698,-0.00459535,0.0104582,0.0984626,-0.00462952,0.0608473,0.0729271,0.0299963,-0.0153673,-0.181271,0.0678534,-0.0421074,0.104604,0.0612286,0.00589528,0.000498628,0.0602146,-0.0759137,0.0261355,-0.138217,-0.0826766,-0.193045,-0.0778758,-0.0177367,-0.0201973,0.0352198,0.0372226,0.0334308,-0.0908708,-0.0234781,-0.0100396,-0.0094056,0.121295,-0.0374171,-0.0854529,-0.12981,0.0327609,0.0434503,-0.127612,0.236778,-0.181302,0.0793259,-0.0065026,0.195567,0.0777358,-0.228923,0.021694,0.0706278,0.0815136,-0.057068,0.146427,0.0938904,0.116103,0.065754,-0.105705,0.157698,-0.0346532,-0.0754965,-0.0180741,-0.159294,-0.136345,0.0122454,-0.0499883,-0.00556131,-0.0853562,-0.335837,-0.0679758,-0.187742,-0.0531119,-0.106108,0.0634031,0.0291553,0.00357862,0.0501572,-0.0352266,0.150129,-0.0105603,-0.0286744,-0.00688164,0.0280885,0.0530184,0.0295538,0.0327698,0.192799,0.0901598,0.0920357,-0.055592,-0.111004,-0.0186216,0.144395,-0.065596,-0.0593963,-0.0808506,-0.105432,-0.0431986,-0.0616903,-0.0505357,0.187653,-0.0880351,-0.0665013,0.0558808,-0.0571745,0.0436333,-0.0205855,0.0368657,0.0287147,0.0438229,0.0680281,-0.0511493,0.0454087,-0.0159728,-0.0977105,-0.0712842,0.0863009,0.0248783,-0.0882269,0.132792,0.0576859,-0.107976,-0.0306212,-0.0403285,0.0264982,-0.0734098,0.113148,0.0511849,-0.0033935,0.0421134,0.0281797,-0.0133111,0.0481506,0.00238353,-0.0701013,0.135687,-0.0256222,-0.0132335,0.0752321,-0.0176824,-0.0981211,-0.0230893,-0.131481,-0.0116412,0.0644082,0.0554697,-0.0938303,-0.109966,0.106203,-0.0448495,
-0.0152037,0.052941,-0.0171966,0.0281756,-0.01577,-0.0285361,-0.0129694,0.119264,-0.0567198,-0.187364,-0.180739,0.0789926,-0.0688951,-0.0849782,-0.137203,-0.101864,0.0760086,0.162245,-0.105525,-0.100032,-0.00639752,0.152839,-0.00749664,-0.0411626,-0.00136228,0.0106674,-0.0090583,0.159751,0.066709,0.0384252,0.00805526,0.0161291,-0.0237936,-0.0881903,-0.0255957,0.015112,-0.109513,0.0125899,0.0497472,-0.0738642,-0.0750399,-0.0966812,-0.112068,0.186534,0.0365113,-0.162159,0.0343645,0.0910929,-0.0762301,0.0400716,0.0814034,0.0157105,0.0020441,0.0342995,-0.117884,-0.134796,0.00618703,-0.0800212,0.0116627,0.0845326,-0.031857,-0.0396205,-0.135586,0.00836704,0.0574841,-0.000618404,0.0266028,0.13011,-0.210574,0.0284332,-0.02904,-0.0181653,-0.0810573,0.0977077,0.0206906,-0.0703955,0.0134768,0.062767,-0.00329822,-0.0265687,-0.0208329,0.00979498,0.133273,0.0997048,0.0923898,-0.0215236,-0.133703,0.0452395,-0.0606995,-0.0250133,-0.0578148,-0.0692359,0.0101477,-0.0840971,0.151362,-0.113523,0.00183355,-0.0533407,-0.0541585,-0.123273,-9.96534e-05,-0.0381699,-0.128538,-0.00220346,-0.0601815,-0.00564833,-0.0513971,0.0598314,-0.0482454,-0.0918902,0.0127973,-0.0369749,0.0589761,0.0712988,-0.0335013,0.181506,-0.0156504,-0.224582,-0.0306688,0.028019,0.0366525,0.122969,0.0601881,0.130828,-0.0584572,0.127431,-0.0411108,0.0556593,-0.0794465,-0.00422492,0.016595,-0.11067,-0.0777952,0.0356837,0.0630255,0.013226,-0.0901546,0.123051,-0.0854418,0.05378,-0.0949903,0.0197684,0.00396197,0.0420634,0.0417578,-0.0368897,-0.0211601,0.226009,0.121326,-0.0732252,0.0284334,-0.0117336,-0.0336012,0.0732007,0.0396043,-0.112909,0.014181,0.0428805,0.0169511,0.079177,-0.0799292,0.186762,-0.0794453,-0.152153,-0.100279,-0.193137,-0.0842663,0.132438,-0.135513,-0.0273727,-0.064123,0.0535964,0.139404,0.14998,-0.0333466,-0.0167093,0.000445564,0.136325,0.23761,0.102413,0.114883,0.0990597,0.0255423,0.0923948,0.0118305,-0.0813249,-0.0627855,0.121955,0.00159466,0.0370692,0.0940726,-0.0536449,-0.032268,0.0431179,-0.0987314,0.00083182,-0.0328857,-0.0115443,-0.0229207,-0.0787883,0.115884,0.0128373,0.00337719,0.119019,0.0240857,-0.0493104,0.132379,-0.122483,0.0800214,0.00464812,0.07324,-0.144035,-0.0968763,-0.0977733,0.0907103,0.00240778,0.162539,0.0740479,0.0527173,0.0512723,-0.0324619,0.0178671,-0.085501,-0.162202,0.0239745,-0.0419149,-0.0139912,0.162706,0.0535669,0.0431214,-0.199586,0.00779626,0.0276361,0.00685799,0.0144873,-0.0326392,0.0682449,-0.14274,0.063266,-0.0903232,0.0275078,-0.000435881,0.0287986,0.0212966,0.0645751,0.102063,0.138879,0.00663253,0.0458568,-0.0841974,0.0936182,-0.0181823,-0.0575954,0.0331474,-0.0599602,0.109711,
0.0183526,-0.0426938,0.0193269,0.138367,0.0630934,-0.107448,-0.155168,-0.0370306,0.0918303,0.0130678,0.0743837,0.0544274,-0.126877,-0.0386411,-0.153193,-0.104586,-0.0267446,-0.0754214,-0.138644,-0.0634879,-0.191369,0.0465799,0.0789916,-0.131234,0.131466,-0.0324909,-0.169831,0.0754959,-0.0957499,0.0965369,-0.0742493,-0.0727619,0.0105076,-0.0217435,0.0485233,-0.0647863,-0.0457845,0.0629745,0.0787025,-0.00360498,0.0961748,-0.0076467,0.14547,-0.0400221,0.0504985,-0.00404064,-0.100567,0.173422,-0.0263322,-0.0739715,0.0288913,-0.0921983,-0.0501565,-0.0205371,-0.112561,0.0169069,0.161142,0.0941168,-0.045896,-0.0465767,-0.0955848,-0.00379754,-0.0532805,-0.103256,-0.0884754,0.0191586,0.164644,0.10932,0.0682173,0.0900655,0.121844,-0.141485,-0.120552,-0.0609142,0.0621835,0.0575796,0.0929129,0.055373,0.158746,-0.0472473,0.0684983,-0.0193225,0.0130749,0.142529,0.0677942,0.0179651,0.0365761,0.00187354,-0.162585,0.0364426,0.0622418,-0.0391392,0.0287007,-0.0281627,-0.0828727,0.0948817,-0.162368,-0.0133357,-0.103657,0.196316,-0.0266906,-0.101954,-0.0229162,-0.00708137,0.190186,0.0768903,-0.0545129,0.0425572,-0.0755759,0.0121732,-0.106613,0.0112408,0.0960698,0.00218023,0.0493877,-0.0416453,0.119659,-0.0424926,-0.0642818,-0.208336,0.0548274,-0.0617287,-0.0854196,0.111626,-0.00826412,0.021913,-0.00461324,0.0465289,-0.0485584,0.000174567,-0.156963,0.136895,0.00771448,0.0211054,-0.0837714,0.0786538,-0.0673416,0.0291392,0.0114998,-0.127788,-0.0385718,0.0433013,0.0715049,0.012737,0.0646712,0.0424553,-0.0158324,0.00262708,-0.0539333,-0.0308019,0.0701246,-0.117337,-0.0115675,0.0598042,-0.0404922,0.129901,-0.0767788,-0.0757171,-0.0547684,0.0780542,0.0941259,0.0240981,-0.144415,0.00723858,-0.0363548,-0.0196742,-0.0228401,-0.206588,0.0366387,-0.00635933,0.0415333,0.0454216,0.11694,0.0807314,0.167391,-0.107647,0.0871319,0.0411021,-0.0672126,-0.0090528,-0.0386825,-0.0637112,-0.0920085,-0.0056223,-0.0966218,0.12055,-0.247893,0.09938,0.0585196,0.000309245,0.155594,0.0161,0.0733246,-0.0366643,0.0608227,-0.043212,0.107215,-0.154868,0.0276154,0.0337356,-0.117345,0.0163864,0.04239,-0.167966,-0.00996785,0.234168,0.0446312,0.130835,-0.0325899,-0.136682,0.145676,-0.00169978,-0.0815816,-0.0206364,-0.0329012,0.00809627,-0.0133042,-0.0721923,0.059525,0.0974072,-0.134293,-0.0463961,-0.132114,0.00827888,-0.0138371,0.0558114,-0.0522298,0.0901947,0.0312415,0.0731234,0.113731,0.0968146,-0.0259904,-0.140411,-0.0863721,-0.133776,-0.117324,-0.0409873,0.00156953,-0.00600198,-0.0517471,0.0146539,0.119644,-0.0934377,0.014736,-0.0133903,-0.0907976,0.00131059,-0.0208301,-0.0125162,-0.00354525,0.121827,-0.107514,0.0821554,0.128447,-0.0474341,
-0.0495181,-0.19077,0.0438555,-0.0345489,0.0696032,0.0301158,-0.0707579,-0.140386,-0.157285,0.000186042,0.14601,-0.0124016,0.107068,-0.0925343,0.106144,-0.0341591,-0.000148595,0.150053,-0.0602798,-0.0327562,0.030088,-0.0548023,-0.05408,-0.0782034,-0.0544906,0.0637427,-0.0416586,0.198619,0.00470542,-0.0240092,-0.0307354,0.0550602,0.0341911,-0.151635,-0.0216285,0.0259011,0.0348705,-0.0930775,-0.0479838,-0.0150338,-0.0925157,-0.0824573,0.0605464,0.045292,-0.0471549,-0.209,0.0633117,0.0894352,-0.0592942,0.069487,-0.155282,-0.106465,0.058372,-0.0198015,-0.0859369,0.0460392,-0.0102369,-0.00377242,-0.0182325,-0.0697344,-0.0615509,-0.0832788,0.143596,0.138098,-0.0549984,0.0271171,-0.0706141,-0.0627354,-0.164354,0.0660343,0.131538,-0.121885,0.0645931,-0.0389322,-0.038873,-0.0861821,-0.0852689,-0.180527,0.165103,0.0860057,0.131343,0.160488,0.0862219,0.0193145,0.0598616,0.0461432,0.0474266,-0.145903,-0.159727,-0.00236928,-0.15732,-0.0818733,0.149222,-0.0815091,-0.0442622,-0.0554877,-0.0356894,0.14977,-0.0394289,-0.0853734,-0.136884,-0.0153236,0.130862,0.0108721,0.0954116,-0.0438624,-0.104456,0.0653035,-0.0182103,-0.11627,-0.0575689,0.141539,0.0796699,0.123135,-0.0418737,-0.00496484,0.0873481,0.0054466,0.106128,0.039014,0.0546605,-0.0395638,-0.143768,0.064057,-0.0823027,-0.231352,-0.00699627,0.145329,0.0374629,0.0578504,0.0733434,0.0901077,0.0977679,-0.0516263,-0.0391367,0.0484636,0.0615163,-0.0727798,0.0614394,-0.107299,0.0263478,0.0678436,0.108205,0.00173549,0.000634462,-0.077597,0.0670722,-0.105705,-0.000251843,-0.134704,0.0112925,-0.0645067,0.0913161,-0.0126052,0.0190187,-0.12892,-0.100131,0.139109,-0.0550629,-0.0223728,0.0529457,-0.0737601,-0.0219428,-0.0931066,0.0473547,-0.0921921,0.101111,0.140248,0.0181538,-0.0926323,0.162399,0.0184074,-0.057603,0.095288,0.0744164,0.0449099,0.12335,0.0353547,-0.0653861,-0.0606421,-0.0120365,-0.0558139,0.000869476,-0.160796,-0.0982337,-0.0757251,0.0383667,-0.0122033,0.0231767,0.0533633,0.0617004,0.0219205,-0.0913121,0.0435678,-0.074244,0.0398034,0.0622675,-0.00523422,0.00437176,0.0119179,-0.0307767,-0.0714853,-0.104185,-0.0113251,0.092338,-0.00200621,-0.017202,0.0631526,0.0475942,0.0177457,-0.117149,-0.00104057,-0.148747,-0.135212,0.0210826,0.125144,0.0666796,-0.136278,-0.0513345,0.0714636,0.00684402,-0.0420912,-0.0840379,-0.0110801,0.07868,-0.0860213,0.0825045,0.0619587,-0.0870572,-0.0251144,-0.160231,0.00193716,-0.0812021,-0.0215898,-0.118854,-0.0118256,-0.0962615,0.135094,-0.0326654,0.0509822,-0.15613,-0.0929273,0.0215034,-0.000725242,-0.02987,0.0714498,-0.147975,-0.0466305,-0.00141384,0.0491041,-0.0956628,-0.0313338,-0.0794533,-0.182743,-0.0510617,0.0599616,
-0.0287782,-0.199604,-0.0245034,0.105496,-0.0104765,0.0126139,0.00620638,-0.184465,-0.139455,0.0417051,-0.108785,0.15489,0.0693011,-0.0205843,-0.153998,-0.250594,-0.0822947,0.0651251,-0.0383687,-0.0401373,0.0798051,-0.00705039,-0.0275531,0.0332391,0.0876165,-0.0567424,-0.0520704,-0.0801863,-0.0232192,0.172108,0.0353703,-0.339183,-0.0587766,-1.58567e-06,-0.0707789,0.0772252,0.151678,-0.063889,-0.00150833,-0.0679454,-0.0515522,-0.0999426,-0.0822022,0.182921,-0.0576394,-0.122934,0.0932335,0.150019,-0.0420353,-0.0539829,0.0121202,-0.205,-0.0877363,0.00966773,-0.134176,0.0670015,0.0238888,-0.0288009,0.00315569,-0.16224,-0.23705,-0.0807998,-0.0524449,0.0125986,-0.070995,-0.0500274,-0.136324,0.172855,-0.0608248,-0.247931,-0.0628363,-0.098953,-0.0709601,-0.0590274,-0.0098781,0.0240879,0.0407639,-0.0296563,0.0203791,-0.140354,-0.106918,0.0416026,-0.0796455,0.0905048,-0.179522,-0.259458,-0.0588571,-0.153399,-0.0452503,-0.097239,-0.0110492,-0.00689246,0.0255336,-0.120597,-0.0407797,-0.129011,-0.182661,-0.0895585,0.0156386,0.109162,-0.0797144,-0.145309,0.124572,-0.363757,0.00607625,0.174799,-0.091216,-0.0441198,-0.17562,0.0581987,-0.0354231,-0.253701,-0.0646855,0.0159732,-0.116539,0.0238457,-0.14214,-0.0146917,-0.0103651,-0.0135405,-0.0415084,0.0861675,-0.0156057,-0.106572,0.0569055,-0.050485,-0.0516236,-0.00531442,-0.0577424,-0.189863,0.111111,-0.129368,-0.17916,0.139837,-0.0200492,0.0453893,-0.0258076,-0.10025,0.0461528,-0.0174754,-0.140544,0.114819,-0.10319,0.0172785,0.108888,0.0293143,0.13532,-0.100756,-0.0622962,0.00919343,-0.198224,0.136822,-0.107903,0.0546835,-0.0441753,-0.00137306,-0.12982,-0.043268,0.0694658,-0.0680585,0.017699,0.108313,-0.0131616,-0.0441591,-0.142719,-0.074354,0.0103535,0.104932,0.055727,-0.0289043,0.0107272,-0.12074,0.00755141,0.215443,-0.120706,-0.0234703,-0.0757032,-0.148323,0.0410182,0.036241,0.0107135,-0.13338,0.0500811,-0.00178916,-0.126703,-0.0349865,-0.027865,-0.0747619,0.126564,-0.0020607,-0.123971,0.00764588,0.0254142,-0.0805546,-0.0618567,-0.0647151,-0.075298,-0.141713,-0.211839,-0.0269081,-0.21142,-0.0755457,-0.121136,0.0265737,-0.165393,-0.018186,0.0243821,0.0396271,0.149335,-0.0389016,0.0163395,0.0737092,-0.0740042,0.14705,0.0312549,-0.0438494,0.0793704,0.0513775,-0.112409,0.113127,-0.16151,-0.307579,-0.0174259,0.0280615,-0.212377,0.0229171,-0.0360448,-0.103866,-0.114682,0.0976194,-0.0142463,-0.071001,0.10078,-0.308404,0.072763,-0.0408405,0.0876862,-0.0518487,-0.0380043,0.224414,-0.0380025,-0.18384,0.0278101,-0.0778699,-0.0193993,0.298398,0.185899,-0.125297,0.173125,-0.101622,-0.209027,0.00515614,-0.0262795,0.00415893,0.018616,-0.0795473,
-0.0215332,0.124854,0.0306514,-0.00737801,0.0131712,-0.0376743,-0.0354895,-0.10875,0.0551398,-0.0973391,-0.00578171,-0.0391757,-0.0719965,-0.0617906,-0.109549,0.132656,-0.038467,-0.0195449,-0.130513,0.12261,0.0586024,0.00579105,-0.067814,-0.0694785,0.0449844,-0.0773835,-0.042666,-0.14495,-0.0676247,-0.187661,-0.0857464,-0.050389,0.0698256,-0.0770137,-0.0254038,-0.0559479,-0.0423856,-0.210812,-0.00308115,0.157919,0.190363,0.00798138,-0.197429,-0.0520611,-0.0336058,-0.0386107,-0.019233,0.110711,-0.0297377,0.0522676,-0.109988,-0.0802976,0.0172472,0.0615729,0.00867579,0.00598183,-0.0871135,0.0769467,-0.0118918,-0.0557253,0.0174548,-0.101797,0.0533597,-0.240435,0.0139832,0.125313,0.0355105,0.0439062,-0.0259811,0.0835565,-0.0479393,-0.00521262,-0.0423101,-0.0915219,-0.0648957,-0.132729,0.0278103,-0.119416,0.0568933,-0.0607075,0.0072048,-0.121085,0.0185256,-0.0715343,0.108155,0.0627958,0.122107,-0.0992406,-0.0577855,-0.00956038,0.0249593,0.00139604,-0.0243218,0.0297209,0.0701765,0.0219208,0.158335,-0.0448613,0.0974023,0.203101,0.0395601,0.147936,-0.0370469,0.0333286,0.0247787,0.07993,-0.0199194,0.0586119,0.0149349,-0.0415315,0.0502844,-0.0564289,0.0226427,-0.0712301,-0.098031,-0.0713525,-0.0104367,0.03025,-0.0431063,0.0244016,0.0714748,0.197228,-0.0290007,-0.142777,-0.0263032,-0.00182172,0.142831,0.0918568,-0.129981,-0.0234701,-0.0695349,-0.0418096,0.048716,0.0770745,0.0598806,-0.0510101,0.0833987,0.0726378,-0.161365,0.00639219,0.121048,-0.111714,-0.0194968,-0.0763787,0.00195061,-0.00584336,0.113343,0.0750899,-0.00883746,0.0890152,0.04354,-0.0256619,0.0578313,-0.0167684,0.00760853,-0.154668,-0.0353691,-0.0130594,-0.00746922,-0.141314,0.0146998,-0.0447976,0.0153959,-0.124194,-0.0493885,-0.0591598,0.0884837,-0.106493,0.0583188,-0.0431875,-0.0344112,0.0395801,0.101884,-0.0638476,0.037746,0.175943,0.021826,0.0121934,0.0923929,0.203541,0.045871,-0.0121982,0.0201623,-0.0447129,0.140177,0.0421465,-0.160943,-0.0243877,-0.0344605,0.0214631,-0.0251717,0.0566746,-0.092568,0.0946538,-0.0468084,0.0772621,-0.0296265,-0.0128176,-0.0294232,-0.0480339,0.0221382,-0.0247145,-0.0546863,-0.00667771,0.119101,0.0791094,-0.0555236,-0.160527,-0.0894273,0.150725,0.0133593,-0.0640396,-0.0178233,0.09081,-0.0269412,-0.0678174,0.0746187,0.160005,0.0366445,0.0243465,-0.0349975,-0.0204184,-0.0191445,-0.100676,-0.0537728,0.0554181,0.0419447,0.0182074,-0.0458474,0.0614395,0.107125,0.0205043,-0.0835714,0.118064,0.0208434,0.113485,0.0530113,-0.116449,0.0562047,0.00959767,0.0507096,-0.0186069,-0.0489355,0.0454862,0.0996297,-0.0794074,0.111855,-0.0737296,0.301806,0.0937898,-0.13073,0.0110991,-0.00504123,0.0674568,0.120648,0.00805383,
-0.308734,-0.245711,-0.0201234,-0.0922599,0.0875103,-0.0578582,-0.10595,-0.000999458,0.0134477,0.083325,0.00830769,0.227297,-0.100234,0.0723819,-0.284447,-0.150342,0.0932739,-0.0619209,0.0533913,-0.0800103,0.148187,-0.11159,-0.00145212,-0.174705,0.177854,-0.0511664,-0.24011,-0.0864537,0.132705,0.0742192,0.0411567,-0.251262,-0.198159,-0.23801,0.0685663,-0.174534,-0.148934,0.0269898,-0.034989,-0.130537,-0.105931,-0.21848,-0.0270002,0.0855717,-0.0700292,-0.160071,-0.187949,-0.193481,-0.0665564,-0.160965,0.09482,-0.245677,-0.0918569,-0.00573914,-0.0933105,-0.158922,0.192645,0.00767754,-0.066483,-0.0296854,0.0995554,-0.0487904,-0.115136,0.0418061,0.0745283,-0.08082,-0.051646,0.0535689,0.111117,-0.438944,-0.0575822,-0.22813,-0.0313841,0.35302,0.104396,-0.102009,0.0937925,-0.0907236,0.0582676,-0.196954,-0.0410879,-0.112415,0.093252,-0.254282,-0.131592,-0.169689,-0.00324399,-0.104336,-0.0178469,0.0539469,-0.0634914,-0.22958,0.0556793,-0.268912,0.00515676,-0.181082,-0.200083,-0.0285877,-0.172879,0.361104,0.141391,0.0740784,-0.0631092,-0.194421,-0.0177834,0.0914934,-0.187516,0.0452438,0.00061923,-0.100733,0.0325711,-0.311872,0.1037,0.185538,-0.141013,0.00317077,0.0261978,-0.0260296,-0.0966647,-0.0182305,-0.241293,-0.0546433,-0.0153662,0.0034764,-0.0456266,-0.0608706,-0.144188,-0.027,-0.0251413,0.0451878,-0.148692,0.145615,-0.141959,-0.060662,0.152558,0.0449983,-0.0325538,-0.114337,-0.0640108,0.0161323,0.0252077,-0.202725,-0.060607,-0.101107,0.00556601,-0.118929,-0.153227,0.0687832,-0.159355,-0.0861875,-0.0823092,-0.00430919,-0.00703571,-0.0340833,0.117127,-0.04339,-0.27922,-0.0391456,0.068971,-0.00222519,0.130406,0.026931,-0.0232367,-0.00173415,-0.239634,-0.0351424,-0.134207,-0.00863956,-0.115111,-0.170792,0.126003,-0.0780865,-0.0420446,0.530563,-0.116961,0.0978419,-0.0819715,-0.241486,-0.0902507,-0.0551604,-0.0888895,-0.0225891,-0.142982,-0.173992,-0.128597,-0.237852,0.0218849,0.103075,0.107468,0.106425,-0.010078,-0.118816,0.00825883,-0.163976,0.11092,0.209355,0.00545608,-0.28346,-0.0991451,0.0344417,-0.227669,0.132576,-0.172315,-0.00928598,-0.13331,-0.0303923,0.027325,0.0533909,0.1576,-0.0694424,-0.169524,-0.0806587,-0.111778,0.0713714,-0.0105696,0.0237883,-0.197016,-0.0475126,0.0602286,-0.0416175,-0.0644274,0.0467175,0.128432,0.123171,-0.14179,-0.108366,-0.0763072,-0.0634089,-0.0684955,-0.0651764,-0.210327,0.115781,0.128419,-0.271417,-0.0340536,-0.0856985,0.0593365,-0.0645052,0.027566,-0.00774903,-0.0802577,-0.231658,-0.0425969,-0.177928,-0.0607311,0.279319,0.128129,-0.0378247,-0.203957,-0.0841076,-0.198906,-0.169851,-0.235601,-0.110334,0.00732341,-0.165239,
0.0735715,0.0676435,0.0959602,0.0908654,0.0668644,0.15072,-0.121231,0.146218,-0.20377,-0.0628519,-0.128961,0.0813106,0.023582,0.179491,0.0216412,-0.0103848,-0.15906,0.0276373,-0.277772,0.188014,-0.0293208,-0.00864478,-0.0197387,0.00409555,-0.0711407,-0.0511735,-0.0587559,-0.15333,0.0199951,-0.0742417,-0.0455175,0.125854,-0.0250761,0.104144,-0.139685,-0.161671,0.0357058,0.029509,0.0603185,-0.0217178,-0.0588588,-0.0244137,-0.075937,-0.027436,-0.164134,-0.102718,0.0284332,-0.136134,-0.00140704,0.00320487,0.0037948,-0.0358574,0.0612746,0.0244883,0.0236225,0.0184653,0.0367895,0.0104033,0.0723919,0.0589062,0.00714725,-0.0834911,0.0390473,0.0461108,0.109838,-0.0704947,-0.0741126,0.0375582,-0.1101,-0.0613386,0.279697,-0.042812,0.029202,-0.0839203,-0.0328241,0.128719,0.0426187,0.0216264,-0.0431972,-0.0709904,-0.066263,-0.0254307,0.0642451,0.00669314,-0.0100296,0.0202848,0.0628805,0.0266578,-0.122035,-0.0749541,0.121613,-0.026085,0.0906724,-0.0246401,0.0356135,-0.077325,0.0689863,0.116727,-0.271606,-0.116462,-0.0218886,0.0222474,-0.0028861,0.135207,-0.010186,-0.0328357,-0.120111,-0.0578368,0.0113812,-0.0103447,-0.0580168,-0.0338897,0.0114264,-0.0783288,-0.0408736,-0.0550761,-0.0770263,0.012472,-0.0486561,0.114031,-0.00788011,0.0757646,-0.0879174,-0.0182202,-0.00118578,-0.196049,0.0791129,-0.0852938,-0.12164,-0.0950256,-0.0112103,-0.0316477,0.130182,0.0252461,-0.0685541,-0.136737,0.0554348,0.0589448,-0.0856369,-0.0354835,0.0133121,-0.00312746,-0.167584,0.188308,-0.0558836,-0.0517103,0.106401,0.14433,-0.150109,0.101671,-0.0954466,-0.105563,0.0737826,-0.0556534,0.088835,0.0410506,-0.349113,0.0659853,0.0502383,-0.17963,0.0562675,-0.00521328,0.0278955,0.0461643,0.0204908,0.00912218,-0.124296,-0.0660408,-0.0939389,-0.0902638,0.0482615,-0.118717,-0.0220948,-0.086287,0.10653,0.082062,-0.000504559,0.0484822,0.0533852,-0.0174647,0.122412,-0.0578482,-0.315073,0.00808299,-0.0855321,-0.0200679,-0.0500266,-0.116455,-0.0637633,0.00886135,0.0371772,-0.117549,0.0641593,0.188325,-0.0234873,0.188644,0.0920407,0.0513387,0.0123204,0.0427603,0.0759729,-0.0509241,0.0395322,-0.173084,-0.0654968,0.00795815,0.244178,0.0831334,0.0295261,0.134538,-0.0115792,-0.0523803,-0.0241598,-0.0542823,-0.00523851,-0.0356573,0.0677634,-0.093731,0.0360791,-0.0497749,0.183146,0.0797569,-0.00315763,-0.0179532,0.0216837,0.0368292,0.034892,0.110038,-0.287079,0.0448955,-0.0267924,-0.0266511,0.0628493,0.0196102,-0.102573,-0.160303,-0.0628303,0.0891697,0.0694884,-0.0185086,-0.143813,0.0452582,-0.0939845,-0.000468538,-0.0266545,0.0877889,0.0312809,0.124821,-0.158363,0.0555399,-0.0679023,0.0111924,-0.0290144,-0.0595854,-0.152799,0.0433572,
0.233384,0.264361,-0.035062,-0.00651195,0.000329226,0.0181739,-0.20573,-0.15443,0.0725581,0.0272755,-0.0529861,-0.0404125,-0.140018,-0.0329821,-0.0392605,-0.105206,-0.0544939,0.108406,-0.0909746,-0.182385,0.0978263,-0.0801316,0.0793892,0.205364,0.0189254,0.185762,-0.162964,0.0900979,0.0451043,0.0188216,-0.0421847,-0.005628,0.22221,0.112181,-0.153304,0.0553317,-0.0160996,-0.047673,0.125192,0.0932245,0.111,0.0395767,0.00491011,0.00442993,0.0676273,-0.27027,0.0666821,0.113459,0.133182,-0.0229593,0.148975,-0.0532333,-0.0196491,-0.0534059,-0.0333209,0.0186172,0.0618252,0.123637,-0.0319485,0.0395923,0.123107,0.0482789,0.118552,-0.143168,0.0146486,0.0722258,0.0232163,0.113916,-0.068319,0.0427618,-0.0248961,0.272263,-0.0703019,0.0220354,-0.151424,0.0582565,-0.111462,0.0494987,-0.0661286,0.0854749,-0.0287583,0.135946,0.0983464,0.0025913,0.093472,-0.0667051,-0.190487,-0.0996608,0.0632284,-0.0501618,0.016655,-0.00505125,-0.167701,0.045134,0.115149,0.0281487,0.0553108,-0.10042,0.136938,0.175923,0.102534,0.210478,0.0682431,0.0349256,0.0636978,-0.0580222,-0.0990008,-0.0952532,-0.0949315,0.0710392,-0.0213884,-0.221167,-0.0428991,-0.0515801,-0.0680031,0.0112567,-0.0430622,-0.00578675,-0.0998874,-0.0973948,-0.0681444,-0.182273,-0.178947,-0.155835,0.119932,0.105575,0.100876,0.0987328,0.137697,-0.104761,-0.0694373,-0.052704,0.00352296,-0.0275729,-0.0598777,-0.021454,0.18019,0.047883,-0.0109594,-0.170117,0.182776,-0.0115867,-0.102148,-0.0197202,0.122349,0.0838679,0.0137742,-0.0179737,0.0435456,-0.0376428,0.0873164,0.177274,-0.123393,0.0605461,-0.0456775,-0.053985,0.037761,-0.0600294,-0.0828318,0.0304204,0.0962298,0.0701095,0.0441196,-0.0477859,0.0396805,0.0516418,0.0143672,0.141571,-0.0399365,-0.175849,-0.0255258,-0.0707214,0.0399276,-0.00667106,0.0106377,0.0483198,-0.151583,0.031477,-0.0590341,0.103312,0.147966,-0.0364188,0.0291638,0.033056,-0.100479,0.0500756,-0.0372646,0.0578695,0.0184048,0.0889278,-0.255785,-0.111778,-0.0324515,0.0785956,0.0100469,-0.0257385,-0.000655903,0.123442,-0.225977,0.143856,-0.131533,-0.0503255,0.0483978,-0.0105849,0.0269858,-0.103625,-0.176963,0.0849031,-0.100866,0.0464329,0.0283077,-0.105223,-0.0659868,0.0887492,-0.0793517,0.00871419,0.132762,-0.0163732,-0.0178705,0.00705532,0.068265,-0.135193,0.20964,0.0426361,0.0347422,0.0702592,0.0414326,-0.0696418,-0.138885,0.0699043,0.247239,-0.035054,0.001214,0.103751,-0.125751,0.0400728,-0.20685,-0.0303392,0.019524,-0.146444,-0.100618,0.18733,-0.0109046,0.144961,-0.0730887,0.0372122,0.0694396,-0.016371,-0.0433285,0.0295759,0.0452838,0.0319915,0.0392417,-0.0328314,-0.0797515,-0.132495,
0.0149651,0.218344,-0.0283474,0.030725,0.0587561,-0.196105,0.0245117,-0.035851,-0.0606935,-0.0127784,0.0653342,-0.0290139,-0.0492522,-0.0830054,0.0168455,-0.0641685,0.0375839,-0.0829936,0.130309,-0.147971,0.0734354,-0.0147989,-0.048282,0.0216773,-0.0159542,0.129178,-0.068305,0.0727564,0.0385492,0.110283,0.0142428,-0.0707061,-0.107427,0.117438,-0.0331738,0.0494332,-0.00460257,-0.00275928,0.133625,0.0634834,0.130814,0.106368,0.00199445,0.0890905,-0.0558955,0.0297066,0.0633489,-0.0283579,0.108498,0.0127722,0.0845335,0.0107308,0.032303,-0.105588,-0.0450161,-0.0273836,0.000321766,0.0853955,-0.00557122,0.0223275,0.149353,0.014114,0.0412043,0.00544523,-0.161631,-0.0279028,0.0352517,-0.0480863,-0.0618206,0.0741242,-0.125902,-0.0667495,0.151551,0.0543354,-0.0364022,0.117857,-0.0613096,0.0198132,0.122048,-0.0295002,0.0557945,-0.0349743,-0.0311466,0.000982669,0.109476,0.00609942,-0.00985219,0.13404,0.144878,0.0960276,-0.116659,0.0823087,-0.0432854,0.0754973,0.135541,-0.153038,0.123726,0.143533,-0.117391,0.00308158,-0.00132951,-0.0509936,-0.125869,0.138169,0.00984874,-0.0194425,0.0281051,0.0114161,0.0119006,0.128718,-0.0778814,0.0127967,-0.0590132,-0.00853088,-0.14365,0.0587237,-0.0584167,-0.0945086,0.0626567,0.0133072,0.0165441,0.0986916,-0.0167017,-0.0804069,-0.0262334,0.00692089,0.0103507,0.120172,-0.115644,-0.222349,-0.0449747,-0.0255775,-0.159392,-0.16273,0.169336,-0.116866,-0.0752433,0.133614,0.0292943,0.0547772,-0.0062198,0.0548453,-0.157256,0.134421,0.0835808,-0.063936,0.00374108,-0.02844,-0.0833078,-0.202924,0.0636001,0.172143,0.0281416,0.0154619,-0.0626587,0.061427,0.0806043,-0.0257841,-0.0898759,0.107213,0.032491,-0.0766865,0.196024,0.0673164,0.225081,-0.0767669,0.175598,0.0239041,-0.0951537,-0.0700462,-0.00786348,-0.0295118,0.116691,0.205837,-0.0100156,-0.121694,-0.0954787,0.0148925,0.0753186,0.035528,-0.12141,-0.0387458,0.102524,-0.0241629,0.05562,0.0917607,0.0101223,-0.0688376,0.102646,0.0326935,0.123751,-9.01345e-05,0.158846,0.0542946,-0.146644,-0.184726,-0.0241257,-0.0708032,-0.224327,-0.101407,-0.205825,-0.205161,-0.0485263,0.124071,-0.0443417,-0.0647598,0.125861,-0.0697246,-0.152447,-0.0257676,8.71243e-05,0.0437483,0.0272817,-0.014978,0.0162851,0.199079,0.0219141,-0.0681053,0.00717204,0.00376751,-0.0906221,0.0144017,0.0748422,-0.139767,-0.0708168,-0.0554551,0.053479,-0.0747703,-0.0593543,-0.0889238,0.293797,0.00762406,-0.116859,-0.0160535,-0.0645885,0.0218432,-0.108233,-0.0900304,0.134309,0.0825064,-0.063561,0.101351,-0.0612419,0.0958391,0.122743,-0.0546762,0.0551932,-0.0888073,0.17467,0.13559,-0.126484,0.0539923,0.0504133,0.0477936,-0.0919394,-0.00823534,
-0.311211,-0.398956,0.00561691,0.0253277,-0.0606159,-0.217575,-0.0989925,-0.165566,-0.166354,0.0421366,0.0908334,0.456885,0.0258964,-0.057742,-0.464197,-0.0387691,0.0266345,-0.0628673,-0.0621593,-0.346581,0.180881,0.0100611,0.038799,-0.142294,-0.0698509,0.0325895,-0.126164,-0.196986,-0.187579,0.0477822,0.039,-0.519699,-0.443032,-0.245546,0.0103266,-0.209604,-0.09228,0.0607881,0.0123184,-0.155153,-0.162894,-0.28769,-0.0144969,-0.0485428,-0.0296998,-0.202029,-0.0785961,-0.158175,0.00679593,-0.161745,0.213065,-0.25999,0.0397823,0.00766871,0.00098657,-0.137227,0.0530524,-0.286344,-0.118271,-0.293126,-0.0454638,0.0297494,-0.200101,0.0978084,-0.258345,-0.203626,-0.220923,0.0380163,0.124679,-0.514809,-0.0726594,-0.170319,0.0900311,0.294184,-0.169889,-0.10363,-0.24826,-0.139177,-0.118439,-0.143606,-0.177372,-0.18892,-0.192943,-0.44113,-0.186433,-0.203247,0.0813747,-0.114137,-0.00875006,-0.0926372,-0.0277442,0.0457133,-0.137832,-0.207868,-0.255078,-0.0867062,0.0191491,-0.0416855,0.0411392,0.530007,0.0586454,-0.0991374,-0.0913128,-0.291262,0.132778,0.166628,-0.0225069,-0.283405,-0.0241583,0.104271,0.056527,-0.185723,0.0410315,0.13835,-0.0337815,0.0555961,-0.0597381,-0.0513902,0.0138518,0.198449,-0.362475,0.0372665,-0.0660551,0.194768,0.0869518,-0.015503,-0.257012,-0.089454,-0.190567,-0.2046,0.00475025,0.0252922,-0.047877,0.093524,0.0289674,-0.0578183,0.101307,0.0517189,-0.199999,-0.0409016,-0.321348,-0.273767,-0.0769956,0.0354119,-0.00552677,-0.123191,-0.242832,-0.0644835,-0.135638,-0.0757159,-0.122522,0.234533,-0.0613588,-0.00464509,-0.058951,-0.160696,-0.405482,0.0354723,-0.193566,-0.0128202,0.122546,-0.136916,-0.0570209,-0.00815702,-0.348222,-0.244862,-0.136846,0.137114,0.0437393,-0.280793,-0.0339342,-0.111701,-0.0877396,0.639224,-0.215733,0.0193401,-0.228721,-0.212492,-0.151259,-0.127818,-0.0398666,-0.0631149,-0.134382,-0.361862,-0.134182,0.0158933,0.0230565,-0.192462,-0.0828358,0.00342909,0.0105787,-0.0387116,-0.052778,-0.206214,0.0335581,-0.144867,0.0614921,-0.237258,-0.000682016,-0.164609,0.0430587,0.0399007,-0.193444,0.0296991,-0.162889,-0.0022742,-0.152015,0.0250104,0.265213,-0.0381717,-0.0425252,-0.0497268,-0.192311,-0.0369985,-0.227424,-0.124009,-0.0332033,-0.00784561,0.138674,-0.0483608,0.0392552,-0.03542,0.141382,0.16461,0.0243893,-0.135139,-0.112761,-0.0833915,-0.0222,0.00091934,-0.155769,-0.0878938,0.0547157,-0.484142,-0.203592,0.147952,-0.266277,-0.238149,0.0536778,0.158103,-0.206804,-0.288894,0.0332922,-0.22851,0.00471341,0.437875,0.0758663,0.0413098,-0.0754469,-0.0448968,-0.0574491,-0.0512484,-0.102691,-0.0879544,0.0172982,-0.109392,
-0.148972,-0.0220875,0.0411518,0.118914,-0.0356663,0.0435019,-0.186938,0.156833,-0.113601,-0.00245249,0.0273105,-0.167235,0.056466,-0.123682,-0.0320739,0.0296109,-0.107786,-0.00766708,-0.0582855,-0.0413245,-0.0639782,-0.0666658,0.12967,0.123934,-0.0309088,-0.115075,-0.123243,0.074628,-0.139203,-0.213199,-0.0807854,-0.175109,0.0128436,0.10678,0.0723767,0.0305286,-0.102698,-0.178925,-0.0825785,-0.109988,0.0922385,-0.0920025,0.0657069,-0.144418,0.00173075,0.130121,0.00401187,-0.0922668,-0.0743277,-0.0327995,0.00602928,-0.15844,-0.118853,0.0386553,-0.16512,-0.110478,0.0986329,0.0306347,0.0713067,0.0268349,0.0808944,0.0603293,0.0135327,0.00627995,-0.129921,-0.186799,0.00561831,0.0193899,0.149095,-0.137434,-0.13722,-0.125722,-0.0279265,-0.153125,-0.010494,0.0759926,0.0290532,0.08151,0.0865373,0.000932327,0.0332502,-0.00291797,0.0271448,-0.0280335,-0.0808124,0.0541859,-0.0417388,-0.166488,-0.195211,-0.118007,-0.0432287,0.0602419,0.135174,0.206282,-0.0676065,0.0912314,0.0490866,0.18562,-0.081321,-0.00356963,0.00317791,0.0576641,0.133443,-0.113733,0.0338019,0.156484,-0.0997669,-5.39135e-05,-0.150152,0.0559252,-0.0304864,0.0394835,-0.000765764,-0.0376616,0.146922,0.016548,-0.0182783,-0.0133237,0.154238,-0.0239177,-0.105305,-0.158735,-0.118662,0.103541,-0.0244635,-0.0104078,0.0351792,0.0660607,-0.0980146,0.014562,0.0858813,0.0181294,-0.00538492,0.175018,0.0263723,-0.00403277,0.0222921,-0.0556598,0.0867674,0.0115942,-0.0294174,0.0382059,0.0315546,-0.0869137,-0.0134536,0.0649982,0.222661,-0.11808,0.00303161,0.0146864,0.0783899,-0.072688,-0.0561398,-0.0197133,-0.096814,-0.116317,-0.146945,0.106,-0.0708129,0.0983875,0.0550427,0.0770755,-0.145182,-0.085836,-0.0160011,0.139187,-0.0442607,-0.0212304,0.00421552,0.191045,-0.0412494,-0.0238793,-0.0246514,-0.0306349,0.0145682,-0.011845,0.01325,-0.0160564,0.0759961,0.0747383,0.0898691,-0.0103918,-0.00915136,-0.112975,0.0584563,-0.0816874,0.000599995,-0.0557748,-0.0552789,-0.0535076,-0.0988598,0.114377,-0.110713,0.109986,0.154797,-0.00594192,0.091213,-0.163227,0.0224306,-0.11325,-0.00888391,-0.150556,-0.0475235,0.139704,0.122888,0.120792,0.210207,0.0532609,0.0452619,-0.0184444,0.000762248,0.108494,0.107374,0.0491284,-0.0611509,-0.0221605,-0.0735905,-0.0935151,-0.0506651,-0.0438769,-0.0719278,0.0206179,0.173043,-0.0287906,0.0385701,-0.0166123,-0.00319585,-0.0551636,-0.0765793,-0.0365767,0.0356511,-0.0395481,0.0771573,0.076391,0.0975692,-0.0965542,-0.00297564,-0.0458683,0.12304,-0.0613161,-0.0137194,-0.146066,-0.292594,-0.097992,0.0627917,0.18729,-0.0878109,-0.0248603,0.109116,0.00117941,0.0295336,-0.0264361,-0.0563342,0.130358,0.148107,-0.0986569,
0.0779181,0.268022,0.0764811,-0.153858,-0.0752823,-0.044164,-0.013091,0.117438,-0.111663,0.0315817,0.123066,0.0352161,0.146073,-0.0283161,0.169798,0.0470973,-0.183582,-0.011326,-0.151372,-0.111964,0.0607535,0.0652522,-0.0308507,-0.0311231,-0.102197,-0.00412532,-0.0918991,-0.0384418,0.0958946,-0.122323,0.0498598,-0.060853,-0.043575,0.00120781,-0.116078,0.173328,-0.103105,0.00549317,0.0592381,-0.0103171,0.0085242,0.005596,-0.225714,-0.0167548,-0.129927,-0.0538725,-0.0478535,-0.199585,0.0827032,-0.121411,0.198249,-0.098475,0.0566924,0.122625,0.0532708,-0.022726,0.152252,0.196531,0.0103578,0.109352,-0.00627425,0.046647,0.100936,-0.0873663,0.00933231,0.088179,-0.0339173,0.127677,0.0506553,0.0399087,0.153666,0.256206,-0.22155,-0.190851,-0.0623281,0.000492968,0.101188,-0.0118767,-0.0526507,-0.0826579,-0.1517,0.0776301,0.0647373,0.00763681,0.0534906,0.192149,-0.0966,-0.104048,0.14738,-0.172411,0.0255338,0.109751,0.0698522,0.0411676,0.158382,0.0923314,0.0648661,0.0710414,0.0357823,-0.182501,0.0942035,0.0611861,-0.06671,0.0260524,0.16471,-0.081,0.027819,-0.0146908,0.0404919,0.061145,0.175528,-0.0668399,0.150941,-0.119176,0.146452,-0.0113841,0.0132354,0.108614,-0.0408159,0.0218666,0.135955,0.0690379,-0.157481,-0.0913065,-0.00787725,0.0799748,0.11942,-0.0956326,-0.0294603,-0.00271614,-0.114907,0.107102,0.130451,0.025259,0.165745,0.000542412,-0.100539,-0.0913503,0.280559,-0.0657873,0.0689313,-0.109479,-0.0988754,0.0695326,-0.0148335,-0.0206989,-0.00491515,-0.289945,-0.00686173,0.0359656,-0.0300067,0.0114783,-0.0528271,0.0964596,0.0637375,0.0483802,-0.0558709,-0.00088866,0.0453582,-0.0760584,0.0575735,-0.0946151,-0.101302,-0.103858,-0.00900988,-0.110034,-0.0187013,-0.183006,0.026386,-0.0464015,0.0215779,0.0241305,0.09161,-0.198941,0.0814519,-0.0590647,-0.18438,0.0821297,0.0204329,0.0114125,0.132882,0.0826829,0.0704305,0.0457649,0.224791,-0.118293,0.00551674,0.00104729,0.088587,-0.080904,0.0483318,0.0907031,0.0353648,-0.0134596,0.0714987,-0.153612,-0.0650807,-0.0684507,-0.0918391,-0.091743,0.00299983,0.0605523,-0.0571535,0.00345201,0.0507592,0.0680843,0.0959792,-0.104396,-0.201316,0.0765289,-0.00824109,0.0251292,-0.158763,0.0227091,0.0353748,0.127445,0.0113858,0.0247077,-0.134412,-0.055098,0.0427326,0.103513,-0.113637,-0.0319875,0.076054,0.0870997,-0.0254627,0.0590967,0.0361691,-0.0917957,0.099762,-0.0923884,-0.0776912,0.185844,-0.028576,-0.0606328,-0.149007,-0.0934793,0.017509,-0.045468,0.106368,0.0872106,0.0950219,0.108421,0.100138,0.0357823,-0.0463212,0.0269579,0.0253097,0.0916555,-0.00546061,-0.131393,-0.0325584,-0.0302466,0.0694323,-0.128942,
-0.094279,-0.267293,-0.104382,-0.0588337,0.0545529,-0.201879,-0.09628,-0.0516654,0.023492,-0.0282572,0.198403,0.118346,-0.106238,-0.0296544,-0.113183,-0.0690428,0.0742555,-0.0926644,-0.0200462,-0.0988634,0.0476184,0.00226889,-0.00871215,-0.106869,-0.089403,-0.0565797,0.00530032,0.0795159,0.0260292,0.107727,-0.0505856,-0.302998,0.034662,-0.2234,0.152195,-0.0857324,-0.0566746,0.0696478,-0.0707693,-0.0111044,-0.0681012,-0.138306,-0.0508808,0.0640818,-0.102454,-0.0493116,0.0277631,-0.106086,0.00316182,0.0292169,0.0109369,-0.152736,0.149548,-0.0564456,-0.0942589,-0.0574313,-0.00808464,-0.0685919,-0.123893,-0.0353024,-0.101226,-0.00394349,-0.168705,-0.0739458,-0.0196899,-0.106337,-0.167197,-0.133156,-0.00501623,-0.262555,-0.0458338,-0.0613442,-0.284436,0.0537915,-0.0461432,-0.0564525,0.0872387,0.0440264,0.0675285,-0.105777,-0.257218,-0.225325,-0.123128,-0.209772,-0.146822,-0.0477473,-0.0280268,0.0120479,0.0591376,0.00581871,0.0400309,0.00949582,-0.0240045,-0.0143991,0.124027,-0.0901793,-0.00343832,0.0128259,-0.146195,-0.0729317,-0.107413,0.195851,-0.0367768,0.054436,0.0463924,0.0474132,-0.0161302,-0.085815,-0.0403325,0.0982531,-0.0957981,0.000642896,-0.0114122,-0.00705464,0.00737135,-0.0167914,-0.0170135,0.192416,-0.0104561,0.0469695,0.0506682,-0.132585,-0.0289207,0.0789549,0.0119162,0.00631231,-0.123142,-0.0545227,0.106935,-0.00448686,0.055669,-0.161506,0.0223951,-0.107839,-0.064783,-0.0765332,0.0126833,-0.0640056,-0.18524,-0.13065,-0.133136,0.0297027,-0.0293214,0.137659,-0.050083,0.0756978,0.123491,-0.137585,-0.108564,-0.0215311,-0.0737049,0.153523,0.0572155,0.122736,-0.0258536,-0.0647121,-0.192519,0.0241509,0.0993383,0.0583349,0.0130693,0.0559189,-0.0793469,0.0674989,-0.00713425,-0.0412449,0.129196,0.0329912,0.076147,-0.133237,0.124427,-0.160279,-0.0408127,0.165361,-0.00166794,-0.0114654,-0.146662,4.60984e-05,0.0314749,-0.0275834,0.0536434,0.0237786,0.0500893,0.0199219,0.0512013,0.00619978,-0.0309837,-0.0909229,-0.0527847,0.0400597,-0.0751586,-0.0904587,0.0845445,-0.0661025,0.0631063,0.11811,0.0566255,-0.0935054,-0.0828267,-0.0489388,0.103671,-0.0497644,0.0236686,0.0351643,0.0277504,0.0255043,0.07427,0.0146661,0.0647814,-0.0288188,0.0619567,0.104796,-0.0111063,0.101765,0.0111086,-0.155149,-0.0876254,-0.108231,0.0347377,0.14163,0.0250276,0.0989946,6.32155e-05,-0.136863,-0.0653449,0.0500245,0.00313143,-0.0989699,-0.0904972,0.0394433,0.109267,-0.0251887,0.12055,-0.207262,-0.0555514,-0.0504363,-0.00561923,-0.109661,-0.0632762,0.0847297,-0.0570846,0.0131947,0.0118007,-0.203201,-0.12079,0.178627,0.0683376,0.0218409,-0.196016,-0.0357394,-0.00136739,-0.0496844,0.153186,-0.0552596,0.0715368,-0.028975,
-0.101736,-0.13617,-0.0190174,-0.0502458,0.0915001,-0.046558,0.0424636,0.0123225,-0.0339757,-0.0969814,-0.0348155,0.190129,0.0481529,-0.19119,-0.218244,-0.0987784,-0.101887,-0.00359041,-0.0458052,-0.184481,0.219792,-0.119343,-0.0324249,-0.0527395,-0.0782438,-0.0453644,-0.011421,-0.0615498,-0.0294454,-0.0108333,0.00191209,-0.283484,-0.129409,-0.152165,0.101824,0.00950772,-0.213487,-0.0229491,-0.080921,0.115664,-0.094642,-0.110725,-0.0388838,0.00437827,-0.153507,-0.0192148,-0.14029,-0.147035,0.103541,-0.0243183,0.070681,-0.0916984,-0.0990092,0.00955785,0.0811689,-0.0207871,-0.00185263,0.0425288,0.0754342,-0.214563,0.0215728,0.0570572,-0.101579,0.0876594,-0.0991553,-0.148205,-0.0381845,-0.0496949,0.0260363,-0.237604,-0.279705,-0.13434,0.147241,0.0883318,0.0419469,-0.0792435,-0.0451699,-0.0807354,0.0984102,-0.0977103,-0.0773842,-0.157188,-0.0583384,-0.166466,-0.0499425,0.029771,0.0317225,-0.00647663,-0.0455394,0.0480329,-0.0715793,0.0592023,-0.0170115,-0.0824405,-0.137421,0.0736103,-0.0720305,-0.0111624,-0.0219033,0.127104,-0.072654,0.0879503,-0.0530432,-0.303423,0.0436622,0.0519934,0.103626,-0.117688,0.0470483,0.0777725,0.142134,0.160615,-0.0215081,0.175609,-0.0233947,-0.162319,-0.0691333,0.00104767,0.00871693,0.283413,-0.145458,-0.0431235,-0.035947,0.0898401,0.0732916,-0.0813405,-0.243745,-0.0418011,-0.209523,-0.0295391,-0.150289,0.0136029,-0.0886415,0.118485,0.0936059,-0.0977275,0.0391803,-0.0584959,-0.266098,-0.0249263,-0.102986,-0.0251733,-0.122219,-0.0164896,-0.003652,-0.0339277,-0.00372929,0.067883,-0.0746893,-0.0296427,-0.0316183,0.0645801,0.10295,0.00768435,-0.121612,-0.0728369,-0.167174,0.0619687,0.0921464,0.0387911,-0.0718721,0.034485,0.0420901,0.105737,-0.102738,-0.030099,-0.0102082,0.0852171,-0.0403002,-0.0295177,0.142937,-0.149672,-0.0992095,0.411965,0.082386,-0.174273,-0.0192985,-0.03432,0.0449574,-0.0670102,0.0636506,-0.0648498,0.053827,0.0882676,0.0054273,-0.0656461,-0.0157525,0.00531988,-0.238209,-0.0824312,-0.0498093,-0.0471485,-0.106058,-0.119876,-0.0668344,-0.0105804,0.0579649,-0.0233771,-0.172858,-0.0287157,0.0969485,0.103053,-0.105572,0.10537,-0.0119591,-0.0437518,-0.0897254,-0.0544032,-0.0632593,0.0211988,-0.0133234,-0.172414,-0.129042,-0.133822,-0.125573,-0.163257,-0.128186,0.0422622,0.0904836,0.0689198,-0.0421124,-0.033686,0.183041,-0.160057,-0.0750019,-0.172012,-0.0643245,-0.0214751,0.00673539,-0.0487309,-0.0651905,0.0722276,0.276061,-0.292657,-0.0827391,0.0439912,0.0461658,-0.101295,0.0287011,0.193,-0.029249,-0.081224,-0.0652225,0.0532571,-0.202182,0.174299,0.221816,0.0231243,-0.197775,0.0518431,-0.132715,-0.0231565,-0.0149289,-0.0153154,0.0191396,-0.156791,
0.0733075,0.0181438,-0.0364288,-0.075894,-0.112423,0.101009,-0.241062,0.0168684,-0.00140207,-0.053093,0.154669,0.0308674,0.0319103,-0.0180085,0.0982533,-0.0744442,0.00516454,0.0195631,-0.0665826,0.0334928,-0.099433,-0.0844122,0.0431926,-0.0255948,0.025767,-0.071875,-0.0946583,0.031568,-0.1479,0.0131782,0.128514,-0.144592,-0.0884499,0.0744926,-0.0862436,-0.0864523,-0.05978,-0.0504636,-0.0527693,-0.170763,0.147796,-0.0625733,-0.00909839,-0.0421462,-0.10907,-0.00174679,-0.0945932,0.0832625,-0.0827346,0.0149025,0.0503417,0.021728,-0.08077,0.0582647,0.0595193,0.030091,0.0985627,-0.0612291,-0.0914586,-0.0635417,0.00893992,0.0672837,-0.0897472,0.0055822,0.0749504,0.0659615,0.0219935,0.0837331,0.00802977,-0.123853,0.0637028,-0.0665011,0.0650227,-0.0310306,-0.0287134,-0.025958,0.0633904,-0.0355022,0.0585476,0.138322,-0.0262232,-0.0495016,-0.0109933,0.079538,0.0227356,0.0879772,-0.0167573,-0.045623,-0.0072308,-0.104862,-0.0729059,-0.0843255,0.0904856,-0.0588834,0.12945,-0.0519537,-0.20327,-0.0112433,-0.0487834,-0.00254745,0.205499,-0.00865406,0.10406,-0.0371527,0.00514471,-0.0638913,0.0397041,0.164793,-0.00680606,0.0284281,-0.130374,-0.163052,-0.0651055,0.0631973,0.0942106,0.000420816,-0.0995985,0.147848,0.033689,-0.121047,-0.0921633,-0.0130358,0.182553,-0.00766177,-0.0527732,0.0534361,0.0577776,0.00271842,0.0475375,-0.0503056,0.0831074,-0.0427746,0.0766455,-0.0318025,-0.0430063,-0.0115298,0.0251081,-0.103747,0.122608,0.000865961,-0.0720369,0.0128839,-0.0622832,-0.0515341,0.197573,-0.2556,-0.0362746,0.0726069,-0.0600209,0.157939,-0.0574599,0.0422013,-0.0687787,-0.136904,0.169372,-0.0842513,-0.103242,0.0533928,0.168727,-0.107209,-0.0885468,0.000870508,-0.109019,-0.095043,-0.207382,0.0400915,-0.0540821,-0.100032,-0.101262,-0.0292798,-7.2362e-05,0.153575,0.0302655,0.0522941,-0.0204512,-0.0515189,-0.155452,0.0814214,-0.0832948,-0.00823072,-0.0384426,-0.110842,-0.108137,-0.14806,0.0759989,-0.0643919,-0.0367657,0.0814625,-0.0932047,0.119755,-0.00314854,-0.0187393,0.0838371,-0.14417,0.00896385,0.0329369,0.0270965,0.0736414,0.00911965,0.0785172,-0.134759,-0.0697245,0.0105618,0.0809608,-0.107901,-0.0452704,0.10534,-0.051637,0.00641579,-0.0124232,0.234817,0.027273,-0.0580199,0.047594,0.0725591,-0.0879153,0.00354146,0.0308598,-0.158152,0.0674272,0.0734249,-0.0458626,-0.0200085,-0.027595,0.0453958,-0.197538,0.0663817,0.0100271,-0.138485,-0.00995374,-0.0206512,-0.207762,0.0761166,-0.00728091,0.0569486,-0.0516414,-0.067424,-0.0738794,0.101542,-0.0739437,0.0616409,0.145726,0.0461102,-0.0258415,-0.0712121,0.0740697,0.127275,0.0488653,-0.091218,-0.143389,-0.0199288,-0.0152268,-0.0396687,0.162664,-0.0336797,-0.0685587,
-0.202974,-0.410273,0.0282392,0.079359,0.111422,-0.16198,0.0371681,-0.145025,-0.069896,-0.114172,0.0424496,0.31724,-0.155166,-0.0764044,-0.428277,-0.0875052,0.204238,-0.135508,0.064561,-0.0711223,0.0404482,-0.218049,-0.27445,-0.0887427,-0.221772,-0.101154,-0.141378,-0.300237,-0.080875,-0.0313818,-0.037258,-0.317007,-0.467876,-0.191566,-0.140706,-0.168759,-0.0955296,-0.124627,-0.0399794,0.000879792,-0.281139,-0.22529,-0.190249,-0.084048,0.0434633,0.0324979,-0.0757427,0.00969027,-0.0638134,-0.066892,0.201811,-0.267936,-0.208186,-0.241158,0.0181658,-0.0711929,0.0239516,-0.0227107,-0.147256,-0.0529321,-0.0688172,-0.134148,-0.440814,-0.00820364,-0.195806,-0.261585,-0.25151,0.116954,0.0292703,-0.55112,-0.187862,-0.169274,-0.097328,0.220269,-0.149159,0.0580276,0.0627332,-0.111551,-0.158423,-0.109472,-0.134807,0.0204732,-0.151279,-0.33965,-0.301452,0.0576662,-0.0938402,-0.0873371,0.064163,-0.0425849,-0.124168,0.0252366,-0.0824086,-0.221269,-0.00202475,-0.248672,-0.0446517,-0.172882,-0.201705,0.518446,0.0149982,0.00168989,-0.1223,-0.358368,0.0845374,0.104493,-0.023144,-0.115349,-0.178205,0.0686542,0.0715463,-0.118206,-0.0610093,0.242351,-0.0796394,0.111759,-0.0334061,0.0668536,-0.0157868,0.0735457,-0.328492,0.000717587,0.00859775,-0.0663643,0.00823619,-0.0794814,-0.151823,-0.095885,0.0222099,0.0383839,-0.0339218,-0.144115,-0.0469753,0.138827,0.0528323,-0.122645,0.121564,-0.0664059,-0.111696,-0.0145858,-0.158417,-0.242585,-0.0229247,0.0334416,0.0640217,0.00535345,-0.101708,0.0194292,-0.137983,-0.118528,-0.157251,0.174049,-0.105257,0.054902,-0.148713,-0.0784241,-0.40536,-0.0507685,0.170201,-0.0240753,0.101993,0.202358,-0.144961,-0.00635851,-0.288523,0.0394068,-0.234107,0.112965,-0.0816541,0.0498491,0.0650959,0.0211711,0.0214067,0.636691,0.000527575,-0.00412949,-0.181254,-0.121411,-0.273271,-0.0625931,-0.20234,-0.134405,0.0191818,-0.137269,-0.00927204,-0.247365,0.0456322,-0.0157048,-0.127538,0.0320649,0.0795728,-0.146344,-0.0257135,0.170902,0.029351,-0.1923,-0.0688827,-0.0808745,0.0477501,0.0637918,-0.175212,0.0921382,-0.132004,-0.142728,-0.0603688,-0.0769405,-0.0372607,-0.0771447,0.0881176,-0.228293,-0.117431,-0.0839192,-0.0316087,0.0207798,0.10035,-0.0498271,0.0854779,-0.221972,-0.0185404,-0.0928363,0.102284,-0.126328,0.0681665,-0.093469,-0.177557,-0.153609,-0.0343758,0.0693442,-0.13532,-0.111716,-0.152573,-0.0398434,0.250507,-0.430764,0.0604696,-0.0697781,-0.258318,-0.231032,0.0342103,0.184901,-0.134551,-0.231044,0.192977,-0.141491,0.0575799,0.258304,0.197571,-0.0315427,-0.0813941,-0.0708702,-0.0255292,-0.132186,-0.0477267,0.105417,-0.0745968,-0.0935246,
-0.00376312,0.329184,-0.165977,0.0341551,0.0448168,-0.0397842,-0.164164,-0.0851421,0.116714,-0.0234503,-0.0185999,0.017283,0.0985311,-0.151502,0.0918407,0.155862,0.141292,-0.152449,0.00124711,-0.104477,0.0966906,0.0660961,0.133739,-0.00865408,-0.122931,0.0538304,0.109052,0.0187442,0.0384492,0.0653475,0.0306445,0.261929,0.169129,0.0847103,0.0487588,0.177571,-0.0291501,0.0754342,0.0653325,0.00709186,0.176616,0.0551079,-0.0202907,0.10406,0.0212275,-0.134041,0.0909976,0.0685355,-0.168224,-0.0717197,0.495752,0.0208679,-0.0325078,-0.055556,-0.00602284,0.18985,0.0925784,0.179792,-0.0182277,-0.142895,-0.0717229,0.123915,-0.0126458,-0.166781,0.239669,-0.0770463,-0.0222925,0.0196166,-0.0562755,0.098615,-0.118468,0.112404,-0.0297607,-0.00364107,-0.0982406,0.00234561,-0.232445,-0.0947353,-0.0897866,-0.176869,0.119365,0.0758889,0.242826,0.227241,0.26518,0.108506,-0.140571,-0.158433,0.0885167,-0.0492544,-0.169655,0.0645602,-0.114713,0.197492,0.0869563,0.185584,0.00239776,-0.0148368,-0.127551,0.247662,-0.0534223,0.0599289,-0.0942387,0.0394005,0.0544656,-0.104215,-0.0637465,-0.031693,-0.0265451,0.0924607,0.0673037,0.0753498,-0.0752243,-0.0294658,-0.295877,-0.0879268,0.0542139,0.031448,0.00237804,-0.150484,0.141604,0.0663223,-0.00281828,-0.188728,-0.150288,-0.0318271,-0.0796122,-0.0714781,-0.0165907,-0.16047,-0.0868529,-0.0256252,0.0883923,0.15517,0.219599,-0.311646,-0.0130197,-0.0188817,-0.0898226,-0.0804062,0.165041,-0.0396971,-0.161376,0.0104167,-0.005978,0.0483004,-0.0295536,-0.0486851,-0.0722438,-0.186803,0.136823,-0.0865701,-0.0658726,0.225682,-0.0110532,0.118966,0.217356,0.0903962,-0.210159,-0.120928,0.26207,-0.179269,0.0836748,-0.327266,0.243014,-0.0397289,0.0736551,0.557665,0.0210034,-0.0343238,-0.0261215,-0.281121,0.176048,0.190084,0.0210237,-0.158606,-0.129059,0.232333,0.0551786,0.0877671,-0.135141,-0.153407,-0.193759,0.0308904,0.160182,0.101679,0.0330704,-0.0166001,-0.0533095,0.00377169,0.0274103,-0.093248,0.116373,-0.081774,-0.084161,0.073224,0.0886147,0.169209,-0.047927,-0.0681538,-0.106889,-0.200592,0.0365769,-0.0520822,-0.165875,-0.132583,-0.0882638,0.0966349,-0.056703,0.162898,0.0776395,-0.181251,-0.244601,0.186274,-0.250228,-0.0748599,-0.139922,-0.126525,0.0731276,-0.167716,0.086747,0.0194427,0.211864,0.0432993,-0.0796859,-0.0488249,0.228253,0.137407,-0.0195394,-0.0191392,0.181446,0.256878,0.0326844,0.218962,-0.140919,0.0317709,-0.233391,-0.15726,-0.107022,-0.12201,-0.00511383,0.180475,-0.106663,-0.0265185,0.0813195,-0.0830413,0.0776752,-0.079157,0.0354082,0.0277458,-0.0803307,0.163889,0.102742,-0.322638,-0.00503215,-0.118629,
0.0224884,-0.0351984,-0.0674477,-0.0190057,-0.104203,0.0806642,-0.0731008,-0.0441014,0.029479,-0.105822,-0.174438,-0.0362458,0.183929,-0.0589851,-0.12727,0.139018,-0.0664926,0.0465278,-0.0911933,-0.0223958,-0.0831367,-0.0321424,0.0322331,0.0220241,0.054079,0.103645,-0.0811636,-0.0607389,-0.164477,-0.107315,0.0227973,0.034528,-0.052917,-0.063246,-0.0789136,-0.132258,-0.00343748,-0.143982,-0.0887954,-0.112165,-0.0344841,0.0586254,-0.0679283,-0.00156822,-0.0926225,0.0706147,0.0409109,0.0147193,0.0418973,-0.0754227,-0.0106565,0.0296818,0.0431942,0.0346045,-0.0558935,-0.00170948,0.0277897,-0.0902974,0.133036,-0.161058,0.00773094,0.0244153,-0.0642919,-0.0393385,0.0749419,-0.121375,-0.0199334,0.0423875,-0.0714143,-0.0938271,-0.0563636,-0.0707578,-0.0479763,-0.0304734,-0.0896397,0.0148924,0.153306,-0.00746447,0.00173188,-0.134113,-0.164175,0.0181546,0.00990378,0.0853999,-0.0410747,0.153285,0.0220414,-0.0865514,-0.0214394,0.131043,0.0563193,-0.105122,0.0390943,0.0521792,0.0468705,-0.155975,-0.0419861,0.0761777,-0.0398157,0.0685666,0.176849,0.191078,-0.211172,-0.00126385,0.191618,0.0604265,0.0774453,0.114562,0.192567,-0.0105244,-0.04634,-0.166664,0.0737814,-0.101149,0.047186,-0.0808225,-0.00508443,-0.152451,0.0646959,-0.0642997,-0.0163733,0.0607176,0.0353168,-0.0805974,-0.0436313,-0.0265776,-0.0977975,-0.200415,0.0490971,-0.0160567,0.0861828,0.00934481,0.0740814,-0.211135,-0.00913529,-0.00688635,-0.0210707,-0.00748503,-0.0917269,-0.0198691,0.183166,0.0654431,0.0276,0.145884,-0.00453728,-0.0409838,0.12635,0.113542,-0.144465,0.0364168,0.132193,-0.00696677,0.00105731,0.0557123,0.0143674,-0.148968,0.0247428,-0.0153609,-0.0192092,0.0204604,0.110359,-0.0280894,-0.189181,0.0790171,-0.0298027,0.0533739,0.0638484,-0.124709,0.00164383,0.126408,0.255658,-0.0230698,-0.130431,0.0351434,-0.0649374,0.0917436,0.119776,0.0551467,0.0737738,0.0330474,-0.0795128,-0.00839029,-0.153476,-0.0866212,0.0734605,-0.0666219,0.0360533,-0.131747,-0.0360963,0.0630483,0.087581,0.0251428,0.0805578,0.0378092,0.0139086,0.0340709,0.0464687,0.0256835,0.0370601,-0.120067,-0.00423077,-0.0976303,-0.0152462,-0.104573,-0.0435898,0.00440634,0.077786,-0.0957585,-0.116132,-0.00103947,0.0120605,-0.0177724,-0.111462,0.00630463,-0.108747,-0.0382926,-0.0176502,0.0490495,0.0174508,-0.0295613,-0.0312334,-0.153521,-0.0424981,-0.314823,-0.00506763,0.00220594,-0.039638,-0.0421308,-0.124118,0.0867048,0.100404,-0.195121,-0.0105788,0.0480241,-0.0774694,0.0916518,-0.0292582,-0.0928485,-0.140987,-0.0767285,0.00463948,0.0811645,0.00185734,-0.0650909,0.0992651,-0.168568,0.031671,0.105347,-0.136884,0.0787396,0.062465,-0.0142446,0.0186007,0.0672251,0.0992091,-0.0215019,
0.130613,0.0659413,0.174273,0.0759027,-0.159452,-0.150429,0.0669304,0.0235844,0.0356499,0.0297008,-0.180139,0.0937329,-0.0473926,-0.0519623,0.0157373,0.0102138,-0.0962023,0.113826,0.00377046,-0.148432,0.102093,0.079412,0.0890721,-0.00211153,0.127586,-0.0488301,-0.00454391,-0.00700176,0.0296104,0.00518316,0.093281,0.12049,-0.148979,-0.00290369,-0.00736281,-0.014787,-0.0634861,0.0933703,0.066901,-0.0117153,0.00781351,0.0458567,0.192845,-0.0679906,0.170986,0.0410417,-0.227497,-0.13647,0.00476681,0.0433195,-0.0614535,-0.133923,-0.169316,-0.0629262,-0.0147978,0.0353383,0.0290015,-0.0725751,-0.16646,-0.0253723,0.0810809,0.019106,-0.0721226,0.238734,0.00179811,-0.00259922,-0.111203,-0.000397317,0.044599,0.0363166,-0.0367368,-0.0884505,-0.223016,-0.043758,0.0377008,-0.0531071,0.0730473,-0.0574701,0.122858,0.180674,0.0956458,0.0582406,-0.0798553,-0.152988,-0.0243467,-0.0551629,-0.158747,-0.0305135,-0.0803059,-0.024631,-0.0401398,-0.0876514,-0.000464938,-0.0789968,-0.0543293,-0.067131,-0.0379181,-0.0890539,-0.0963929,-0.0364038,-0.0659076,-0.0889975,0.126742,0.0580101,0.100059,0.0173688,0.000708343,0.0869072,-0.0629465,0.0564349,-0.172785,0.0304216,-0.0353159,0.0174211,0.0530867,0.00581427,-0.0444607,-0.0530737,0.0269995,-0.0166379,-0.155635,0.0537023,-0.0881042,0.0082157,0.0723578,-0.0576647,-0.0989015,-0.0690935,-0.00347295,0.0394137,-0.0274286,0.0872976,-0.000351232,0.150211,-0.00865849,0.0294657,-0.0188474,0.0213442,-0.137875,0.0234564,0.199204,-0.0422911,-0.0763208,-0.0480149,0.0848233,-0.0699964,0.0796935,0.0214754,-0.0909979,-0.0636878,-0.224341,0.0273321,-0.0858809,-0.137352,0.168037,-0.0743173,0.0304081,0.198954,-0.00216946,0.0772086,-0.0159649,0.197504,0.0464795,-0.0817479,-0.0226649,-0.0833387,0.0786832,0.0114845,0.0157481,-0.110435,0.0201892,0.0917422,0.0111732,0.108081,-0.041303,-0.0248394,0.0895153,-0.0565219,-0.114136,0.13049,0.161061,0.213631,-0.0891527,-0.0183537,-0.119538,0.0571248,0.150022,-0.0844341,-0.0698383,-0.054025,0.0881996,0.035093,0.00837093,-0.0328162,0.135114,0.135441,-0.0509768,-0.0309064,-0.0999255,-0.0794649,-0.0282999,0.0218147,-0.0142576,0.0485541,0.0338846,-0.15202,0.00321097,-0.0533126,0.0478756,0.135833,-0.0998604,-0.0842097,0.0266877,-0.0450098,0.150018,0.0333912,-0.0476153,-0.00806651,-0.0703155,-0.0881948,-0.0504898,-0.171528,-0.0037721,0.0275895,-0.0063956,0.00775917,-0.0024749,0.10591,-0.163,0.106512,0.0882207,-0.257159,0.000845217,-0.101714,-0.0123797,0.0389733,-0.0226327,0.029878,0.157513,0.107398,0.0586881,-0.125307,0.00200473,0.023586,-0.0221762,0.120925,0.00580937,-0.0254167,0.060098,0.0463366,-0.183718,0.086809,-0.0805329,0.0544554,-0.0657002,0.0721822,
-0.152763,0.168482,-0.0746004,0.053019,0.158018,-0.0885851,-0.117022,-0.190777,-0.0474077,0.134048,0.0235417,-0.0536415,0.00675763,-0.0601397,0.0189801,0.0320752,0.0724159,-0.120208,-0.0272686,-0.0190737,-0.0109817,0.0556119,0.154007,0.189969,-0.0109358,-0.0619059,0.00942704,0.182907,-0.044332,-0.0837584,0.0270543,0.103636,-0.0973524,-0.0452845,0.0947888,0.0713197,-0.104168,0.117729,0.00539832,-0.0677033,-0.0233504,-0.0351074,0.00360152,-0.00776259,-0.0569804,-0.142554,-0.196028,0.0360116,-0.117376,0.0432572,-0.12243,0.01844,0.00097325,0.117304,0.0974594,0.0873004,0.0258246,-0.107488,0.121701,0.0911137,-0.0780584,0.0941898,0.0700411,-0.113939,-0.108918,-0.112713,-0.027257,0.0251931,0.0639059,0.138229,-0.0238891,-0.00990915,-0.0171524,0.0711677,0.0635374,0.0485337,-0.089581,-0.00732029,-0.0211685,-0.13846,0.153335,0.126548,0.199709,-0.0161457,0.0301458,-0.0808529,0.00456086,0.115375,-0.0286332,-0.0653832,-0.151253,-0.149084,0.0659722,-0.0814513,0.122008,-0.0423977,-0.0486308,0.0265586,0.0163332,-0.0434239,-0.0591002,0.0558204,-0.0639627,0.0967623,0.00165929,-0.0228744,-0.0407672,-0.0430847,-0.166402,0.00178881,-0.00752549,-0.0681732,0.0369979,0.0961444,0.0783262,0.0505354,-0.125368,-0.048272,-0.0604224,0.0885647,-0.0423956,0.228682,0.0971955,-0.0740996,0.0624831,-0.0189412,0.122966,0.0850082,0.0692069,-0.0866848,-0.0393291,0.0377284,0.187005,-0.0899058,0.142259,-0.111425,0.024214,-0.0744588,-0.0193556,-0.0730427,-0.0285882,-0.0369196,0.0780932,0.140829,-0.121894,-0.0656722,0.00454268,-0.102083,0.00366175,0.0824318,0.0441851,-0.157259,-0.0411388,0.217757,0.0530069,-0.0195011,-0.110933,0.0778985,0.13843,0.035229,-0.0235738,-0.0261586,-0.00607964,-0.0783792,-0.0258739,-0.0949947,-0.112333,0.154458,-0.0592738,0.0971779,-0.0153076,0.0546128,0.0382804,-0.0257601,0.0421663,0.0239955,-0.0160412,0.0729664,0.0394849,0.0714258,-0.0329983,0.0327984,-0.108989,0.0914567,-0.106469,0.0444377,-0.0459447,0.0834475,0.0319632,0.0655257,-0.0223948,0.0220054,0.107739,0.0856343,0.0699875,0.0178212,0.0164068,0.0539944,-0.0933125,-0.00528885,-0.0645632,0.0674468,0.0467885,0.116024,-0.0503066,-0.0911881,0.00251336,0.074431,-0.0321237,0.0407519,0.0888208,0.00964183,0.00181822,0.101889,0.134907,0.0671823,-0.126415,-0.0113571,-0.0457754,-0.0931458,-0.0127315,0.00503864,0.0274489,-0.146648,-0.112414,-0.0380836,-0.0496089,0.0467632,-0.11331,-0.0714881,0.115884,-0.0180061,-0.00219989,-0.019493,0.0252489,-0.158551,0.0668906,-0.203193,0.088293,0.18614,-0.133285,-0.085474,-0.0560218,0.0294993,-0.0297915,0.00890831,-0.0436436,-0.0951861,-0.0418949,-0.0295619,0.0334271,-0.0706987,0.0913764,-0.00655456,-0.206655,0.0735735,
-0.0343249,0.212181,-0.235752,0.0280136,-0.0180813,-0.0647664,-0.233123,0.036563,-0.019817,0.0550719,0.11579,0.096781,-0.0438912,-0.103493,0.172865,-0.101425,0.0171713,0.0519014,0.045209,-0.232058,-0.0508371,0.00361635,-0.110232,0.143411,-0.154592,-0.0182343,0.0142049,0.0665752,-0.0824058,-0.101222,-0.149674,0.317935,0.0949158,0.144745,-0.126389,0.191503,0.0463041,0.0347837,0.0664168,-0.301643,0.0656192,0.26516,0.0898642,0.0328093,-0.100943,-0.0746347,-0.0869381,0.156838,-0.032281,-0.135816,0.45595,0.0627744,0.00711821,-0.260977,-0.0163208,0.00642363,0.0512727,0.0526883,-0.157003,0.18732,0.0145637,0.193939,0.173179,-0.161124,-0.0743363,-0.0693473,0.102296,-0.150632,-0.00544307,0.203505,-0.0704873,0.29652,-0.0577626,0.107312,-0.14719,0.0314315,-0.258065,0.00519584,0.00337123,-0.220308,-0.178045,-0.0510807,0.0264791,0.0763955,-0.0137448,-0.00663848,-0.211928,-0.125299,-0.0826964,-0.113944,-0.109265,0.188979,-0.200186,-0.00434866,0.215878,0.143673,-0.0860429,-0.101776,0.0819329,0.279226,-0.0790011,-0.0371795,-0.044052,0.0322868,0.209737,-0.126181,-0.0548723,-0.166704,-0.0923238,0.0643384,-0.101938,-0.0537591,-0.190403,-0.038513,0.043588,-0.0158394,0.067268,-0.0677805,0.102963,-0.117372,0.0688348,-0.101987,0.0556619,-0.110375,-0.000679892,-0.112391,0.123962,0.104659,0.0397741,-0.209713,-0.0518475,0.00256627,0.211511,-0.0491736,0.0694414,-0.0915723,0.0221732,0.105484,0.0778155,-0.0106799,0.371108,0.0585069,-0.141485,-0.160006,0.00125006,0.00119514,-0.0399627,0.0169838,0.0288178,-0.167897,0.124737,0.0930644,-0.177866,0.164095,-0.0305442,0.00634593,0.223462,0.110454,-0.090353,-0.035413,0.0844715,-0.110276,0.212986,-0.0734368,0.123543,-0.0107056,0.0316983,0.513943,-0.106463,0.00896786,-0.111883,-0.00192081,0.0696552,0.144627,0.0327921,-0.0852299,-0.103421,0.184888,0.039245,0.059758,0.0374986,0.109919,-0.162013,0.0398622,0.0199237,0.0692085,-0.0564915,-0.112538,-0.0227457,0.0309113,-0.0503969,0.0640966,-0.00596868,0.284742,-0.0299717,-0.107663,-0.0385089,0.0150085,-0.185758,0.128025,-0.144956,-0.0597761,0.0400939,-0.0316644,0.0165938,-0.0197052,-0.183325,0.00547468,-0.00210213,0.0664897,-0.0736883,-0.263043,-0.379889,0.206371,0.0402979,0.0643758,-0.193663,0.0182504,-0.0888944,-0.170414,0.149534,-0.175323,0.496117,0.0632504,-0.0191909,0.0518522,0.119687,0.0454769,-0.100693,-0.0169432,0.060078,-0.074355,0.0668361,0.196273,-0.0894965,-0.045584,-0.105118,-0.142473,-0.135124,0.0372994,0.0045913,0.252101,0.196272,0.126586,0.086421,-0.0267085,0.129347,-0.181956,0.0744905,-0.0501409,-0.0331655,0.0981665,-0.025333,-0.0359947,-0.145197,-0.033399,
-0.0633479,0.15685,0.126434,0.0928836,0.0734206,0.124028,-0.155034,0.0702604,-0.0732217,-0.00648073,0.109408,-0.0887157,-0.0186011,0.0757267,0.107515,-0.036045,0.0073371,0.0139484,0.0648013,-0.022781,0.116563,0.186295,-0.000226681,0.0183516,0.0405464,-0.138668,0.0190986,-0.109047,-0.0754552,0.0873335,-0.0307375,0.182422,-0.0532796,0.0801576,-0.0468787,0.085106,0.00189338,-0.0719185,0.0583022,-0.0805905,-0.0210867,-0.106157,0.133078,0.0357784,0.119232,-0.173861,-0.114472,-0.0858117,-0.00666001,0.0713959,-0.0105829,0.110544,0.0755957,-0.012145,-0.0203955,-0.0686799,-0.127182,-0.0501093,0.0309758,0.117392,0.134217,0.00865037,-0.121368,0.1485,-0.0712489,-0.138525,-0.0967454,0.0855262,0.0312593,0.129431,0.124329,0.12426,-0.0797839,0.0806734,0.158072,0.0681993,0.156761,0.112072,-0.0098388,-0.0774623,-0.0199961,0.0629817,0.152567,-0.0665291,-0.0202874,0.0820344,0.0424281,0.0242312,0.00315635,0.0313627,0.233699,0.132864,0.0361552,-0.0477855,0.100342,-0.00617617,0.00910867,0.000211389,-0.191027,-0.00873477,0.109351,0.18985,-0.128864,0.0324377,0.12298,0.151534,0.039183,-0.0780829,-0.0279741,-0.0676116,0.0746135,-0.0802984,-0.157839,-0.0888201,-0.04886,-0.104595,-0.00288314,0.134182,0.0834338,-0.0301274,0.00699358,0.172748,0.0222009,-0.0558649,0.0579441,-0.110159,-0.0134842,0.0157691,-0.0206885,-0.153222,-0.0591106,0.0732769,-0.0428227,-0.0200775,0.0447318,0.206997,-0.0031346,-0.0581027,-0.109403,-0.109989,-0.0619009,-0.0479108,-0.0338457,-0.0530926,-0.0881427,-0.0132008,0.0556072,0.0217248,0.14663,0.0502398,0.0483395,0.0602099,-0.124372,0.0733869,0.204049,-0.0794555,-0.0911254,0.0513375,0.127207,0.0698569,0.0191247,-0.00828727,0.0642045,0.147209,0.0297889,-0.043226,0.0465203,0.0939207,-0.107531,0.0659665,-0.156871,-0.0555684,-0.0379008,-0.00131815,0.0570461,-0.0442199,0.00623195,-0.00276085,-0.0161864,0.210827,0.0816175,0.179088,0.000570515,-0.164216,0.0119862,-0.00785083,0.0411782,0.107294,-0.0830067,-0.0272378,-0.129696,0.0931581,0.0161476,-0.0631765,0.00917018,-0.0287193,-0.0153608,0.0971093,-0.0378917,0.0625547,-0.00160426,-0.220606,0.0626188,-0.00374866,-0.0816589,0.056778,-0.0102665,0.035516,0.0163951,0.177328,-0.0971349,-0.0605841,-0.0560699,-0.0158118,-0.0533825,0.117419,-0.0341115,-0.128222,0.105093,-0.0641862,0.0650709,0.0164568,-0.0126606,0.222685,-0.0968771,-0.123755,0.0430235,0.037203,-0.0666564,0.0669367,-0.0229233,-0.0236617,0.120633,0.107449,-0.0410031,0.0639115,0.0702808,0.03786,0.0215665,-0.0406881,0.0197361,-0.0972099,0.113408,-0.0710926,0.0755826,0.0585287,-0.0067534,-0.00644456,0.114044,-0.0322961,-0.0198116,-0.167147,-0.138977,-0.139966,-0.0676752,0.0178274,
0.01868,0.0259441,-0.103358,-0.015789,-0.0842548,0.0173623,0.032789,-0.0525392,-0.0531305,-0.00508345,-0.0419545,-0.0362726,-0.0133126,-0.0645353,-0.101598,-0.0369352,0.0415729,-0.0950739,0.152577,0.0203157,-0.0915961,-0.0956187,-0.0723854,-0.235341,-0.0856676,0.0321595,0.0624024,-0.0818401,-0.0160492,-0.00553487,0.0806832,-0.00146507,-0.0920138,-0.0246003,0.0548105,-0.117364,-0.0285243,-0.0137965,-0.0573166,-0.0729885,-0.0116901,-0.0392168,-0.0954997,-0.0841297,0.045113,0.0525761,0.152588,0.0319933,-0.0407088,0.00781959,0.0160519,0.0923907,0.0891146,0.205322,-0.0537003,-0.040245,0.0193203,0.103681,-0.00423803,0.00717067,0.0663742,-0.0496973,-0.064129,0.0714986,-0.0412644,0.0449255,0.0026422,-0.104109,0.0927501,-0.159245,0.0131948,-0.0101021,-0.0158262,0.0877204,-0.00950437,-0.0431695,-0.0087413,0.12359,0.0647286,-0.0438435,-0.133092,0.00576078,0.104299,0.0694115,-0.105425,-0.0426007,0.0147412,0.0224843,0.0362487,-0.0325206,-0.145644,0.00730098,-0.108623,0.057848,-0.0540743,-0.107336,0.0116113,0.0305407,0.108593,0.043397,-0.0307279,-0.0706466,0.0450215,-0.159433,0.023751,0.0800099,0.0114574,-0.126296,-0.0208784,0.057183,-0.0635957,-0.0966533,-0.10706,0.0792509,0.0274004,0.126812,-0.135049,0.101264,0.0866815,-0.0148688,0.0685236,-0.229057,-0.00467608,-0.00373115,-0.0551114,-0.0458828,0.0673581,0.188518,0.0232326,0.236061,0.068391,0.0477279,0.042282,-0.00462052,0.103045,0.13147,-0.0182398,-0.0406709,-0.141879,0.0519061,-0.0724039,-0.0923671,0.0607124,-0.0616141,0.0374827,0.074341,-0.0833516,-0.116112,-0.271654,0.0429291,-0.332507,0.0954521,-0.101218,-0.0183419,-0.146284,-0.0508761,-0.0595258,0.117221,0.049495,-0.0385173,0.0584521,0.0921785,-0.0871772,-0.066735,0.0436901,0.00412998,0.0335314,0.0603347,0.046209,-0.00889612,0.203684,0.0483496,-0.0357708,0.185747,-0.0495764,-0.0782315,-0.0218329,-0.0687799,-0.07432,0.0716483,-0.0018986,0.0260747,0.0381188,-0.0556842,-0.0437112,-0.0407868,-0.0802729,0.0746922,0.0152176,-0.0758726,0.157627,-0.0130778,-0.131359,0.0545089,0.0303347,-0.0210567,0.00110366,-0.0252856,-0.225922,-0.244276,-0.150047,-0.0956001,-0.145874,-0.0339757,-0.12748,-0.195248,-0.0117865,-0.107834,-0.0875445,-0.202382,-0.0132333,-0.193521,-0.156986,0.155889,-0.150943,0.0662208,-0.192695,0.0433608,-0.103797,-0.0950931,-0.00449333,0.065523,-0.0494009,-0.0458264,0.121853,0.0283811,-0.0529636,0.11415,-0.114251,-0.121112,-0.146373,0.0237906,0.0267398,-0.00678612,-0.0817937,-0.1334,-0.081458,0.093107,0.10368,-0.0527861,-0.121559,-0.0486281,-0.0583745,-0.114004,0.025071,-0.148199,0.0403905,-0.0273501,0.124698,0.0668608,-0.154079,-0.0527156,0.0773725,0.119511,0.0544961,0.0340677,
-0.329614,-0.561795,0.0528819,-0.171137,0.0648447,-0.135557,-0.313583,-0.063365,0.101638,-0.0438462,-0.102544,0.406913,-0.0889657,-0.0455315,-0.447815,-0.191804,-0.063482,0.0198321,-0.0898285,-0.13931,0.17062,0.0300823,-0.131614,-0.235556,-0.0294161,-0.219271,-0.272888,-0.163698,-0.201728,0.283383,0.114278,-0.515123,-0.610944,-0.350974,-0.0391638,-0.231001,-0.118431,-0.0433702,-0.106401,-0.0740252,-0.160536,-0.397486,-0.133754,0.263718,0.0594714,-0.0324007,-0.113576,-0.116668,-0.0446784,-0.11033,0.237955,-0.278926,-0.0439799,-0.164054,-0.00845421,-0.167973,0.0587428,-0.230351,0.0565484,-0.263614,-0.02828,-0.13149,-0.274445,-0.138694,-0.0863216,-0.280764,-0.345779,0.0367311,-0.0948384,-0.566777,-0.151435,-0.311777,-0.138561,0.191274,-0.0615532,0.187155,0.0204974,0.049422,-0.114958,-0.0714355,-0.0948724,-0.364863,-0.251846,-0.448994,-0.291861,-0.218681,-0.0159959,-0.151209,0.00900388,-0.170278,-0.030441,0.0375611,-0.0157835,-0.529116,-0.0644237,-0.154621,-0.201307,-0.0640627,0.00110979,0.693633,0.0170197,-0.150754,0.0942006,-0.337202,0.0342296,0.269633,-0.0764997,-0.0704331,-0.156861,0.0262331,-0.0477342,-0.00244653,-0.0479541,0.148176,-0.0527885,-0.008981,-0.0725057,-0.0844659,-0.0946079,0.253331,-0.345786,-0.0704434,-0.0335801,-0.0349236,-0.0451666,-0.0153407,-0.369209,-0.121121,-0.188407,0.0108019,-0.108038,-0.0312837,-0.292421,-0.13088,0.0467096,-0.0885145,0.00648224,-0.00412293,-0.211571,0.0839574,-0.228112,-0.223691,-0.143321,-0.239248,-0.0572125,-0.215293,0.0342674,-0.272245,-0.126796,-0.145974,-0.252105,0.0974983,-0.196562,0.0166664,-0.0785126,-0.106246,-0.529113,-0.187182,0.0630011,-0.0126973,0.153317,-0.0217184,-0.0570148,0.144771,-0.235666,-0.171182,-0.345848,0.0988429,-0.123257,-0.0783873,0.136283,-0.151676,-0.170968,0.846209,-0.032669,-0.0371297,-0.0316151,-0.179699,-0.325964,-0.00586846,-0.17851,-0.140429,-0.166878,-0.318677,-0.080357,-0.106487,-0.0028512,-0.106172,-0.035306,-0.0728258,-0.123563,-0.162772,0.0695676,-0.135809,0.00980356,-0.037609,-0.00875546,-0.28842,-0.185485,-0.0494336,-0.183344,0.158755,-0.0386397,0.022645,-0.074114,-0.07173,0.0855194,-0.206683,0.143478,-0.121349,-0.213551,-0.0768182,-0.142928,-0.0394702,-0.120669,-0.135174,-0.134849,-0.00979521,0.0830947,-0.207833,0.136947,-0.149249,0.210801,0.0426272,-0.126138,-0.118158,-0.0413968,0.0966264,-0.222306,0.0349922,-0.158711,-0.0921558,0.080647,-0.571268,0.0764435,0.0376131,-0.218236,-0.126123,0.179533,0.108264,-0.229299,-0.35374,0.103073,-0.373583,-0.0628905,0.501432,0.263889,-0.00608566,-0.0631481,-0.0295474,-0.213414,-0.170648,-0.143327,-0.0386901,-0.0385413,-0.259585,
-0.00127465,-0.0383781,-0.0402026,0.0383539,-0.205125,0.177551,-0.128252,-0.0119655,0.0372676,0.147908,0.0943067,0.0262741,0.0797123,0.00599059,-0.0479826,0.0687435,0.0757076,0.028071,-0.101413,-0.00379041,-0.0887746,-0.0415127,0.0209938,-0.0539785,0.0334291,-0.118208,0.0753812,0.0321781,-0.0688736,-0.077188,-0.0147185,0.0331926,-0.119538,-0.0420755,-0.0343425,0.0596258,0.0478332,-0.171449,-0.189145,-0.165297,-0.190184,-0.146766,-0.188388,-0.133974,0.0893669,0.0370104,-0.06068,-0.0185282,-0.102885,-0.0871943,0.0610371,0.000773247,-0.207052,0.0571728,0.0552173,0.115945,0.0705891,-0.0698249,0.124422,-0.0679036,-0.181148,-0.254814,-0.054748,-0.0476474,-0.040431,-0.00633096,0.0209836,0.0494323,0.113048,0.0553656,0.144577,-0.0887242,-0.175475,0.101407,0.154366,-0.0770703,0.0261561,-0.0763185,0.0712133,0.0458798,-0.123804,0.0313131,-0.110093,0.0744842,0.0872373,-0.141977,0.095343,0.0189923,0.0197877,0.0720335,0.08372,0.173029,-0.0691211,0.137029,0.0532796,-0.0964762,0.0100527,-0.0607545,0.149259,0.0686136,0.0136262,0.00431218,0.051124,-0.135424,0.150066,0.0427379,0.0906357,-0.0399284,0.0360747,0.0255676,-0.01657,-0.0425927,-0.090339,-0.0550599,-0.00476047,-0.00168134,-0.0128891,0.151734,-0.0476339,-0.0559531,0.0457658,0.0653246,-0.0607519,0.0200556,0.0109214,-0.0625679,0.0550185,0.0202679,-0.0916991,0.0890098,0.0324312,-0.0493603,0.115941,-0.0796377,-0.129859,-0.0974466,0.0575216,-0.0348204,0.0692331,0.133959,0.136113,0.00796878,-0.125085,0.0743129,-0.159263,0.127351,0.0506152,-0.0431132,0.0196695,-0.0723844,-0.115824,-0.0424126,0.0684165,0.139439,-0.12686,0.0647386,-0.0133298,-0.0520615,-0.149852,0.117842,-0.0403124,-0.0536275,-0.0518507,0.0464841,-0.041437,0.105442,0.0332163,-0.0709619,-0.111635,-0.0474936,0.0405916,-0.0167409,-0.0441972,-0.0400878,0.00487458,0.059683,-0.038965,-0.0182646,0.0164995,0.110179,0.0735519,-0.0852458,0.07446,-0.12766,-0.0396924,0.0514329,-0.124439,0.115033,0.0476995,-0.0378549,0.0399632,-0.144212,0.0435819,-0.139419,0.00666627,0.0611375,0.0503768,0.0905316,0.062109,-0.124459,-0.00307226,0.0146,0.11144,-0.00545395,0.00777113,0.127201,0.0923839,-0.104742,-0.0347484,0.124007,0.066905,-0.0424731,0.0608741,0.0038714,-0.146336,0.0586626,0.0560337,-0.0648548,0.146082,0.0455259,0.0494061,0.0545787,0.095935,0.156609,0.0381347,-0.00809684,0.0358971,-0.0424096,-0.024439,-0.0809892,0.0671298,-0.0516369,0.123183,-0.137364,-0.165509,0.121495,-0.0350517,0.0038748,-0.111682,0.0780922,0.0307777,-0.0708067,0.00874752,0.0911294,0.0255495,-0.0652324,-0.0510944,-0.167119,-0.0378225,0.167359,0.0219817,-0.211958,0.102254,0.0826462,-0.0260927,0.126772,
0.0318,-0.136473,-0.0216488,-0.0842,0.0337405,-0.01843,0.0629246,0.0129156,0.0555321,-0.0889061,0.00442836,-0.0071045,-0.135478,0.000584655,-0.09687,-0.0272189,0.086983,-0.0138773,0.0688489,-0.127866,-0.0121793,-0.10005,0.0133455,-0.0923169,-0.00428596,-0.0162203,0.0980169,0.033644,-0.0488397,-0.0267785,-0.220178,-0.194258,-0.217527,-0.0690425,-0.0365207,-0.0188551,0.155639,-0.0679416,-0.0610564,0.0653121,-0.0609205,-0.147874,-0.0794844,0.129547,-0.0097768,-0.13442,-0.00325983,-0.0717806,-0.0354841,-0.0538732,0.00216427,0.0440392,-0.0574225,-0.177222,0.0317787,0.0375361,0.174272,-0.201548,-0.150079,0.0747196,-0.227838,0.0594735,-0.13827,0.0887128,-0.153497,-0.120463,-0.0684135,0.0809158,-0.0658516,-0.0938515,-0.0110768,-0.029967,-0.00189924,-0.0426887,-0.12248,-0.11781,0.124337,0.0980964,0.0804414,0.0539049,0.0388629,-0.0441355,0.0242118,0.105581,-0.0260245,0.013777,0.0373241,-0.0752661,0.149251,0.024571,0.0092503,-0.107448,-0.0378584,-0.119418,-0.156349,0.0341727,-0.169778,-0.0582629,-0.186563,0.16055,0.0418882,-0.092354,0.109068,-0.158011,0.1026,0.0342937,0.102799,-0.0888413,0.027019,0.0810517,0.189201,-0.0730611,-0.00604176,0.056486,0.164499,-0.00755092,-0.0212355,-0.242869,-0.176941,0.0482365,-0.195298,-0.0380175,0.199899,0.0668638,0.0709751,-0.0230575,0.140532,0.0229556,-0.0649647,-0.142296,0.0467347,0.0455252,-0.103457,0.0374511,-0.00801849,-0.119191,0.0471563,-0.079911,-0.0970629,-0.128992,-0.0555016,0.0104049,-0.0523502,-0.0270534,0.00428237,0.0363014,0.0215429,-0.309615,-0.0294306,-0.0768218,-0.00221551,-0.0912467,0.22875,-0.0360038,0.0290906,0.0130518,0.141986,0.0218463,-0.0357617,0.0494239,-0.0817218,-0.0201201,-0.0316158,-0.151332,-0.133285,-0.103784,-0.0709501,-0.0512498,-0.136779,0.0572937,0.000230539,0.0946975,-0.0251567,0.0299877,-0.0124332,-0.019186,-0.0271749,-0.0587506,-0.0146135,-0.0166266,-0.0190134,-0.00502652,-0.0225786,-0.0847274,-0.046215,-0.0394525,0.128884,-0.145837,-0.0684986,-0.0197873,-0.161069,0.0641106,0.0204649,0.00547226,-0.0525904,0.0727787,0.0279172,-0.135525,-0.121941,-0.0345063,-0.0909813,0.10435,-0.13331,-0.0639846,-0.0592757,0.00247003,0.00676831,0.0561534,0.188212,-0.0153562,0.169399,0.0239328,-0.0318978,-0.098042,-0.0647877,-0.0214397,-0.0993463,0.00264478,0.0871279,0.0222511,-0.176174,-0.0675488,0.185583,-0.0502168,-0.00844903,-0.118645,-0.0638875,0.0166857,-0.020596,-0.034806,-0.126838,-0.110218,0.0214357,0.0914848,0.0799003,0.0083473,-0.101935,-0.0542492,0.120579,0.0681188,0.0889347,-0.152851,0.129286,-0.114938,-0.0588863,0.175824,0.195113,0.0282571,-0.050034,-0.0323799,-0.0132622,-0.136116,-0.0281132,0.0465578,0.0609045,-0.0605419,
-0.0993324,-0.323931,0.201803,-0.0887517,-0.0304596,0.090953,-0.100341,0.0144366,-0.0977255,-0.0603386,0.0155176,0.214219,-0.000789155,-0.142552,-0.163761,-0.0132754,-0.125634,-0.105952,0.0552238,-0.185168,-0.0791465,-0.220394,-0.0656728,0.10708,-0.0203205,0.0512106,-0.00308388,-0.0733917,-0.122474,0.0895765,0.0641821,-0.190914,-0.136464,-0.0526029,0.0941331,0.00145926,-0.0885867,-0.0980049,-0.0205811,-0.168816,-0.168346,-0.0265174,-0.0462322,0.109961,0.0120633,-0.0618952,0.0748339,0.13651,-0.0463683,-0.0392765,0.12618,-0.176328,0.102107,-0.0777342,-0.0314106,0.0535789,-0.0109259,-0.102675,-0.123115,-0.0224541,0.0221658,-0.117677,-0.00198232,-0.0822338,-0.0693072,-0.0261351,-0.0866976,-0.0333574,-0.0329414,-0.271389,0.0585123,-0.0403933,0.0470829,0.162688,-0.138594,-0.0349191,0.0929147,0.0729284,-0.133905,-0.172875,-0.0133817,-0.0646788,-0.107371,-0.172271,-0.0843026,-0.205818,-0.00822729,0.0409542,0.0426118,-0.00324801,0.0871933,-0.0595013,-0.0211954,-0.0420589,-0.193336,-0.222513,-0.0471039,-0.00780053,-0.111781,0.140534,0.0507351,-0.128112,-0.165722,-0.0996361,0.0249453,0.234536,-0.0194432,0.0106964,-0.174115,0.0762858,0.1033,-0.176571,-0.0993545,0.000121564,0.0505433,0.0081473,0.119114,-0.0805129,-0.0398998,0.0823901,-0.0537073,-0.0670948,-0.0305238,0.125613,0.159604,0.0204312,0.036931,-0.134137,-0.103269,-0.0966797,0.212872,-0.159021,-0.056652,0.0699889,0.170426,-0.0377965,-0.153057,-0.00925921,0.0759358,-0.0999191,-0.142963,-0.149068,0.0259425,-0.0718719,0.0732889,0.0274453,-0.0461506,0.00695056,-0.0529141,-0.0026071,-0.056787,0.149364,-0.0457889,-0.137924,0.0833109,-0.056772,-0.14499,-0.101621,0.000470906,0.0454635,0.0749633,-0.11113,0.011674,-0.0464964,-0.144757,-0.0123332,-0.000294127,-0.0624621,0.0528328,-0.0384077,-0.046853,-0.0992541,0.00292776,0.132397,-0.115223,-0.227773,0.0529887,-0.0869971,-0.159479,-0.0485436,0.152209,0.053722,-0.0645607,-0.00250581,-0.186232,0.000994466,0.151397,-0.0705767,0.00149464,-0.0290153,0.115789,-0.0949574,-0.0800998,-0.169194,0.0283677,0.0890308,-0.0377425,-0.00992222,-0.275203,0.00756226,0.119463,0.0397127,0.0864452,-0.138316,-0.0365724,-0.0144662,-0.0200026,0.00926883,0.0388109,0.0668287,0.0552115,-0.167593,-0.280579,0.133699,-0.128144,-0.00201828,-0.000516415,-0.0759568,0.0814404,0.0570492,0.163271,0.0347818,0.00887474,0.0205772,0.0730507,-0.0274946,-0.0350298,0.0665339,0.0229498,0.0274644,-0.0669394,0.0938944,-0.0382039,-0.159464,-0.0479908,0.0779942,-0.127724,-0.00985024,0.0600932,0.107797,0.0520054,-0.0795878,-0.0465677,-0.0848316,-0.125911,0.149551,0.0102817,0.0146269,-0.0980199,0.00491852,-0.136898,0.0524007,0.0749145,-0.0980627,0.0275588,0.0623598,
0.0114583,0.00740177,-0.065592,0.00901073,0.19597,0.115825,-0.122259,-0.0608403,0.0761675,-0.0583367,-0.2095,0.0706717,-0.0906632,-0.00467519,-0.0926113,0.0190982,0.158829,-0.0235579,0.0566654,-0.0286213,-0.113804,0.00548922,0.138195,0.034372,-0.0370224,0.0114077,-0.195763,0.0352798,0.0468518,0.0366194,0.0244581,-0.0136578,-0.0191863,0.0536553,-0.0830361,-0.0920381,-0.00474882,0.0242416,-0.125705,0.00342547,-0.0444676,-0.0355013,-0.0169813,-0.124654,0.0808716,0.15856,-0.151737,0.0252834,-0.0746828,-0.026439,-0.0627544,-0.122991,-0.0362791,0.0844524,0.0699425,0.00857763,0.0958095,0.0595361,-0.100579,-0.0553585,-0.0321185,0.0868603,0.126682,0.0181917,-0.0851235,-0.0431233,0.189011,-0.0417145,-0.137491,-0.0946078,-0.0139643,-0.0695285,-0.113709,0.132222,0.0719734,0.0376566,-0.0574086,-0.0176238,-0.00806649,-0.0401853,-0.0429206,-0.186031,0.144168,0.0612335,0.0958048,0.103333,0.079246,0.0819476,-0.0347633,0.0913959,-0.120383,-0.0894827,0.0360847,-0.00960409,0.0301465,-0.00820558,0.0122566,-0.0721925,-0.133413,-0.103655,-0.188802,0.00790075,-0.00663223,-0.014421,0.0127542,0.011694,-0.018397,-0.154584,0.0206664,-0.0900008,-0.108882,0.0228835,-0.0387877,-0.0804624,0.114439,0.00530129,-0.0066388,0.169249,0.0968245,-0.131736,-0.113495,0.0825416,0.0445171,0.0108571,-0.0787645,-0.0364788,0.0712599,0.0551401,0.0772789,-0.00394646,0.0278913,0.175563,-0.0102234,-0.120641,-0.0843746,-0.0838134,-0.144672,0.00621537,0.0232537,-0.0247254,-0.0272364,-0.0942627,0.0824175,-0.0192584,-0.0404874,0.0281616,0.0683491,-0.0192913,0.0789804,0.0764301,-0.0661505,-0.046635,0.00393693,-0.0144694,-0.160906,-0.110598,0.107591,-0.0186647,-0.0422501,0.0437409,0.0815295,-0.0531594,-0.0178115,-0.0672794,0.0374354,-0.0490855,-0.198411,0.0772941,0.0377588,-0.150329,-0.0750014,-0.0737279,-0.0808781,-0.094773,-0.206514,0.0589695,0.0524723,0.0406844,0.189721,-0.0342482,0.0763711,-0.0166282,0.0541028,-0.0885338,0.0390878,0.10795,-0.15226,0.00105612,-0.11383,0.094763,0.0356336,-0.0438416,0.00537435,-0.103358,0.0200069,-0.124155,-0.0405436,0.0294364,-0.0910254,0.0422672,0.043175,0.0687659,0.020509,0.182724,0.0444142,-0.0213661,-0.105127,0.065823,-0.0420609,0.0208075,0.0263602,-0.0665576,0.0373725,-0.0690487,0.0881998,-0.00972016,-0.0942819,0.0422582,-0.030754,0.03545,-0.0958112,-0.107757,-0.150229,0.0751129,-0.0273838,0.012274,-0.0807899,0.00064397,0.0222014,0.0291795,-0.0436642,-0.0241663,0.0868934,-0.0428934,-0.219778,-0.101249,-0.0373207,-0.0703929,0.08719,-0.0825126,-0.013315,-0.0494461,-0.0132243,0.170677,-0.0924001,-0.0123935,0.0975114,0.0283965,0.0143448,-0.0591795,-0.0454682,-0.0248486,0.0686955,-0.0411007,-0.0305635,-0.138349,
0.107535,-0.0406968,-0.0571551,0.0367709,-0.000778161,0.000527962,-0.10748,-0.0375711,0.0776939,0.0429031,0.156539,-0.00177549,-0.0440446,-0.0995072,0.00942715,0.025417,-0.0557703,0.0473098,0.120131,0.0449881,-0.037026,-0.145455,0.054897,-0.0822604,0.0111789,0.0149803,-0.0877281,-0.185884,0.0765842,-0.0238966,-0.131508,-0.0296568,-0.0193626,-0.0587894,-0.150497,-0.0628235,-0.00386307,0.151064,0.0800104,0.163865,0.0150957,0.0378459,-0.0150685,-0.0542824,0.103083,-0.0220896,0.0765864,-0.0678263,0.0666647,0.00935499,0.0257652,0.0059503,-0.199488,0.0436012,0.188424,0.0404476,0.0992892,-0.142515,0.101199,0.103983,0.134938,0.0766787,-0.0441546,-0.0288795,-0.161854,0.0604199,0.0152118,-0.0730264,0.046783,-0.000197264,0.0836819,-0.0848792,-0.111127,-0.00658146,0.163859,0.0673479,0.00628532,0.0825228,-0.0417954,-0.0562126,0.0322748,-0.029893,0.0866672,0.0132864,-0.060634,0.0175931,-0.00678417,0.0571118,0.0278172,-0.00432348,0.133636,-0.0402665,0.132141,-0.0602326,0.0177435,-0.0337091,0.0829607,0.0848358,0.0269225,0.0214347,-0.0409644,-0.186593,0.0780674,-0.0927957,0.051508,0.0163815,-0.070985,-0.0241538,0.113295,0.148919,0.063713,0.0851494,-0.220977,-0.223125,0.0532472,0.0696039,0.0141954,-0.109623,0.061798,-0.0843123,0.051923,0.0153848,0.0262112,-0.120159,-0.0413803,0.033687,0.0495854,0.134893,-0.115661,-0.0487791,0.161508,0.117944,0.0700156,-0.0412997,0.0153799,-0.0314922,-0.132702,-0.185168,-0.087511,0.0410852,0.0903764,0.0731577,-0.114898,-0.109123,0.00949256,-0.058841,0.0981495,0.00848268,-0.107304,-0.0232388,0.0199199,-0.177586,-0.00590543,0.0501687,0.0592659,-0.0405723,-0.111015,0.179374,0.0646321,-0.118244,-0.0536064,0.176339,-0.079123,-0.0644156,-0.161055,0.0428047,0.123295,-0.233393,-0.113714,-0.00940336,-0.145886,-0.064649,0.0723322,0.0924396,-0.00978424,-0.0142418,-0.0252613,0.0836927,-0.0739296,-0.0265028,-0.0499146,0.0539513,0.00334186,0.00917353,-0.0454953,-0.0349045,0.0395828,0.122093,0.011277,0.0847125,0.0668643,-0.250049,-0.00300639,-0.116235,0.144768,-0.119359,-0.1237,-0.182001,-0.0259178,0.115544,0.0344217,-0.138057,-0.08669,-0.163129,-0.195966,0.163674,-0.0178945,0.00152849,0.0928274,-0.258637,-0.0962405,0.042246,0.0121408,-0.059733,0.0807867,-0.185927,0.00640868,0.116878,-0.103825,0.0221573,-0.0109618,-0.0781279,0.160125,-0.0909683,-0.10446,-0.00980716,0.103081,0.0421516,-0.00985112,-0.0678377,-0.00336709,-0.144738,0.0697029,0.0326177,-0.103373,-0.0718276,0.0456434,-0.142786,0.108186,-0.0879847,-0.121176,-0.136967,0.11349,-0.0872338,-0.0197686,0.0517832,0.0425599,-0.0910958,0.0800693,0.0170842,-0.0302071,0.047975,0.149051,0.114744,0.0043718,0.0494095,
0.0675761,-0.0579327,0.119543,0.0214501,-0.0181493,-0.0195699,0.267848,0.159985,-0.125595,0.0130777,0.0615947,-0.042129,-0.148414,0.0355363,0.0153889,-0.0455938,-0.10276,0.0643556,-0.0978646,-0.0846425,-0.0874788,-0.109027,0.0714751,-0.0185502,-0.0729609,0.0372835,0.0702254,0.00414164,0.0630783,-0.168142,0.0434852,-0.0719129,0.180522,0.0275656,-0.115132,-0.00788986,-0.0418185,-0.0143648,-0.0308599,-0.00134358,0.0725241,-0.0627393,0.0839975,0.131247,0.0848129,-0.0639525,0.146071,0.0970492,-0.0260427,-0.0134063,0.0387007,0.13865,-0.00386875,-0.0271905,0.117739,0.241922,0.041592,-0.115785,0.209867,-0.0243583,0.0225924,-0.0156446,-0.196995,0.0273576,-0.0405446,-0.00287283,0.0344317,0.0228058,-0.0649261,0.0825821,-0.123215,0.156113,-0.0467666,0.231253,0.168013,0.0170248,-0.0142886,0.027749,-0.094144,-0.0437859,0.0757334,-0.190101,0.0946065,-0.194749,-0.138574,-0.0539008,0.00968728,0.000628202,0.0767357,-0.0713578,-0.0355755,0.131907,-0.133186,0.0221588,0.029778,0.0382719,-0.0666842,0.0367714,-0.101121,0.0771184,-0.115035,0.0011385,-0.0212882,0.0695608,0.135157,0.0869021,0.114499,-0.0770889,0.0945659,0.013206,-0.143138,0.0695439,-0.00495599,0.058507,0.0809311,0.0204385,0.00453871,0.0386222,-0.0404339,-0.125333,-0.0488704,-0.117765,0.0303739,0.141679,0.110083,-0.270133,-0.0555882,-0.210093,-0.0641914,-0.132308,0.0829046,0.186435,-0.0145716,0.0153232,0.0514335,0.000722806,0.0546343,-0.044627,-0.0865688,0.0779054,-0.089851,0.0419108,-0.0515374,-0.0654738,-0.0627127,0.0656972,-0.0508534,-0.0107703,-0.0424763,-0.0337075,0.021021,0.0901885,-0.109914,-0.14778,0.0868681,0.0210417,-0.128621,-0.233917,0.116349,0.140912,-0.0035222,0.0427037,-0.0197481,-0.0184542,-0.00914716,-0.0322055,-0.0914763,0.0365837,-0.192132,-0.13787,0.0753084,0.0864999,0.0776252,0.0797055,0.00524217,-0.0677819,-0.0058743,0.132767,-0.0265239,-0.0634512,-0.0346441,0.161518,0.158257,-0.0707565,-0.0883708,-0.0341207,-0.176607,0.00265648,0.171552,-0.0408499,-0.10644,-0.115502,-0.041413,-0.164336,0.117604,0.0216613,-0.0105663,-0.00417277,-0.0261798,-0.026194,0.0393374,0.0893371,-0.0834113,-0.123588,-0.0307678,-0.0597222,-0.00151133,-0.16783,0.00462716,-0.0298483,0.00359455,0.0222899,0.135506,-0.109074,-0.0149739,-0.0353785,-0.109313,-0.0866417,-0.00881735,0.0644043,-0.0127921,0.0933987,0.0290743,0.0906968,-0.00217142,-0.0286,0.0339278,-0.003553,-0.0594849,0.0282038,0.126121,0.0149412,-0.142705,0.0731161,0.0234793,0.0854342,0.0921206,-0.013189,-0.0127246,0.0390732,0.0122955,-0.0770632,0.049837,-0.0327671,-0.160902,0.105784,0.0328497,0.0271359,0.0924826,0.0774225,0.00180837,-0.0716138,0.0734353,0.0158572,-0.11703,0.0901417,
-0.0422523,-0.125354,-0.156528,-0.0330169,-0.0685766,0.0306382,-0.17029,0.0370982,-0.0188641,0.0364117,-0.0059176,-0.0897697,0.0383532,-0.114309,-0.06898,-0.248584,-0.104913,-0.00601249,0.000174737,0.0483568,-0.0552437,-0.0162834,-0.0339713,-0.196632,-0.0105988,-0.124799,-0.0267678,-0.0478984,-0.0312322,0.0765256,0.125796,0.016716,0.112305,-0.104238,-0.0138603,0.046211,-0.122978,-0.014655,-0.215953,0.000270865,-0.0360423,-0.0380119,-0.0482359,0.155336,-0.0580083,0.0830527,0.107151,0.0376644,-0.00103707,-0.0487174,0.0888084,-0.110165,-0.0900408,-0.0199091,-0.0177441,-0.0382133,-0.060324,0.0267998,-0.130317,-0.0896995,0.18899,-0.0454707,-0.0349824,0.0301554,-0.100779,-0.135039,0.0193261,0.133817,0.17467,-0.108797,-0.0571957,0.12388,-0.0984786,-0.0984495,0.0113513,0.0219084,0.0261555,-0.0631074,-0.0268996,0.0477911,-0.0665166,-0.0444797,0.0657922,-0.101108,-0.0422467,-0.0281762,-0.0192143,0.0891743,-0.0139117,0.0209305,0.12248,-0.0558251,-0.204576,-0.0203904,0.0364633,-0.00500271,0.205966,-0.0474444,0.0824408,0.0466164,0.0498149,0.0843688,-0.135736,0.0889132,0.0128624,0.0238073,0.0780506,0.0142503,-0.0509744,-0.0679851,-0.0821221,-0.153794,-0.0529642,0.065112,-0.0782203,0.00621508,0.113451,-0.0957768,0.0127292,-0.064501,-0.132283,-0.0796656,0.108023,0.0714515,0.0421223,-0.0269387,-0.0610167,0.117823,-0.0759044,0.188964,0.105301,-0.118285,-0.00879876,-0.0677678,0.0736896,0.0644819,-0.0233458,-0.0496563,0.0177659,0.0817607,-0.0914748,-0.0360971,-0.124164,-0.0900166,0.0210956,0.161379,0.0413702,-0.0856251,0.0579941,-0.131757,-0.0912398,-0.0737657,-0.0752023,-0.0548376,0.128584,0.0739077,-0.0570096,0.0596352,-0.103442,-0.00831842,-0.127688,-0.0709774,0.0512918,0.0182282,-0.0543373,0.00770622,-0.150047,-0.105643,-0.0288386,-0.139916,-0.083472,-0.134923,0.0771737,-0.0239441,-0.0237677,0.193668,-0.0440481,-0.105651,0.0687487,-0.0144951,0.0655464,0.00111077,-0.112417,-0.0810558,0.040491,-0.0905344,-0.014583,-0.0558662,0.0224999,-0.0693672,-0.141204,-0.0429155,0.0325035,0.0138446,0.0251648,0.073546,-0.00593537,-0.00481794,0.135705,-0.04865,0.105516,-0.0340584,-0.0629519,-0.00878168,0.0766933,0.00242092,-0.0184365,-0.0622294,-0.182662,-0.0163149,0.0897863,-0.0320424,-0.02239,0.0782631,0.0304153,0.201881,0.0443764,0.0899937,-0.154313,-0.070216,0.035734,0.0173508,-0.0651852,-0.0940918,0.121246,-0.00660109,0.0564648,-0.00451203,0.0887927,0.085841,0.0390382,-0.00113739,-0.120558,-0.0571133,-0.0219149,0.20993,-0.071697,0.0491765,-0.0149537,-0.0582146,-0.0824447,0.0568417,-0.0679191,0.153256,0.138365,-0.189173,0.0168684,0.108366,-0.147973,-0.170152,-0.00511034,-0.00721761,-0.0164576,0.126717,-0.00229978,-0.0439185,
-0.0101713,-0.0954758,-0.0489255,-0.0486749,0.166108,-0.0929503,-0.0895116,0.0811057,-0.174736,0.155134,-8.03501e-05,0.119221,-0.126519,-0.183208,-0.134129,-0.0987602,0.00160975,0.0639205,-0.00993133,-0.012929,-0.0319253,-0.00233964,-0.037541,-0.0936409,-0.0472573,-0.041848,-0.0240202,-0.0449872,0.130731,0.102195,0.0770472,0.0291017,-0.0630616,0.177774,-0.0106973,0.0190235,0.105795,0.169344,-0.182476,-0.0267926,0.093273,-0.104853,0.0357164,0.0242156,-0.0141643,-0.0553561,0.0169677,-0.167777,-0.00488105,-0.00079482,-0.100593,0.00780113,0.00772733,-0.177703,-0.176524,0.142531,0.15794,-0.0549353,0.149604,-0.0470451,-0.155698,-0.0976118,-0.0740129,-0.0673521,-0.0892422,-0.1597,0.0010006,0.149955,-0.0192929,-0.14738,-0.071703,-0.0636678,0.132409,0.164097,-0.128157,0.174837,0.00262039,0.0227903,0.115057,-0.0305165,-0.15982,-0.063608,0.181759,0.0814622,-0.0499254,-0.0727065,0.084998,-0.0399382,-0.0640587,-0.034326,0.0625226,-0.189858,0.0547013,0.0968552,0.0250896,-0.0363105,-0.119848,-0.077848,0.185905,0.132656,-0.0431058,-0.0579133,0.119989,0.00337181,0.169191,-0.00806484,-0.0997873,-0.127617,0.066473,0.126712,0.070792,-0.112479,0.0845339,0.0592717,-0.0838618,0.175654,0.187049,0.0444176,0.00271569,-0.0673189,0.0219444,0.110657,-0.0770459,-0.0195567,-0.14732,0.102803,0.0675917,-0.0651083,-0.115329,0.0867288,0.0219143,0.0449214,-0.025813,0.197608,-0.0729731,0.0045656,-0.0397633,0.128101,-0.0655393,0.0551565,-0.147169,-0.0893802,-0.0775205,0.0927032,0.0266292,-0.15999,0.0274318,-0.155317,-0.161958,-0.0179579,-0.0761364,0.064493,-0.0528287,0.0331723,0.0131252,0.0119794,-0.265694,0.0268362,-0.172433,-0.0303957,0.0434483,-0.0192984,0.121097,-0.096898,-0.0988681,-0.0694796,-0.0223463,0.02533,0.115709,0.0112324,-0.0490926,0.0612528,-0.025992,-0.135263,-0.00781513,0.10579,-0.02247,-0.0333498,-0.0878405,-0.0562049,-0.0568236,-0.0847696,-0.0115584,0.154989,0.0110206,0.0264093,0.156328,0.0412592,0.0945147,0.11583,0.0810241,0.0555985,-0.166805,-0.0683075,-0.155762,0.00286714,0.047494,-0.134292,0.0437669,-0.0622738,-0.0263749,0.0739062,0.0408553,-0.044351,-0.00767856,-0.0466491,-0.00271841,-0.0555257,-0.0862605,-0.0154872,0.0776022,-0.131581,-0.0940597,0.0272254,0.043663,0.103032,-0.00160826,0.0684261,-0.0147674,0.117213,0.0613333,0.0822149,0.0261274,0.00115612,0.0981886,-0.14322,0.00715048,0.0212064,-0.0638033,0.0185857,-0.0329129,-0.0425005,0.0378519,-0.0251113,0.043153,0.0631408,-0.00200196,-0.0584798,0.177617,0.0728703,-0.0168331,-0.0934616,0.00721406,-0.132811,-0.0723268,-0.0727134,0.0243256,-0.00451202,0.125431,0.086559,-0.0263281,-0.0484866,-0.0670272,-0.0503223,-0.0493389,0.0647524,
-0.0499701,0.026361,-0.117295,-0.00580423,0.042356,0.100165,0.0525542,-0.141288,0.0587195,0.00640474,-0.0277191,-0.118904,-0.0468928,0.0286759,-0.0425989,-0.0614516,0.0490815,-0.013747,0.0461083,-0.01829,-0.294535,-0.0482503,0.0820524,0.0374149,0.0412457,0.0152041,0.164563,-0.0353798,-0.0989939,0.161009,-0.0241292,-0.0113807,-0.141651,0.127626,0.118285,-0.0512285,-0.144955,-0.230386,0.108151,-0.193495,0.102676,0.132328,0.0781919,-0.0191112,-0.0598393,-0.0462779,-0.0575338,0.107253,-0.0530549,-0.10806,0.145759,0.0301262,-0.174346,-0.0413675,0.0860688,-0.0226166,-0.0580376,-0.0527399,-0.0746068,0.105958,-0.0632156,0.0476054,0.0883127,0.1478,0.0948563,-0.0701862,0.0312015,0.0110282,0.111185,0.0271591,0.00737132,0.0948053,0.0163678,0.016062,-0.000744527,0.0284163,0.0617152,0.0875009,-0.0420406,0.0743127,0.0853651,-0.155868,0.0582874,-0.0863878,-0.00827506,0.22749,-0.0408272,-0.100916,-0.11629,0.0252476,0.0781001,0.11293,-0.0422979,-0.0115292,0.108116,-0.0428975,-0.00932432,-0.0878446,-0.155432,0.0433691,0.133827,0.0434234,0.0619579,-0.104346,0.0348815,-0.0371167,-0.0210891,-0.0133499,-0.00162645,0.224112,0.0768865,0.0649067,-0.0998669,-0.106774,-0.048562,-0.218301,0.166643,0.0744703,-0.109504,0.0366126,0.112402,0.0619211,-0.0123177,0.0904933,-0.0249215,0.00593615,-0.0893849,0.151951,-0.0699549,0.0166992,-0.0686597,0.080137,-0.115924,0.022556,-0.0261341,-0.152663,0.0419958,-0.0721152,-0.159702,-0.0580413,0.185099,0.0576852,0.00163532,-0.0424355,0.0649495,-0.000577197,-0.00237471,-0.0601319,-0.120657,-0.0529718,-0.0868742,-0.0826202,0.114855,0.128939,0.00195284,0.0539856,0.124876,-0.0302244,-0.115019,0.0167915,-0.0732522,0.0428196,-0.0451688,-0.0438119,0.0396729,0.0833974,0.106597,0.189198,-0.0959255,-0.0204209,0.105955,-0.115886,0.0076712,-0.077373,-0.0276664,0.0948764,-0.0541026,0.0202933,0.08739,0.0210165,0.0412033,0.154935,0.0216354,-0.135858,-0.0686192,0.0376122,0.0236058,0.0368618,0.118598,0.118562,0.0783792,0.0465141,0.0211022,0.158568,0.246769,-0.0901264,-0.0889869,-0.0478721,0.00809702,0.125938,-0.170068,-0.0997602,-0.0564388,-0.0578206,0.062529,-0.00660548,0.0196343,0.0983695,0.0879794,-0.0935859,0.0903797,-0.0645331,-0.132081,-0.068939,0.0993041,-0.0164722,0.0794918,-0.0777827,-0.0463828,0.0229077,0.0547304,0.0401481,0.147241,0.0954388,0.023172,0.0475389,-0.0578147,-0.0469452,-0.0374888,-0.215381,0.0248485,-0.0230237,0.0511113,0.0152242,-0.0401465,0.0853585,0.116172,0.0319292,0.0664099,-0.0305429,0.132017,-0.0771276,-0.0814813,0.0060749,-0.0186711,-0.0469654,0.0890059,-0.0223353,0.15118,-0.00564647,-0.0250729,0.192908,0.025944,0.128314,0.101811,-0.00824532,
-0.0918709,-0.0558007,-0.0368595,-0.0504105,0.00780648,-0.0138174,-0.00653889,-0.222756,0.0118711,0.0146816,0.0465013,0.0682543,0.0390883,0.00124278,-0.0672375,0.0235776,-0.027431,0.0279673,0.128719,-0.0447187,0.114944,0.00114767,0.157856,0.0758248,0.107809,-0.020688,-0.152905,-0.0479646,0.0391659,0.075188,0.0619251,-0.096388,0.0283751,-0.0295216,0.178047,-0.106361,0.0948448,-0.048656,0.208099,0.120374,0.0432398,0.0179531,0.0286499,-0.00518662,0.0349028,-0.150865,0.0711735,0.0481737,-0.114142,0.0223746,0.0594311,-0.0153396,-0.0751636,0.0956579,-0.0278196,-0.0208092,-0.0401908,0.114578,-0.134593,0.0387681,0.065788,-0.104186,-0.0394798,0.0299474,0.135807,-0.0122217,-0.109438,-0.0942868,0.0193374,0.000418874,-0.0534467,0.000321228,-0.0661482,0.111864,0.0754139,-0.00113642,-0.000685553,-0.0985651,0.042444,0.029622,0.0778223,0.088059,-0.113522,-0.111184,-0.0350165,0.0019691,-0.0156154,-0.0771129,-0.0810131,-0.0104252,-0.0365686,0.0967739,-0.000286178,-3.05641e-05,-0.0023279,0.0710096,0.0866914,-0.130407,-0.0613346,0.111723,-0.0753614,0.112143,0.0500715,-0.149959,0.202728,0.0831694,-0.0639446,-0.162179,-0.132541,0.0767642,-0.0279594,0.0910709,0.0471896,-0.150797,-0.118282,-0.0714551,0.150399,0.0889632,-0.00344644,0.0149013,0.0125592,0.0264528,0.150351,-0.112034,0.0456415,-0.00213734,-0.0485813,0.0143119,-0.0480978,-0.081682,-0.00809203,0.0862885,0.110604,-0.0527024,0.0052059,-0.13414,0.0774317,-0.0564293,0.08544,0.0606901,0.0236953,-0.108464,-0.0630941,-0.0310381,-0.0717908,-0.138639,-0.087568,-0.0418491,-0.122247,0.0210298,-0.144295,-0.0554535,-0.088585,-0.00440262,0.0289952,0.0285188,-0.216644,0.00890407,-0.0998621,0.0560084,-0.0356392,0.0238816,-0.11172,0.0289027,-0.0427705,0.00582876,0.00804959,-0.0829625,0.0500124,0.0608736,-0.143068,-0.0566977,-0.0235486,0.00478617,-0.048644,0.0216541,0.093452,-0.0112128,-0.0731693,0.121515,-0.064388,-0.0403322,-0.148787,-0.0333914,0.0440788,-0.0574625,0.0549862,-0.0200423,0.0121602,0.0513431,0.263117,0.0351035,0.074104,0.0869603,-0.0961725,0.0284967,0.0226953,-0.000392364,0.115247,0.0874248,-0.156315,0.0156365,0.0414873,0.00749152,0.013923,-0.0735532,-0.150997,-0.0390662,0.0181784,-0.101626,0.0356915,0.0906179,0.00425992,0.0296417,-0.0428815,-0.0919726,0.0189908,0.135833,-0.0704629,-0.0878897,-0.152661,0.0132469,0.0463402,0.059666,0.0399795,0.00861224,-0.286958,-0.0475766,0.0351716,0.0324543,-0.191408,0.041021,-0.069473,0.0267337,-0.0794727,-0.144235,-0.0158789,-0.0723728,-0.0273818,-0.114121,0.0950329,-0.0415353,-0.0427938,-0.0236197,0.064094,0.0596638,0.0175192,0.124115,-0.0196675,0.22239,0.0553968,0.0462304,-0.0871938,-0.0663612,0.0847868,0.0219,
0.00364042,-0.140777,-0.0929996,0.0426976,-0.0492994,-0.041646,0.0360633,0.0762225,-0.134272,0.128713,-0.219458,0.0179545,-0.0166827,-0.03645,-0.0462996,0.164991,0.11297,0.146833,-0.0202968,0.0258061,-0.134466,-0.104985,0.103092,-0.010969,0.081032,-0.0180789,-0.0245871,-0.00661659,-0.216797,-0.00859018,-0.0072178,-0.0331838,-0.00916002,0.00834462,-0.0420017,-0.0544398,0.103736,-0.101795,0.0382275,0.150914,-0.0340639,-0.0980334,-0.0181257,0.00678981,0.0173672,-0.074964,-0.0884544,-0.0135556,0.0227492,-0.0077456,0.125341,-0.0188563,-0.0682278,0.065386,-0.0822701,0.00262549,-0.115781,0.0762348,-0.0777447,-0.108255,0.10775,0.0111994,0.077891,-0.153046,-0.0736705,-0.0751655,-0.0160122,-0.0267997,0.0508847,0.00791344,0.0636597,-0.0131177,-0.0240699,-0.129861,0.0493982,0.142373,0.142735,0.0353121,0.100251,-0.16092,-0.0966205,0.140344,-0.0662812,-0.0933024,0.0416573,-0.111848,0.0279227,0.0502766,-0.0852885,-0.00861028,0.0138351,-0.0478445,-0.093683,0.149255,0.194304,-0.00331135,-0.0726293,0.017163,0.220282,0.00955331,0.00143809,0.0176608,0.097871,-0.0550121,-0.0961311,-0.114816,-0.0548176,-0.0401498,-0.0131033,-0.278908,0.00909027,-0.0740291,0.00263016,0.141861,0.0912535,0.153921,-0.0425426,0.0243633,-0.0416043,-0.00489597,0.0648024,0.0579464,0.0470145,-0.0967773,-0.000243577,0.118325,0.121513,0.0281115,-0.0715064,-0.0675733,-0.0646612,-0.122426,-0.162323,0.0466617,0.112234,-0.10527,0.0237705,0.0462192,-0.16301,0.105276,0.02578,0.00648114,-0.12922,0.0850671,0.0655654,-0.00890024,-0.0685848,0.184337,-0.0354155,-0.0931696,0.0450147,0.0422008,0.172778,0.0644765,0.0381543,0.143072,0.0533894,-0.0919626,-0.0515611,0.125145,-0.251997,-0.0494887,-0.0733707,-0.134831,0.0468103,-0.143364,0.128302,0.101683,0.0851366,-0.104397,0.0121898,0.0243973,0.109216,-0.092015,-0.162563,0.0513572,-0.0743734,0.00691186,-0.114186,-0.00591445,0.113036,-0.0932932,-0.0573086,0.00126545,-0.00520492,-0.0172385,-0.0495954,0.108394,0.0504346,-0.0544678,-0.108924,0.104364,-0.186385,-0.0263498,-0.0564026,0.00514248,-0.128986,-0.0303659,-0.0307086,0.0606328,0.0345295,-0.0475287,0.0508999,0.0302177,0.0601077,-0.0260822,-0.0383307,0.164115,-0.0566955,0.0742715,0.0275276,-0.0909438,0.0870543,-0.078264,-0.0935183,0.0529512,0.0369405,-0.0930974,0.0453074,-0.00147246,-0.154778,0.0147604,0.120234,-0.144372,0.0261612,-0.0360337,0.122647,-0.108397,-0.152442,0.0269507,-0.0570588,-0.0433541,0.0173357,0.0762281,-0.0672713,0.0090416,-0.0420229,-0.0100015,-0.221749,-0.00423637,0.0177202,-0.0326366,0.00573751,0.0117363,-0.0504846,0.0253751,0.136075,-0.147901,-0.0981686,-0.224978,0.00214545,-0.0539832,0.0318006,0.255511,-0.207057,-0.111291,
0.127981,0.027409,-0.0371258,-0.129002,-0.156746,-0.103425,-0.0879368,0.047703,-0.0294518,-0.0677522,-0.131574,-0.0276112,0.0701848,-0.0681233,0.0818076,0.110544,-0.180498,-0.0291078,0.0109162,0.0692373,0.0409474,0.00842642,0.0221866,0.0989454,0.0297755,0.0786183,0.122993,-0.204749,0.0274838,-0.0141742,-0.0213368,-0.00304501,0.0366802,0.0385477,-0.042961,0.0525886,-0.200002,0.0687088,-0.222392,0.0418446,-0.115334,-0.0208491,-0.0231105,-0.108067,0.0137383,0.0471069,-0.023734,0.0349049,0.0571243,0.0501421,0.144614,0.123136,-0.00673456,-0.0857284,0.150236,0.00950888,0.101435,-0.116021,0.0472815,-0.0981999,0.0414542,-0.0832019,0.0115594,0.112176,0.0393164,-0.00149018,-0.0165796,-0.11199,-0.0251555,-0.0596371,0.129054,-0.00599514,-0.0341867,-0.0207874,0.0113447,-0.0608203,0.0545214,0.0390612,-0.06887,-0.0121139,0.163494,0.0950385,-0.00813744,-0.0509007,-0.0857611,-0.0932092,0.0100908,0.0744163,-0.032422,-0.132659,0.0210396,0.0185587,0.0866825,0.0584006,0.137528,-0.145006,0.134305,0.0049431,-0.0694819,-0.00847443,0.038248,0.0402378,0.145471,2.41162e-05,0.00705078,0.167101,-0.00103093,-0.12292,0.0272506,-0.0332058,-0.00963403,-0.0119858,-0.0340321,-0.0690124,-0.137676,0.0247606,0.0111096,-0.0952218,-0.165179,-0.0511012,-0.0825031,0.00489059,0.0132139,-0.0151272,0.0563419,-0.11045,0.0415402,-0.0193293,-0.0246066,0.11003,0.0869959,-0.00650997,-0.0133444,-0.00246344,0.0750374,-0.190015,0.000562977,0.0249098,-0.0197973,0.125685,-0.0753037,-0.149422,0.0667388,0.17318,0.146643,0.107027,-0.108611,0.104342,0.0435121,-0.0521375,-0.0568952,0.201497,-0.0476029,0.0930969,0.00613946,-0.0151289,-0.22418,0.0801574,-0.0786072,-0.146874,0.156756,-0.0967818,-0.0631357,0.0234434,0.0362513,-0.0669561,-0.151403,-0.0492488,0.0656187,0.100816,-0.0231075,-0.166088,-0.105743,-0.0251702,0.0784062,-0.0810515,0.0194843,-0.106255,0.0793345,0.105769,-0.21605,0.0593535,-0.0599112,-0.107375,-0.104914,0.115359,0.021993,0.112135,0.0940443,0.0142433,0.0652284,-0.198104,-0.0713938,-0.116326,0.038947,0.065669,0.0685602,0.0689855,-0.099012,0.169381,-0.119406,-0.141696,0.0339305,0.0296696,-0.0929873,-0.00403466,-0.0687027,-0.024122,0.0423935,-0.0323807,-0.0679401,-0.0889217,-0.0494124,0.0838432,-0.0691136,0.0850593,-0.129027,-0.104586,-0.0876094,-0.0632206,0.00800579,-0.116723,0.100797,-0.0471627,-0.00643776,-0.0408637,-0.126105,-0.0336055,-0.0348774,-0.000283936,-0.125194,-0.0363033,-0.0590191,0.0989297,-0.0350888,-0.0770632,0.0842507,-0.090041,0.0609681,0.00494468,0.0251483,0.0276663,-0.159552,-0.225745,0.000631699,-0.055512,0.0171353,-0.220306,0.0438289,-0.0707582,-0.0915077,0.00563254,0.0328972,-0.0900878,-0.0819918,0.11099,
-0.113132,0.0773131,-0.169212,0.0406024,-0.0118247,-0.12434,-0.0561767,-0.229717,0.0897001,0.0355217,-0.175627,0.136153,0.113062,-0.0632575,0.0940455,-0.0362409,-0.0322199,0.0240709,0.00103942,-0.0491004,0.127539,-0.0692613,-0.158208,0.186702,-0.0602109,0.023902,-0.1354,0.0557069,0.164093,0.0125592,0.00356845,0.0776977,-0.0180883,0.159563,-0.0471289,-0.0436035,-0.154047,0.0111464,0.193948,-0.0607642,-0.0462296,0.0696803,0.0874076,0.154765,-0.23846,-0.20236,-0.0630432,-0.194723,-0.0575456,-0.0347354,0.415072,0.224956,-0.0153886,-0.0772755,0.0403874,0.0616351,-0.0149322,-0.000111096,0.105169,-0.0309674,0.028842,-0.0192257,0.0268161,-0.0398548,0.0279747,-0.185493,0.15361,-0.0931211,-0.145446,0.0161408,-0.105282,-0.0209832,-0.0173256,0.00637479,-0.135951,-0.0383962,-0.168835,0.0289024,0.0629596,-0.0426313,0.0133472,0.16054,0.000129295,0.163218,-0.108535,-0.0398945,-0.168633,-0.109091,0.109928,-0.0267055,0.0099515,0.0203716,-0.082761,0.17962,-0.0901562,0.0774744,-0.0968406,-0.0155234,-0.144697,0.137345,-0.0243548,-0.0218666,-0.224808,0.0527856,-0.0196048,-0.0145118,0.147446,-0.0888345,0.189727,-0.0795495,-0.0210371,-0.0408211,-0.101833,0.00508608,-0.109843,0.0847668,0.000792502,0.125058,0.0675745,0.0780854,0.186994,0.0693529,0.0543212,-0.08232,-0.176837,-0.0342391,-0.0173808,0.00410458,0.0348967,0.054471,-0.0782594,0.0173398,0.0308912,-0.056595,-0.0580403,0.0560541,-0.104399,0.105428,0.0378742,0.0597784,-0.0114959,0.187508,-0.095242,0.0713521,0.00188766,-0.063782,-0.0833145,-0.173141,0.104642,-0.169815,0.0797434,0.00922009,0.168213,-0.10009,0.0879612,-0.149689,0.102306,-0.116812,0.038634,-0.121092,-0.0381223,-0.0726637,0.0858744,-0.0761048,0.0989062,0.164827,0.0388183,0.271447,-0.148828,-0.0155307,-0.0632008,-0.206404,0.0184074,-0.0375505,-0.0928529,0.0598454,-0.0691585,0.0113952,-0.133544,0.0902523,-0.219097,-0.0874057,-0.178764,0.067474,-0.0274067,-0.157363,-0.0452927,0.0428469,0.064172,0.147659,0.00149742,0.0097741,0.110143,0.0937316,-0.119909,0.0269375,0.00114077,-0.126545,0.0272379,0.0541722,-0.0709542,0.0991075,-0.259346,-0.0158016,0.048847,0.0680064,0.13651,-0.0240517,0.0102601,0.0902423,-0.074738,-0.0627121,-0.155366,0.0702491,-0.0641326,0.0972407,-0.176512,-0.0619284,-0.109545,-0.0171424,0.00277949,-0.0734002,0.0308054,0.0268318,-0.0205343,0.0570146,0.00682796,-0.281136,-0.0306679,-0.124295,-0.0581675,0.054774,0.0630751,-0.0939485,-0.0217047,0.0377283,-0.10412,-0.0828963,0.0894277,0.121494,0.122021,0.158683,0.0502909,0.050888,0.0819644,-0.0428162,0.0815012,0.0274309,-0.127318,0.108562,0.0573943,-0.0780035,0.098349,0.0495191,-0.021012,0.0106799,
-0.189425,-0.0086519,0.0396194,-0.129339,0.043489,0.0776611,0.0194871,0.0286673,-0.0429752,-0.0842766,-0.0587079,-0.0168055,0.0473806,0.0295264,-0.0396706,0.0828514,0.0318184,-0.162153,-0.0406078,-0.00835302,-0.023091,-0.0447752,-0.0758955,0.0156991,-0.118739,0.0535653,-0.0762493,0.0540955,-0.01313,0.0845662,0.15288,0.0736504,0.126492,0.0357293,-0.112228,-0.0539985,0.0913634,-0.100253,0.0260198,-0.0939219,-0.128867,0.00509255,0.0393884,0.0541734,-0.010875,-0.0933492,0.0891126,-0.0401314,0.0662817,-0.0157112,-0.116003,-0.0772984,0.123796,-0.0921009,0.0294257,-0.0507291,-0.149801,0.141164,0.013297,0.0315826,0.225835,-0.00140878,-0.0153491,0.0326346,0.0446643,0.0548758,0.0434545,-0.0458505,0.104693,0.0335278,0.0649571,-0.237484,0.014435,-0.00486395,-0.0618657,-0.0776444,-0.0112509,0.20177,-0.064376,0.114744,0.0363752,0.044447,-0.0369318,-0.164366,-0.0563554,0.147798,0.0165134,-0.0405361,0.0882293,0.0817092,-0.0055157,0.043214,-0.0594614,-0.121044,-0.0996946,-0.116295,-0.096957,0.227399,-0.0534113,0.0439029,0.0570536,-0.032555,-0.0185422,-0.064602,-0.136242,0.0929601,0.213885,-0.123419,-0.154352,0.00251838,-0.127193,-0.0848394,0.00205014,-0.0341192,0.152419,-0.0423998,0.0761813,-0.0994437,-0.0169804,0.166456,0.142143,-0.0507528,0.0126711,0.102885,-0.113437,-0.0640038,0.0887907,0.0608865,-0.0459552,-0.0594088,0.0473998,0.0249339,-0.0630455,-0.0196836,0.111137,-0.0265281,-0.0569862,0.00167183,-0.0278801,-0.149858,-0.0225724,0.0538786,-0.0147518,-0.0687962,-0.080497,-0.00209623,0.0780545,-0.046362,0.0515982,-0.188394,0.00560948,-0.135758,-0.0788751,-0.10811,-0.0244798,-0.0487543,0.00872601,-0.0699196,0.120426,-0.0270399,0.090728,-0.016644,0.0975771,-0.0662702,-0.153181,-0.145351,0.0411722,-0.0151422,0.029637,-0.192124,0.029227,-0.083303,0.0822696,-0.0544662,0.0559423,0.129026,-0.0763273,0.0642857,-0.0659296,-0.106887,-0.0238355,0.0785892,0.123297,0.00502972,-0.0960912,0.024174,-0.0669644,-0.104522,0.152913,0.0947378,-0.0794705,-0.104348,0.0412063,-0.0695196,-0.0572879,0.0117899,0.0627087,0.0650277,0.0815343,-0.116518,0.0552882,0.0533267,-0.0590485,0.216962,0.0372459,0.0594269,-0.160762,0.0101607,0.0159715,-0.0584265,0.119987,-0.0579548,-0.0515708,0.022386,-0.0489316,0.0281348,-0.0445156,-0.020514,0.0930361,-0.0373096,0.0683775,-0.0213924,-0.138818,0.0380218,-0.0535126,0.0380682,-0.0570195,-0.0661507,0.0435716,0.0252084,0.0041365,0.115535,0.0297397,-0.112055,0.0510617,0.0743304,0.124654,-0.180057,0.173817,0.201489,0.101591,0.14376,0.0419382,-0.0882547,-0.00442145,0.00376329,-0.00436133,-0.134686,-0.21101,0.0229741,0.0585192,-0.0270123,-0.170317,0.092419,-0.0195146,0.00960095,
0.058048,0.0200207,0.0561867,-0.0411177,0.0856126,-0.0428513,-0.0492044,-0.106413,-0.233169,-0.00284102,-0.0102237,0.054457,0.0179201,-0.126601,-0.0281774,0.029851,0.0521645,-0.0759237,-0.0254993,0.00257229,-0.0913526,-0.0869556,0.120872,0.010718,0.108543,-0.090489,-0.147394,-0.0274482,0.0794678,-0.107704,-0.0391821,-0.0151138,0.0870167,0.101088,0.057611,-0.00781136,-0.0421934,-0.136893,-0.0797745,0.0786787,-0.0539713,-0.0647496,0.0913888,0.0226755,0.253635,-0.132064,-0.23285,0.121536,-0.0163185,-0.129253,-0.0488817,0.0750605,-0.014751,-0.157737,-0.0460297,-0.0505289,0.00669339,0.0856671,-0.112893,0.00352802,-0.0060375,0.0916979,-0.0226447,-0.0136143,0.0568682,0.0255321,0.0201443,0.0344547,0.0343307,-0.162355,0.079563,0.0548598,-0.0341683,0.0301527,-0.100046,0.00342796,-0.0581561,0.0693506,0.18659,0.0424087,0.162898,0.0343741,-0.0413763,-0.0090056,-0.0434481,-0.00376911,0.0548964,-0.0703224,-0.13437,0.0311646,-0.04405,-0.000332255,0.000723962,0.0589191,-0.030066,-0.0236454,0.0157763,0.0751164,0.0992956,-0.10532,-0.0739769,-0.124615,-0.0117604,0.0156243,-0.120014,0.0673827,-0.00898131,0.104472,0.048917,-0.17581,-0.0188888,0.0181809,-0.0151178,-0.0550082,-0.00803275,0.1261,-0.0891552,-0.107479,-0.0293494,0.0755507,-0.0232099,-0.0592586,-0.127896,-0.0218211,-0.0621049,0.156787,-0.118368,-0.0245282,0.0506624,0.0174918,0.0379201,-0.0703619,-0.00804635,0.0686543,-0.174765,0.0734499,0.0630651,-0.00153137,-0.190431,-0.0277288,-0.12435,0.0862219,-0.0901651,0.0856361,-0.135018,0.0951854,0.0436856,-0.0868088,-0.017977,-0.0281237,0.00112274,-0.00417554,-0.0940218,0.0571438,-0.0117497,0.0708482,-0.0779416,-0.0991583,-0.09852,0.101086,-0.0594001,-0.0788915,0.0693804,0.0540756,-0.075947,0.0740034,-0.0508486,0.0154537,-0.0721125,-0.093981,0.0857115,0.0552046,-0.145061,-0.123876,0.00923783,-0.101782,-0.0248462,0.038805,-0.0376666,0.0345358,-0.0391008,-0.0408522,0.110843,0.0618232,0.0547359,0.116112,0.0444439,0.0664021,0.0102411,-0.130768,-0.0925115,-0.0704265,-0.0923922,0.0142204,-0.142927,-0.031758,0.0361105,-0.0176426,0.0112475,0.0643527,-0.00830959,0.0473392,-0.0786092,-0.145695,0.0406465,0.0260951,-0.0289461,-0.113034,0.00345747,-0.0309102,0.0263751,0.124643,0.0404105,-0.0618408,-0.109615,0.0345249,-0.0886463,-0.142349,-0.0306917,0.0336965,0.0476862,-0.0532701,0.035815,-0.0169454,0.0615164,0.070058,0.0509762,0.210141,-0.0267804,-0.0885381,-0.10849,-0.10462,-0.0100293,-0.0760369,-0.17952,-0.0345636,-0.0620099,-0.079308,0.0183485,0.0339619,0.249258,-0.0237117,0.121912,-0.103399,0.0435684,0.13223,-0.0224825,-0.0116364,0.0618659,-0.0507874,0.155341,-0.0149279,0.129016,0.175498,0.122047,-0.145586,
0.10201,0.105337,0.101012,-0.147319,0.0355873,-0.0348362,-0.140024,-0.0473902,0.0569289,-0.122262,-0.0981975,0.0251137,0.0679659,0.0401132,-0.17807,-0.162771,-0.160984,-0.0589703,0.0255971,-0.0683396,-0.0860358,-0.0189138,-0.0873239,0.084795,-0.087758,-0.162552,0.0500652,-0.0340656,-0.033934,-0.0721278,-0.0396336,-0.0387338,0.198077,-0.0308821,0.0351681,0.0382241,-0.238298,0.0427193,0.0232975,0.0134265,-0.0256955,-0.110884,0.0926253,-0.0440286,-0.00359803,-0.0479408,-0.118082,-0.029871,0.142207,-0.0703371,0.0938518,0.0897119,0.0363281,0.08792,-0.00124282,-0.0276018,-0.0915925,-0.0638803,-0.0977122,-0.0456239,0.160898,-0.0843599,-0.142069,-0.113699,-0.0272528,0.105845,0.00520018,-0.138671,-0.0324331,0.114905,-0.000902116,-0.0502549,0.0772255,-0.00157073,0.000438417,0.150301,-0.031138,0.126975,-0.0940138,-0.149041,0.0162294,0.0421839,0.0605952,-0.0267823,-0.04816,-0.0319581,-0.0514424,-0.0099777,0.0268801,0.0595442,-0.00702314,0.0716356,0.160522,-0.134255,-0.0351992,0.0657361,0.0654848,0.196703,-0.043919,-0.15388,0.0163824,0.0203362,-0.00716728,-0.0634146,-0.146062,0.0216074,0.123552,-0.077458,0.132397,-0.189177,0.00784892,0.142878,-0.0604926,-0.0804665,0.0319596,0.0643366,-0.106809,0.00455095,-0.0278821,0.14008,0.200277,-0.0227545,0.149997,0.00444635,0.0735264,-0.19952,0.0304546,-0.0760288,-0.0842445,0.044751,-0.0758635,0.0246389,-0.0719946,-0.0128,0.119498,-0.122336,-0.0832712,0.0335133,-0.0669225,0.0801777,0.0448392,0.0434191,-0.000641518,0.0140071,-0.00699997,0.0104727,-0.0054215,-0.120854,0.0332493,-0.116155,-0.0289201,0.0872826,0.0110327,-0.0284003,0.0365109,-0.0447142,0.0678077,-0.000585102,-0.0818359,0.114359,-0.159205,0.0679982,-0.0301509,0.123666,0.0850243,0.116745,0.226313,-0.196803,-0.154059,-0.0364426,-0.00127016,-0.0304816,-0.106961,0.113204,-0.0833906,-0.101441,-0.0670745,0.0692837,0.0731168,0.0132871,0.0674118,0.161961,0.0958031,0.0858092,-0.0516266,-0.129338,0.0669019,-0.00697959,0.0499189,-0.0569995,-0.0992846,0.0568553,0.0399194,-0.191528,0.00714042,0.187518,-0.105499,-0.0230655,0.173109,-0.0632032,-0.00972699,0.106143,0.00048195,-0.0615569,-0.0360839,-0.0603874,0.029158,-0.125453,0.0351426,-0.0718755,0.0706991,-0.00358396,-0.0375768,0.0485042,0.0107998,-0.133531,-0.160576,0.0130735,-0.0403699,-0.226151,-0.0112778,-0.142144,-0.160354,-0.0723486,0.05228,-0.0790057,-0.0148349,0.123425,0.105719,-0.119281,-0.0444775,0.126161,0.0177478,0.101025,0.0720519,0.114284,0.00399797,0.0994842,0.0687244,0.0281149,0.050266,0.0162877,-0.137239,-0.0766537,0.00810285,-0.102034,0.114627,-0.0471696,-0.167916,0.0321082,-0.00542366,-0.0152384,0.0122818,0.00863447,0.0769994,-0.077729,
-0.116525,-0.200993,-0.0592911,0.011486,-0.0686174,-0.00514646,-0.142721,0.000893121,-0.0330677,-0.0422398,0.0450232,0.064932,-0.0419421,-0.0650017,-0.224259,-0.0389369,0.0858612,0.0687482,-0.137822,-0.0682308,-0.0278282,-0.0185059,0.134801,-0.105254,-0.136581,-0.120032,-0.0828696,-0.227113,0.00955171,-0.0466533,-0.0741029,-0.16823,-0.00447388,0.0320365,0.0477006,-0.0644556,-0.0752399,-0.0767598,-0.0547059,0.0753994,-0.0556649,-0.0483306,-0.00609653,0.0685013,-0.0569127,-0.0502003,-0.141493,0.16557,-0.0749336,-0.0349961,0.0484897,-0.20965,-0.0128826,-0.0581877,-0.00631017,-0.0798469,-0.0636183,0.0267157,0.00723972,-0.0683409,0.00177892,0.0753205,0.0515007,-0.192306,-0.0602219,0.0444863,-0.0940279,-0.0114727,-0.0192505,-0.182788,-0.0335442,-0.0816749,-0.0453973,0.225791,0.095732,-0.129191,-0.172271,-0.0560949,0.147567,0.00867006,0.0336688,-0.083454,-0.140109,0.018581,-0.100892,0.00102069,0.154379,-0.0117532,-0.00485099,-0.113633,0.0199148,-0.00900429,0.0548295,-0.0381194,-0.10312,0.00961153,-0.105331,-0.144485,0.028618,0.239385,-0.0176129,-0.10321,0.0491792,-0.0524589,0.0533936,0.147845,-0.17177,-0.165075,-0.0970654,0.107814,0.175469,-0.00559525,-0.0299088,0.0877496,-0.0532833,-0.000680647,0.0664888,0.137616,-0.0515638,-0.0651361,-0.261806,-0.0800884,-0.0320375,-0.079756,-0.00169807,0.0327982,-0.0812689,0.0623785,-0.0452125,0.123286,-0.0307306,0.0876729,0.0549004,-0.110229,-0.00110055,-0.111101,-0.0292105,-0.141884,-0.0314916,0.0138719,-0.0191817,-0.0856854,-0.200548,-0.107763,0.174196,0.113281,0.0180329,-0.0112079,0.0236487,0.0494591,0.191915,0.0363696,-0.209789,0.0499886,-0.184008,-0.0632716,-0.103236,-0.0478408,-0.0410387,0.0211541,-0.0604505,-0.0921511,0.187255,-0.0633453,-0.0534847,-0.0907884,0.111019,0.109825,-0.0376025,0.160398,-0.0167592,0.105287,0.0138536,0.207686,0.102824,-0.0949521,-0.199355,-0.112522,-0.0815257,-0.025443,-0.260196,-0.243964,-0.0548546,-0.0501877,0.0987569,0.0253927,0.0971347,0.0287655,-0.059951,0.0161661,-0.0570494,-0.0234397,-0.0291972,-0.0277421,0.0519501,-0.101507,0.0496465,-0.0503528,0.0715215,-0.191864,0.234701,-0.0840398,-0.00263127,0.104513,-0.139195,0.0954554,-0.002652,0.111409,0.238148,-0.144312,-0.0406759,-0.163234,-0.00333287,-0.0522271,0.0150812,-0.240166,0.0283951,0.0559431,-0.152527,0.0783748,0.000603706,-0.034973,0.0415358,-0.160469,0.00678813,-0.0258667,0.0609878,0.0626218,-0.143278,-0.0235392,-0.0327992,0.0888856,-0.113539,-0.244405,0.021091,0.07936,-0.105162,-0.0614528,0.123161,-0.0692271,-0.104272,-0.160315,-0.0549013,0.037548,-0.00771632,0.12013,-0.0245689,0.0681778,-0.0494844,0.00263316,-0.0914047,-0.0307309,0.113715,0.0765469,0.0279448,-0.0950748,
-0.0602088,-0.0125063,-0.148386,-0.000575893,0.179694,0.0627233,-0.0943982,0.0547979,-0.00632229,0.005427,0.111951,-0.0872795,0.110524,-0.138585,0.0214749,-0.021377,-0.0849647,-0.0461134,-0.170579,-0.094535,0.0218452,0.00292584,-0.00831172,0.0373149,-0.0459869,-0.0459295,-0.060661,-0.0161972,-0.00577236,0.053258,-0.0372878,0.233554,-0.0267808,0.060937,-0.115361,0.1737,0.150221,0.14496,-0.123041,-0.0383108,0.0868927,0.0700093,0.150382,0.00261221,-0.0347604,-0.0860702,-0.0814009,-0.140847,0.109019,-0.0328319,-0.0026989,-0.133454,-0.0319775,0.134648,0.0665146,0.0143468,0.0393312,0.0244108,-0.0745472,-0.0174039,-0.0976534,0.0324283,0.0996334,-0.090509,0.0616329,0.0134428,0.124591,-0.179095,0.0112457,0.00662922,-0.217049,0.26121,-0.0735966,-0.00427471,0.0535368,0.0358124,-0.203346,-0.0201499,-0.112809,-0.00855327,0.0386318,0.0212874,0.00902636,0.127227,-0.0153288,0.128274,-0.0262357,-0.0329536,0.00429549,-0.107443,-0.0775524,0.025003,-0.0112192,0.0327521,0.0664832,0.0876548,-0.0882668,-0.0830339,-0.0924382,0.021355,-0.148818,-0.048257,-0.0481998,-0.0771726,0.0643947,-0.0463018,-0.00909776,0.119559,-0.000139637,-0.104022,-0.0492954,-0.126178,-0.0497741,0.00770881,-0.0439933,0.0204268,-0.111536,0.0104083,0.0855621,-0.12459,0.0733978,-0.0918931,0.0107211,-0.0867881,-0.0405752,0.0637915,-0.00182305,-0.0853984,-0.0390894,-0.101738,0.111388,0.180289,0.0780216,-0.0170496,0.113262,-0.154813,-0.0202545,-0.0185315,0.186996,-0.0528214,0.114632,-0.0247692,-0.159544,0.0467094,-0.124402,-0.0726098,0.0227136,0.0328585,0.211414,-0.0838054,0.0747409,-0.0735215,-0.0893389,-0.0557698,0.06693,0.0587389,0.103731,-0.05332,0.00248825,0.0220801,0.0802656,0.00704717,0.0438119,-0.0898229,-0.0200966,0.111862,-0.0983248,0.0517355,0.149243,-0.175017,0.070182,-0.191937,0.0243059,-0.0249846,-0.169837,-0.0091351,-0.0677426,0.155883,-0.140909,0.024154,-0.0172896,0.0763424,0.101132,-0.0903343,-0.0551324,0.074385,-0.143144,-0.134591,-0.113516,-0.122783,0.0154233,-0.0169348,-0.0401473,0.0245891,0.0246427,0.0761103,-0.0665641,-0.0341496,-0.103245,0.186289,-0.0906745,-0.0856194,-0.0914331,-0.0274478,0.0172602,-0.0733808,-0.153244,-0.180508,-0.0864142,0.018886,-0.0539393,-0.17455,0.0311015,0.0385075,-0.0614262,0.102958,0.108132,-0.0409845,0.0837928,0.166812,-0.135789,0.0152034,0.300542,0.052745,-0.069394,0.0497245,0.122948,-0.109062,-0.254015,0.0137912,0.0182836,-0.00621347,-0.000859004,0.0209336,0.0227606,0.105686,-0.102595,-0.0492082,0.0123369,-0.026583,0.0980811,0.0651634,-0.0649241,0.0111898,0.164552,-0.0643387,-0.0894542,-0.128883,0.0231705,-0.123011,0.159892,-0.0406773,0.0199253,-0.144333,-0.0653146,-0.158026,
0.00675004,-0.066245,0.0168859,-0.0894075,0.0501872,0.0264177,-0.0993439,-0.0614345,0.0601405,-0.0796266,-0.0528176,0.124302,-0.00289165,-0.00957723,-0.0148004,-0.112207,-0.0899464,0.0703397,-0.0917982,0.170193,0.085493,-0.191533,-0.000659572,0.0201691,0.0450121,-0.0753049,0.0506282,-0.0690569,0.00504958,-0.0847983,-0.201915,-0.19503,-0.0739507,-0.0660233,-0.065301,-0.0590818,0.0162305,0.141639,-0.0368179,0.0493668,0.0494646,-0.124994,-0.11698,0.0744058,0.0385195,-0.0257804,-0.136047,0.0785188,0.106437,0.00291206,0.0788555,-0.0175617,0.137716,-0.0206636,0.115326,0.0303669,-0.204896,-0.00828448,-0.0783232,-0.0469903,0.0949516,0.0690093,-0.199707,-0.0343403,-0.0142127,-0.0506861,0.116555,-0.0644232,-0.143369,-0.0810156,-0.223451,-0.0808034,-0.121189,0.271287,0.100321,0.0103317,0.12916,0.0662022,0.0847402,-0.0638313,-0.232329,-0.13648,0.0237528,0.0858799,0.0289315,0.0659984,-0.0311572,0.0711167,0.114951,0.0459106,-0.166576,-0.0551872,-0.16707,-0.136174,0.0806853,0.0349288,-0.105389,-0.118017,0.0283397,0.108671,0.141278,-0.234785,-0.0945403,-0.0792872,0.0603209,0.118143,0.0600081,0.0111244,0.000978597,0.0244249,-0.0597794,-0.00227819,-0.148372,0.0406956,0.0591287,0.00776176,-0.0275474,0.111538,-0.0314351,0.083263,-0.12035,0.0742637,-0.0435051,-0.112137,-0.0190937,-0.0434935,-0.0526873,-0.00826452,-0.0722507,0.159282,0.108921,0.0558587,-0.0433368,-0.237541,0.0971993,-0.00427671,-0.0305624,-0.10274,-0.0594717,-0.15141,-0.0631602,0.0210397,-0.105072,-0.0381469,-0.0527802,0.125378,-0.0542705,0.115674,0.0451933,-0.10856,-0.0444782,-0.0397026,-0.01493,0.0629397,-0.0959439,-0.126109,-0.00171267,0.10844,0.0375591,0.0368397,-0.00447429,-0.102905,0.0611869,0.086789,-0.21864,-0.00116134,-0.0490019,0.0298857,0.024308,-0.165423,0.0229214,-0.0177217,-0.0280542,0.137916,-0.100467,0.0393016,-0.042886,-0.192029,-0.108387,0.0688557,-0.00311302,-0.0207056,-0.0184144,-0.176478,-0.0112637,0.0801846,0.0847317,0.0914325,0.0700247,0.055494,-0.0715746,-0.18475,-0.0462543,0.0360413,0.046666,-0.0853544,0.0544991,0.0158265,-0.0296919,0.000477432,-0.152554,-0.110249,-0.0785509,-0.0502168,-0.0645976,0.0108061,-0.0155309,0.0332299,-0.0628118,-0.148514,-0.0986912,-0.132435,0.0989425,0.00637725,0.0136467,0.168841,-0.0867023,-0.0142158,0.0672687,-0.051411,-0.0854313,-0.0280256,0.0112635,0.0357941,-0.0881721,0.0680467,0.0212656,-0.0293957,0.00717963,-0.0877829,-0.0312932,-0.110124,-0.0394331,-0.0739575,-0.234921,-0.0825652,0.00572981,-0.0715233,0.0508126,-0.112293,-0.112887,-0.127751,-0.0895976,0.0389956,-0.0643104,0.0262799,0.133293,-0.199405,-0.119756,0.125398,0.00635724,-0.0551849,0.029219,-0.111145,-0.00956141,-0.0398198,
0.0415219,-0.06244,-0.0660758,0.0625329,0.12514,0.136225,0.0178761,-0.0631127,-0.0461852,-0.0421253,-0.0459804,-0.0112506,-0.0216314,0.153899,0.0781895,0.0308003,0.144463,0.0682206,-0.0203663,0.0255704,0.0936307,-0.00378575,0.078383,0.0184454,-0.0793159,-0.0634961,-0.0812486,0.0367432,-0.110217,-0.199944,0.0238192,0.0340143,-0.0903646,0.0448701,-0.036891,-0.14309,-0.11932,-0.0889834,0.0863217,-0.134552,0.100131,-0.189599,-0.120082,0.0437562,-0.0146004,0.0112489,-0.166226,0.0113052,-0.0632834,-0.0389055,0.00373365,0.169052,-0.0591217,0.0286419,0.00714825,0.132717,0.125934,-0.0274461,0.0999484,0.0255645,-0.0234398,0.00048457,-0.0462254,-0.0633054,0.0603255,-0.0808382,0.15201,0.00169611,0.00111987,-0.198403,0.111779,0.15246,-0.00723582,-0.168215,-0.117755,0.199847,-0.0596474,0.0626053,0.167049,-0.018766,0.0251572,0.109713,0.206678,-0.098751,-0.0186214,-0.0816761,0.00894264,-0.135936,0.0664107,-0.0803094,-0.0817457,-0.0341722,0.0817675,-0.156565,0.00505845,0.0103553,0.0304215,-0.171388,0.0907671,-0.00701267,-0.11883,0.00405353,-0.0364265,-0.0821879,0.0133253,-0.0235938,-0.0831778,-0.0122318,0.0209568,-0.0770841,0.0379349,0.128859,0.0754402,-0.129058,0.190283,0.0276994,-0.0423471,-0.0578815,-0.0110185,-0.0506491,-0.0644563,-0.010982,0.0530713,-0.0557943,-0.0567206,0.0479283,-0.10199,0.0351282,0.00915323,-0.018362,0.0858285,-0.00982642,0.0219719,0.0465504,0.0427162,-0.176245,0.167132,-0.0676678,-0.0411499,0.001328,0.0362613,0.141767,0.0953392,0.117893,0.053043,0.0026636,0.0829564,0.167313,-0.00438395,-0.0303829,0.0189173,0.219435,-0.0831026,-0.0414257,0.0856604,-0.0719504,-0.122716,-0.117876,0.03122,0.0439267,-0.0706403,0.0588429,-0.0293559,-0.0421782,-0.212697,-0.0196833,0.00772957,0.0221065,-0.136988,0.041483,0.0403546,-0.127683,-0.0833409,-0.0178248,0.0777692,0.0733473,0.125748,-0.0224191,0.0202284,0.0945942,-0.00579297,-0.0834681,-0.0412287,0.0729456,0.0653398,-0.0561445,0.0306356,0.0743391,0.0970482,0.0905838,0.00226491,0.092089,-0.208551,0.00631474,-0.0606209,-0.0290487,0.0820385,-0.106295,0.0190055,0.0357324,-0.0116465,-0.0240489,-0.0171992,-0.152095,0.0173256,-0.0106949,0.0413243,0.0101183,0.0963268,-0.00234235,0.0138432,-0.0541928,-0.0231047,-0.041584,0.0364187,-0.101456,-0.120053,-0.0246746,-0.010945,-0.0850166,-0.0785025,0.00245087,0.0948972,0.0587206,-0.111436,0.056314,0.0590377,-0.0600926,-0.0611003,-0.00344726,0.0630362,-0.0251713,-0.0578193,-0.150646,0.109412,0.124818,-0.0187237,-0.0111189,-0.0200154,-0.111512,0.0759212,-0.0937085,-0.0619883,-0.043236,-0.0353997,0.0100017,0.164367,0.096486,0.133499,-0.0869949,-0.228337,0.0948006,0.0218911,0.120802,-0.015835,0.0429436,
-0.0880515,-0.0947381,0.092304,-0.0554712,0.0902659,-0.0711784,0.105761,-0.176185,-0.149706,0.042008,0.01834,0.0357968,-0.00323785,-0.00644661,-0.0474419,-0.0110736,-0.0858226,0.119087,-0.0513259,-0.165072,-0.0689129,0.0174805,0.0202512,0.00444996,-0.116731,0.135573,-0.149902,-0.118226,0.0221193,-0.135112,-0.14846,0.0218848,-0.159314,-0.0971626,-0.149427,-0.140944,-0.0240083,-0.0152702,0.0453814,0.0278872,0.0105701,-0.105602,-0.00375092,0.0366357,-0.112605,0.104266,-0.0619747,0.106734,-0.0438886,0.0639591,-0.108446,0.136389,-0.0879307,-0.0488817,-0.166174,-0.119329,0.0317176,0.0244147,0.0011667,-0.157033,-0.00569208,-0.0687333,0.0312436,0.125063,-0.122381,-0.0720291,-0.0472018,0.0867497,-0.121228,0.147715,-0.0660155,0.0860527,0.00586572,0.0373492,-0.161567,-0.0618597,0.0151782,0.000615581,-0.00515044,-0.0152339,0.0659928,-0.0771597,0.0355184,-0.095679,0.012255,0.0478794,0.0191407,0.0192241,0.0368574,-0.0375148,0.135145,0.159654,0.073369,0.109453,-0.0244368,-0.00602872,0.0937825,-0.105183,-0.0443152,-0.0336881,-0.0331104,0.0886544,0.0203006,-0.00565351,-0.0658714,-0.0896813,0.0555076,-0.119533,0.0323991,-0.0660111,-0.0632728,-0.0295766,0.0295843,0.042155,-0.0515384,0.11514,-0.153766,-0.12314,0.0401308,0.102974,-0.0552626,-0.0584978,0.115956,0.0204842,-0.138824,0.0669191,-0.0528186,-0.0861735,-0.0349239,-0.0983035,-0.00144302,-0.0374712,-0.174413,0.105342,-0.0115937,-0.0451898,0.0470052,0.10341,0.00533118,-0.0497522,0.00550604,-0.0336671,0.0730635,-0.104682,-0.116347,-0.0352956,0.0278385,-0.0351416,-0.0749445,0.142459,-0.152894,0.199614,-0.072177,-0.0429583,0.0951463,-0.00625163,-0.0852846,0.131565,-0.00027446,0.0385984,-0.0557789,0.10396,0.109332,-0.115311,0.0413609,-0.00696611,-0.0209179,0.0264481,-0.0671669,-0.209918,-0.178234,0.0147251,-0.0395574,0.0095608,0.0766026,0.0822263,-0.101403,-0.140217,-0.0423728,-0.0284761,0.0752261,-0.0564439,-0.0250525,0.0617895,0.0372454,-0.0564542,-0.0522872,-0.174893,0.147793,-0.118903,0.00834026,-0.0774803,-0.0381236,0.0144287,0.0824967,-0.0630702,-0.0613268,-0.067407,0.00881092,-0.0359914,0.0551504,-0.226723,0.0591232,-0.168826,-0.0141676,0.134662,-0.15756,-0.0577769,-0.113928,-0.0946979,-0.043075,0.0559921,-0.112245,0.0358943,-0.0444306,-0.141153,-0.0909502,0.0268552,-0.0521795,0.214458,0.144881,-0.012733,0.02728,-0.0168456,0.0746002,0.0614456,-0.0288935,-0.077633,-0.0120878,0.193961,-0.0225791,-0.0727016,0.0789859,-0.0270212,0.0274312,-0.0830915,-0.211835,-0.0717007,0.00477729,-0.049628,-0.0780987,-0.0656379,-0.06733,0.00334923,-0.000704574,-0.0352808,-0.0986447,0.184743,-0.130566,-0.112498,-0.0951631,0.0388901,0.0286809,-0.0967668,-0.181096,-0.0514445,
0.113165,-0.121801,0.0394316,0.0361405,0.0549784,-0.03854,-0.1467,-0.0293225,-0.0666677,-0.0941922,0.0621613,-0.0249831,-0.0502893,0.130577,0.10278,-0.0346762,0.064665,-0.058638,-0.0183028,0.0436922,-0.0305715,-0.0253066,-0.0657406,-0.112957,0.0350543,0.134439,-0.0966382,-0.151343,-0.165964,0.100189,0.0536329,-0.0519769,-0.0935822,0.171875,0.0163845,-0.0743699,-0.0559563,-0.0933659,-0.10946,-0.022851,-0.0894743,0.0971391,-0.0114398,-0.179512,-0.0710433,-0.015988,-0.123738,-0.0911311,0.0120472,0.0041607,0.110328,-0.179234,-0.00491449,0.0412328,-0.0997002,0.118412,-0.100267,-0.00265134,0.123603,-0.094523,0.010976,-0.126888,0.132899,0.0110411,-0.0391164,0.00206822,-0.0768582,0.0512949,-0.127449,-0.0485921,-0.017326,0.0074911,-0.0198581,-0.0638681,-0.0593131,-0.0190884,-0.0219322,-0.0539688,-0.0462797,-0.0430435,0.0144511,-0.0286564,0.131865,0.0511734,0.0603534,-0.0465682,0.00966099,-0.0387767,-0.177697,-0.019089,0.0250587,0.0403857,-0.00124456,-0.0471372,0.0143546,0.0394544,0.0267932,-0.0833835,-0.0648526,0.0353355,0.0518332,-0.00494339,0.0287516,0.142603,-0.0083759,-0.0312459,-0.0508272,0.118335,-0.184534,-0.0439306,-0.0689046,-0.111516,-0.018029,-0.0556413,-0.00268754,-0.0621231,-0.0305201,0.0253457,0.0256863,0.0264725,0.15141,0.02604,0.109235,-0.0641142,0.0286558,0.0463096,0.00584003,-0.0438228,-0.114177,0.0310913,0.0620509,0.0972816,0.107178,-0.071881,0.0267882,0.0828435,0.0282119,-0.148993,-0.00632182,-0.0826202,-0.00367391,-0.0283387,-0.0435851,-0.0432529,-0.0502428,-0.108941,-0.0543723,0.0553939,-0.0864695,0.0340738,0.0124971,0.18174,0.139737,-0.0236376,0.0273935,-0.0565107,-0.0541827,0.0194071,-0.0917247,-0.0855545,0.0107268,-0.00766442,-0.0839029,-0.0035263,0.0148737,-0.121307,-0.0798835,-0.101651,-0.169678,-0.143952,-0.108501,0.0685578,0.0692148,-0.0673576,0.236391,-0.121498,0.0491086,-0.0523466,0.0453189,0.113811,0.0649669,-0.0145026,0.0289395,-0.024161,0.116146,-0.167219,0.154755,0.0200273,-0.0503374,0.0842203,0.0681082,-0.00657387,0.0103882,-0.0847869,0.163691,0.146033,-0.124934,-0.0331671,-0.155363,-0.0313291,-0.00833043,-0.112224,-0.163637,-0.0307154,-0.0335929,0.102266,-0.187009,-0.0525334,-0.103358,-0.0205354,-0.0975741,-0.138371,-0.152574,0.191147,-0.0564241,0.00303545,-0.0702557,-0.259117,-0.0865671,0.0718663,0.153418,-0.0694809,0.154149,-0.0254462,0.072088,-0.0202838,0.0217398,-0.109045,0.00727348,0.0632743,0.160428,0.0755974,0.010727,-0.0536546,-0.0234043,0.108506,0.166787,-0.11705,-0.120986,0.0754097,-0.0625911,0.077373,0.00448665,0.0039413,0.0428079,0.11813,-0.087762,-0.035485,-0.00374019,-0.0900843,0.0281231,-0.0215482,0.0471657,-0.135743,0.213428,-0.0093856,
0.0316553,0.366668,-0.0601468,-0.0501702,-0.040327,-0.0153453,0.0864166,0.0435595,-0.0479013,-0.0145577,-0.0106439,-0.0742232,-0.0113654,0.0580658,0.142652,-0.0338099,0.0376378,-0.0654201,0.0114561,-0.111715,0.00526457,-0.0221346,-0.164857,0.0708773,-0.0594414,0.0960298,-0.0566883,-0.0208715,-0.102354,-0.13315,-0.0175315,0.125671,0.201852,0.0394831,0.0671589,0.154054,0.0680468,0.105244,-0.0132309,-0.0350392,0.00146994,0.12169,-0.0773073,-0.0153128,-0.167841,-0.129377,-0.114417,0.0141257,0.0148879,-0.205595,0.151896,0.0234751,-0.00986545,0.06943,0.1255,-1.96211e-05,0.137053,0.0913174,-0.0145889,0.0745826,0.013486,0.101053,-0.068149,-0.0262258,0.00881446,0.0288953,-0.00681462,-0.147469,0.0200234,0.0581544,0.0153541,0.167056,0.0496972,0.041387,-0.130295,-0.108411,-0.114182,0.138609,0.0418839,-0.109196,0.102385,-0.117504,0.164648,-0.119256,0.144711,0.0633017,-0.12747,-0.201409,-0.149436,0.0270533,-0.0497981,0.122773,0.0758394,0.0351947,0.113395,0.0559674,0.170025,-0.0596733,-0.0711829,-0.0235276,0.00339468,0.0948942,0.0436582,0.0464411,-0.0682001,-0.292313,0.0502434,-0.110798,0.181032,0.0806475,0.025051,-0.072888,-0.0621792,-0.000868918,-0.127381,0.0151035,-0.0941595,0.028639,0.00019971,0.0274169,0.0650776,-0.0342832,-0.0273031,0.0428463,0.111506,-0.060507,0.148547,0.0514485,-0.0653714,-0.0789547,-0.136317,0.107251,-0.010056,-0.065066,-0.175964,-0.222259,0.0519197,0.0100213,0.25269,0.034034,0.11842,0.26753,-0.0536185,-0.024556,0.00288761,0.237927,0.0057654,0.0490895,0.098136,0.105643,0.119686,0.0271408,-0.0398289,-0.0963071,-0.0602372,0.0691421,0.377756,-0.0151166,-0.079525,-0.140855,0.186756,0.165335,-0.0295764,0.114904,0.090769,-0.106699,-0.0108843,-0.0670825,0.0667484,-0.0605295,0.0121942,-0.0487493,0.113617,-0.118746,-0.0548306,0.250753,-0.0602485,0.25761,0.0893862,0.0433981,0.0284788,-0.0349044,-0.139843,0.0927917,0.0576711,0.0253154,-0.0240931,0.0145842,0.0351071,-0.0389038,-0.159452,-0.101437,0.0426718,0.0147613,-0.0311546,0.0569004,-0.0816221,-0.00564428,-0.164136,0.0916232,0.033162,0.122042,0.0257987,-0.0738631,-0.261181,0.0414405,0.0927909,0.0334154,-0.144561,0.0475694,0.0439842,-0.221523,-0.0866671,-0.0928344,-0.00100575,-0.0017171,0.139819,0.00449532,0.0971147,0.0264549,-0.0504952,-0.0346449,-0.0396568,-0.105324,-0.0656897,0.0327374,0.0585203,-0.0270091,-0.0771585,-0.00410063,0.085743,-0.056735,0.0853181,0.159545,-0.067779,0.138561,-0.100205,-0.156444,-0.147317,-0.0219051,-0.053567,0.293621,-0.00951717,0.134838,-0.0466746,-0.13137,0.0164632,0.0949708,-0.0551824,-0.00072161,0.00161983,0.145798,0.123921,0.0782194,0.0309699,-0.00830434,
0.00855582,-0.0295436,-0.038659,0.0741512,0.114543,-0.0850227,-0.0311894,-0.0574805,0.030791,-0.0936368,-0.0952508,-0.0216428,-0.0855711,-0.0317133,0.0282952,-0.037568,-0.0657617,-0.0492239,0.0483732,-0.0438773,0.173506,0.0572227,-0.0751616,-0.0364068,0.00201852,-0.0732983,-0.0173501,-0.0822701,-0.18245,-0.0761672,-0.104295,0.124714,-0.0406927,-0.100182,-0.103325,0.0892126,0.0952463,0.0431211,0.00876918,0.204136,0.0523076,-0.169425,-0.059679,0.187065,0.0621097,0.102154,0.0495302,0.0608292,0.0511123,-0.0618191,-0.0561368,-0.0478368,-0.0420881,-0.0996461,0.0487132,-0.158644,0.0211868,0.013301,0.100459,-0.144023,0.0921721,0.0805001,0.0740148,-0.0502703,0.0118466,0.0852054,-0.000116454,-0.22755,-0.00493095,0.0610472,0.0195437,-0.101348,-0.0418276,-0.0871732,0.120194,-0.187898,0.0485125,0.0724405,-0.0247418,-0.0066052,-0.0424267,0.110477,0.103833,-0.0788724,-0.0340919,0.106296,-0.221386,-0.0561217,0.037883,0.04432,0.0464933,0.0675584,0.0239767,0.0112872,0.0722129,0.04189,0.00569332,-0.0879219,0.0937523,-0.060229,0.0838828,0.0192958,0.219611,-0.0139015,0.0310984,0.0262123,-0.193592,-0.072064,0.10363,0.127063,0.0552749,-0.0449268,0.0908821,0.0856289,0.014602,-0.0312084,0.0922197,-0.0746249,-0.00504488,-0.126567,0.0131631,0.0672312,0.110355,0.041416,-0.11664,-0.0485454,-0.0704129,0.0609323,-0.0776117,0.0497138,-0.100228,0.0381472,0.26968,0.0239901,0.121166,-0.0612306,0.165574,0.00047968,-0.0907082,0.032225,0.0236952,-0.0242838,-0.0235145,-0.0986421,-0.0600118,0.0459643,0.0249538,0.0863788,-0.218798,0.00140918,-0.0230063,0.0011277,-0.0243365,-0.191864,-0.0443023,-0.085473,-0.0063614,-0.0623917,-0.00182276,-0.00986453,-0.0838269,0.117374,-0.167939,-0.0741746,0.123223,0.205125,0.0200007,0.0964853,0.0898101,-0.119464,0.00301336,-0.0958019,0.0344487,-0.0271298,-0.194268,-0.0754427,0.167553,0.019107,-0.0148033,0.15862,-0.102853,-0.00359122,-0.044281,0.0628057,-0.117716,0.0163572,0.00911134,0.144477,-0.0335861,0.0819228,0.124137,-0.0133219,-0.0645783,-0.119144,-0.00134425,0.060743,-0.000943538,-0.125677,0.0803111,0.158789,0.047064,-0.0194965,-0.0252279,-0.0478399,-0.0558489,0.0242571,-0.103218,-0.154693,0.0831699,-0.152348,0.0375288,0.182547,-0.0238925,0.141584,0.00344708,0.106661,0.148659,0.0358055,0.0558621,-0.066022,0.0770224,-0.0323992,0.0356181,0.0570542,-0.0289365,0.0314117,0.0891549,-0.0893117,-0.0824298,0.0718816,0.0602347,-0.00505657,-0.0984968,-0.0615047,0.00769298,-0.069063,-0.104818,0.0196795,-0.00271475,0.0602145,-0.00126662,0.0684138,-0.198208,0.0132413,-0.0794111,-0.0552348,-0.0469358,-0.0363449,0.125023,-0.145246,0.00751583,-0.0888595,-0.0423074,0.0901781,-0.0172543,0.0646074,
-0.0223841,-0.0718108,0.070868,-0.0766276,-0.143037,0.0959547,0.13624,-0.0557565,-0.0495092,0.0207197,-0.0891008,0.124686,-0.0449789,0.0665606,-0.186306,0.0827157,0.106411,-0.0875932,-0.0173545,0.120248,0.042,-0.00294079,0.0581445,0.00508167,0.0409486,-0.0729634,-0.126801,-0.0879753,0.0905136,-0.000385145,-0.0562533,-0.0231201,0.127209,-0.102381,-0.037174,-0.0204792,0.140074,0.136493,0.0066604,-0.169842,-0.028226,-0.0786407,0.0354119,-0.0653097,-0.0503834,0.0682126,0.101776,-0.124921,0.093037,-0.0030162,-0.0881252,0.0693916,-0.0174217,0.188426,-0.203804,0.0913343,0.106659,-0.0135283,-0.015149,-0.0877867,0.101662,0.0811619,-0.0314902,-0.0651624,0.0444667,-0.188895,0.00612687,-0.0526308,0.0478835,0.0670015,-0.122256,-0.114422,-0.102583,0.0856515,-0.0434236,-0.120816,0.0151772,-0.0747372,-0.14828,0.121862,0.0439623,-0.0851772,0.00393577,0.0289677,-0.132492,-0.0685236,0.0729192,0.0324579,0.13279,0.0413722,-0.0347886,0.0245981,-0.162472,-0.0890726,0.14073,-0.119726,0.0519993,-0.0655606,-0.0391436,0.132524,0.0964136,0.0170548,-0.00226704,-0.103416,-0.105655,-0.0988134,0.0811949,0.0599499,0.000150556,-0.164148,-0.0203306,0.167646,-0.0316645,-0.0777998,-0.0474966,-0.146555,-0.00223048,0.0385139,0.0667247,0.00368185,-0.0665912,0.0954928,0.0656414,0.0390741,-0.0251416,-0.0333454,0.0314249,0.18733,-0.0480039,0.125737,-0.0691149,-0.196512,0.0747521,0.0569271,-0.0307297,-0.0493331,0.14354,-0.104981,0.0146347,-0.113548,0.0394701,-0.0740879,-0.0540543,-0.0966115,0.114028,0.033821,-0.0982858,-0.0807027,-0.221968,-0.0593204,0.0889863,0.0442802,-0.160708,-0.0428987,-0.152486,-0.00894443,0.0595559,-0.0299774,-0.0306839,-0.102735,-0.0274079,-0.0731322,-0.0273705,0.13785,-0.0312085,0.137267,0.0561709,-0.0519777,-0.0665736,-0.159284,0.0763494,-0.108302,-0.0681327,-0.118848,0.101029,-0.0309294,-0.00563368,0.000963394,-0.0551904,-0.0688782,0.12064,-0.0698036,-0.0926017,0.0278064,0.104224,-0.0116707,-0.138716,-0.039936,-0.0296989,0.0393905,0.0374678,-0.0544756,-0.113149,-0.177729,-0.0951806,-0.0756562,0.0330373,-0.0930577,-0.0725858,0.0583905,-0.0606744,-0.00917183,0.0218898,0.041476,-0.0224424,-0.0883207,0.0202753,-0.0416804,0.0221485,-0.00834094,-0.115827,-0.156521,-0.00905523,0.114098,-0.0155083,-0.10009,-0.0784771,0.0591995,-0.144752,-0.0170361,0.0186882,0.0689143,-0.0850403,-0.0992452,-0.0878546,0.0283689,0.0899731,0.059806,0.0292801,0.117587,0.0698043,0.0356941,0.120047,0.00903479,-0.0188293,0.129562,-0.0416116,-0.00260224,0.0611475,-0.0692462,-0.0762841,-0.0345968,0.0670382,0.0034,-0.0401893,0.141769,0.00413386,0.135708,0.0157805,-0.0468817,0.0492677,-0.180522,-0.0301045,0.150354,0.0080616,0.0166974,
-0.00148297,0.0295892,-0.0641852,-0.0156431,-0.0985977,0.040289,-0.0565209,-0.0220426,0.109229,-0.047721,-0.0492756,0.0568544,-0.0494959,0.143555,0.0535286,-0.0996917,0.0735393,-0.13175,-0.0722522,0.0161924,-0.0326075,-0.0334335,0.0233646,-0.17896,0.0948005,0.0980064,-0.0939662,0.0210363,0.0298974,-0.140383,-0.0556285,-0.0262628,-0.192185,0.0456574,0.000895299,-0.0296079,0.0865027,0.00827583,-0.0980192,-0.0295818,0.00517019,-0.10632,-0.064065,0.13427,0.091834,0.0859964,-0.0776616,-0.0634374,-0.100969,0.108855,-0.0594417,0.00225962,0.0708055,-0.0451563,-0.0732711,-0.0605727,-0.0766705,0.12608,0.176923,-0.0766587,0.02227,0.00566845,-0.0561649,-0.00930966,0.0549245,0.0538252,-0.0581037,-0.00260806,-0.0328673,-0.0454167,-0.0279058,-0.0953384,-0.0394211,0.0515231,-0.0406525,-0.0282521,0.0581983,0.0570968,-0.0582857,-0.0717133,-0.0753733,-0.0581018,0.0694135,0.135387,-0.0183903,0.125421,0.0175419,-0.0215786,-0.0981988,0.0114895,-0.13855,-0.007626,-0.0723115,0.014631,0.0501023,-0.133703,0.0150635,-0.119066,-0.031039,0.0748882,-0.0673211,0.0317213,-0.166716,-0.00346129,-0.041734,0.0337383,0.0836437,0.0422157,-0.145437,-0.112673,-0.0839123,0.00145493,0.00625369,0.116319,0.0205763,0.150561,0.0584923,0.104773,-0.0145229,-0.0157414,-0.046034,0.0723267,0.0704288,-0.0466553,0.0439764,0.221973,-0.0340625,0.0675713,-0.0639248,-0.0378682,-0.0258762,0.0951517,-0.0172387,0.125569,-0.171576,-0.0354897,-0.10257,-0.0942407,-0.0758722,0.0429476,-0.0836914,0.0484402,-0.0115438,-0.0899971,0.218102,0.00841452,-0.150415,0.0664865,0.0147047,0.214693,-0.0271269,0.00217334,-0.0100266,-0.0450854,-0.0271592,-0.0171973,-0.0896541,0.0553715,-0.0238721,0.0308417,0.062333,0.0186211,-0.0448147,-0.0977026,-0.0301913,0.00288039,0.228833,-0.122026,-0.0970887,0.0293278,-0.0370327,-0.119725,-0.0251293,-0.00141622,0.0221897,-0.00874876,-0.0539892,0.189318,-0.0414301,0.0109405,0.0428247,-0.172526,-0.0652002,0.0433777,-0.0418533,0.00215386,-0.0714515,0.0419666,0.0349474,0.0919344,-0.137899,0.0417735,0.0906612,-0.0579051,-0.0250493,-0.0535076,0.0420231,-0.0502528,0.0715656,0.0304576,-0.0424848,0.0682614,0.00273668,0.0299507,-0.058967,0.0309524,0.0996187,0.0309596,-0.00388943,0.0278001,0.112321,0.101209,-0.0113346,0.0288987,0.0342185,0.0183026,0.0754443,0.0364536,-0.156114,0.046845,0.122652,0.0175088,-0.00612055,-0.0165108,-0.0645428,-0.0926936,0.0521271,-0.0861802,-0.0391127,-0.0386301,-0.00119473,-0.0929105,0.0510567,-0.000327124,-0.0230275,-0.012464,-0.17146,-0.0761275,0.12475,-0.0870403,0.0863642,-0.0450877,0.0154578,-0.141968,0.0432334,-0.0794423,-0.158603,-0.0370763,0.0191302,-0.0084028,-0.113729,0.125219,-0.0585219,-0.0748332,-0.14036,-0.0508253,
0.0378567,0.105979,0.0365402,-0.0523275,-0.00596553,-0.123999,-0.0384871,0.178275,-0.113905,0.124946,0.0558161,0.0618601,-0.0611975,0.00771284,0.109118,0.0048652,-0.126307,-0.00341378,0.0595823,-0.145365,-0.132504,0.0430308,-0.141426,0.0424072,-0.054481,0.0721587,0.0223931,-0.0477012,0.124745,-0.00960136,0.0539655,0.024142,-0.0627526,-0.104855,-0.0667573,-0.12153,-0.0414426,0.127886,-0.0324667,0.0249424,0.0660016,-0.127484,0.0276994,-0.0610739,-0.178544,-0.00948338,-0.0900239,0.117862,-0.064757,-0.159955,-0.0154697,-0.245178,0.02393,0.0793562,-0.0788481,0.0761968,-0.0187318,-0.082684,0.0128201,0.0279637,-0.0135429,-0.157237,-0.0556465,0.114453,0.168071,-0.0893644,-0.0862953,0.0956197,-0.18993,-0.0243805,0.104761,0.0292768,-0.0166749,-0.0609477,0.116376,0.0854204,0.0454046,0.063513,0.00896897,-0.00266693,0.115422,0.0751353,-0.02872,-0.0396751,-0.105266,-0.0464982,0.112885,-0.111452,0.180966,-0.0743154,0.154746,0.00638381,-0.136235,-0.0177512,-0.0347104,-0.0788338,-0.0424311,0.0835897,-0.101694,-0.198514,0.0128213,-0.0498593,0.169809,-0.0268736,-0.0608022,0.0265767,-0.0514095,-0.12221,0.0300314,-0.103041,-0.0534338,-0.0156819,-0.129502,0.0701676,0.00642757,-0.0188983,0.0701699,0.0716123,0.030571,0.0757998,0.01306,-0.00630397,0.0164063,0.0230766,-0.0724718,0.0998328,-3.43174e-05,-0.129776,0.0242676,0.0601293,-0.0469658,0.090367,-0.120873,0.101279,-0.065848,-0.110134,0.0539905,-0.102343,0.0212931,0.0137842,0.129155,-0.0106625,0.0759508,0.194199,0.137942,-0.133717,-0.07465,-0.000660704,-0.0496792,-0.0474005,-0.133771,-0.0444939,-0.0716621,0.019787,-0.278482,0.0314416,0.13252,-0.147573,0.0409821,0.108419,0.103043,0.111069,-0.0478486,0.226948,0.0197318,-0.0132,-0.0153155,0.0273592,-0.0112194,0.0861931,-0.0492009,-0.00856681,-0.0643702,-0.130657,-0.00932182,0.00857983,-0.0902573,-0.0498758,0.0114002,-0.138037,-0.0493544,-0.0707093,0.0347934,0.180494,-0.188477,0.000352402,-0.118901,-0.0947329,0.0177718,0.0594316,0.0516188,-0.136066,0.00485488,0.0436329,0.0109991,0.0592111,0.0356397,-0.07709,-0.205723,0.0219156,0.0764839,-0.0599012,-0.117335,0.105221,0.119444,0.0383079,0.0268417,-0.0174868,0.000123745,0.0979924,-0.0766053,-0.0486398,0.111333,0.0129017,-0.0239331,-0.0509221,-0.154525,-0.0075614,0.0700296,0.0030936,-0.0638938,-0.147894,-0.0284013,-0.101723,-0.0174086,0.0733997,0.0130032,0.0826501,-0.0690377,0.0738082,-0.158013,0.0439859,-0.079604,-0.0895394,0.160924,0.0494603,-0.0310003,0.0364322,-0.213927,0.0151228,0.0904455,-0.00390473,-0.0875232,-0.0841831,0.155906,-0.0303137,-0.0342742,-0.00966151,0.142141,0.0749361,-0.0395287,0.106247,-0.0503477,-0.0531442,-0.0313216,-0.0737333,
0.0981726,0.012841,0.118464,-0.0693372,0.0421423,0.0190115,-0.158216,-0.0483618,0.0247688,0.285984,-0.00851488,0.111404,-0.0607809,-0.0265048,0.0229769,0.179507,0.0783586,-0.0869308,0.10313,0.0915527,0.0149376,0.0347926,0.112468,-0.00901487,-0.00831155,-0.119442,-0.0236935,-0.105407,0.0285052,0.114059,-0.0339814,-0.0262647,0.0462011,0.0122108,-0.0226549,0.0450357,0.046839,0.167525,-0.0456351,0.106284,0.0923444,0.0155547,-0.00695547,-0.171824,-0.0634745,-0.128001,-0.098466,0.106285,0.00954042,0.040075,0.0866728,0.00281334,0.10276,-0.0726883,0.0396061,0.0415013,0.0585394,-0.0417727,-0.0170403,0.0120227,0.0475243,-0.0360969,0.0379583,-0.0659155,0.0312517,-0.165901,-0.0731462,-0.0313566,-0.267096,-0.062273,0.0269786,-0.0412897,0.0192039,0.0274738,-0.115254,-0.0845075,0.0230105,0.0240979,0.107381,0.0466815,0.0545149,0.0120352,-0.0140792,-0.246758,0.0297715,-0.0029645,-0.0173381,-0.0885884,0.0848164,0.0494958,-0.0675165,0.159988,0.0604087,-0.0629106,-0.0915015,0.114972,0.0366234,-0.00721605,0.107631,-0.122786,-0.00692305,-0.141736,-0.0174407,0.0277815,0.0483363,-0.129925,0.137593,-0.0498879,0.0220012,-0.0214636,0.097046,0.112382,-0.0544352,0.0823158,-0.169926,0.074094,-0.44752,-0.0860436,0.0423186,-0.111093,-0.000986362,0.0148545,0.241179,-0.196734,-0.0101418,0.0778174,-0.150569,-0.149663,0.113355,-0.0867974,-0.172875,0.161611,-0.130883,-0.0123575,0.0261468,-0.0174553,-0.0247731,-0.0878603,0.0594785,-0.0446458,-0.202774,-0.133906,-0.0900285,-0.042192,0.098166,-0.036743,-0.0577652,0.0969104,0.140054,0.0281073,-0.11081,-0.0517646,-0.0300054,0.044798,0.0871502,-0.0412211,-0.0935003,-0.0595049,-0.156424,-0.0631785,0.0308785,0.159639,-0.0180635,-0.20543,0.0207491,-0.0438978,0.0523739,0.0340497,-0.0143164,0.0894161,0.040225,0.0417764,-0.0630262,0.0679175,-0.10203,-0.124228,0.0740522,-0.0113711,-0.017169,-0.0434334,-0.0475935,-0.0751186,-0.133986,0.0555053,0.0116939,-0.066109,0.161477,-0.140407,-0.0159359,0.0322075,0.0614486,-0.000979345,-0.104279,0.152592,-0.00648204,0.0977529,-0.0178564,-0.0526377,-0.0204044,0.0199367,0.0030156,-0.0807533,0.0575213,-0.00657347,-0.0887481,-0.0799195,-0.0305118,0.0358848,-0.231244,-0.155861,-0.0586248,-0.13153,0.00815486,-0.0269855,-0.0853121,0.023452,0.131145,0.0863547,0.0317994,-0.135938,0.07191,0.0894008,-0.123555,0.0168552,0.0349118,0.0689956,0.0353656,0.11152,0.00671382,0.0107034,0.024528,0.190934,0.0733824,0.0669799,-0.0821003,-0.0455261,0.0434874,0.0539408,0.0477136,-0.0117222,0.0108724,-0.0182072,0.108759,-0.0408431,0.0187755,0.0110285,0.0248064,0.134081,0.0314147,0.228212,0.0821586,0.121142,-0.0706924,-0.0488672,-0.00317815,-0.053356,
-0.106461,-0.256542,0.0114368,-0.148824,-0.020647,-0.177728,-0.0916783,0.0838589,-0.00924043,-0.0205629,-0.134225,0.361079,-0.0958151,0.0771279,-0.365671,-0.183787,-0.133569,-0.109599,-0.0350396,-0.0207678,0.000612086,-0.206518,-0.0886323,-0.0977217,-0.0162899,-0.162463,0.0664587,-0.056404,-0.0848636,0.100746,-0.256396,-0.261257,-0.273521,-0.138674,-0.0379753,-0.0649419,0.0133901,-0.0930862,-0.0471045,0.116462,-0.0613067,-0.173012,-0.124361,0.12699,-0.136622,-0.0370385,0.0855036,-0.0925017,-0.0220408,-0.0293009,0.147832,-0.2596,0.0437208,-0.0852144,-0.184518,0.0177843,0.164203,-0.13369,0.103967,-0.139394,0.00617798,-0.0568187,-0.206628,-0.0764142,-0.173789,-0.207716,-0.15283,0.0624914,0.0263453,-0.361457,-0.108683,-0.236709,0.0565191,0.0345689,-0.0757676,-0.00317664,0.0482379,-0.114334,-0.0133379,-0.166142,0.00434881,-0.202045,-0.0771264,-0.223178,-0.244335,-0.0191589,0.00669289,-0.0698466,0.165651,-0.00215372,0.0662326,-0.00316702,0.0104461,-0.259305,-0.143315,-0.0796339,-0.0314518,-0.0756039,0.0319403,0.354491,-0.00583001,0.0386746,-0.200834,-0.145514,0.105439,-0.00523682,-0.1929,-0.0212796,-0.0919667,-0.0230931,0.0480323,-0.000373795,-0.172046,0.0916718,-0.0726169,0.0889596,-0.231228,-0.117805,0.00710551,0.169958,-0.226699,0.0296686,-0.0902455,0.0685453,-0.00313868,-0.0423849,-0.0586241,-0.165884,-0.0705793,-0.0738961,-0.00917534,0.159621,-0.100528,-0.0555028,-0.00266377,-0.0153168,0.125777,0.0380087,-0.150754,0.162713,-0.0970278,-0.0107826,-0.0448616,0.0674121,0.169562,0.128343,0.0430988,0.0132106,0.0468544,0.132746,-0.106487,0.176731,-0.051297,0.0608454,0.0279556,-0.165801,-0.304075,-0.164879,-0.0400789,0.026152,-0.00421415,-0.0833781,0.0634682,-0.0757279,-0.102862,-0.0622928,0.0352465,0.0159962,-0.0489873,0.012233,0.0719655,-0.169585,-0.0531338,0.510676,-0.174634,-0.00750755,-0.0571237,-0.0735107,-0.0185119,-0.0587087,-0.0756317,0.00622732,-0.0270109,-0.252688,-0.119144,-0.186417,0.0208737,-0.139627,-0.0328775,-0.167149,-0.0742533,-0.100948,-0.0374118,-0.0681478,0.00182397,-0.0415126,-0.173591,-0.427892,-0.0755787,0.0285163,-0.0539932,-0.0869177,-0.113727,0.0868293,0.0644527,-0.0366986,-0.153695,-0.0980578,0.027386,-0.114179,0.00965744,-0.122518,-0.100835,0.0681277,-0.208768,-0.137226,-0.159816,-0.073561,0.178249,-0.0188275,-0.0385616,0.0255051,0.0713949,-0.0615628,-0.0772917,0.0442373,-0.109127,0.0707179,-0.153724,-0.177274,0.0985247,-0.133297,0.0784982,-0.261052,-0.0125932,0.0017526,0.0126831,-0.118654,0.00236909,0.157803,-0.0115516,-0.120053,-0.00330264,-0.126543,0.0635975,0.300521,0.133665,0.0352681,-0.0798241,-0.0771305,-0.176299,-0.0531684,-0.186552,-0.0443345,-0.131802,-0.145441,
0.11585,-0.0778033,-0.231884,0.05573,0.0160463,0.0265999,0.00132913,0.0144689,-0.105832,0.000332138,0.12807,0.0550505,0.170622,0.0355109,-0.0131883,0.0146561,-0.0310668,0.097216,0.0382344,0.0537144,-0.1378,-0.00753515,-0.00450852,-0.1007,0.00857522,-0.141394,-0.0893637,0.0490092,-0.129557,-0.0229258,0.0274597,0.0432268,0.0238392,0.0096632,-0.146734,0.0405723,0.16511,-0.0354429,-0.00573502,0.0241422,-0.0937963,-0.0711945,0.130958,-0.028666,-0.118222,-0.000775248,0.0463659,0.0534367,0.162243,-0.141786,-0.0432957,-0.00834323,0.0279347,0.0914704,0.0594626,0.0286166,0.133989,0.0465692,-0.15768,-0.142821,0.0256142,-0.0358677,0.0655156,0.0898499,0.0515427,-0.109235,-0.0193256,0.0855655,-0.0858693,0.0388101,0.00380126,-0.048022,-0.117898,0.00151747,-0.124334,0.0734845,-0.019874,-0.0375131,-0.0524916,-0.0570989,0.170535,0.0618024,0.160689,-0.235484,0.069348,-0.198197,0.132196,-0.0764258,0.0183721,0.0581952,-0.102442,0.129623,-0.0308925,-0.0399104,0.0552922,0.119205,0.0253298,-0.148833,-0.0754706,-0.0755441,0.0567069,-0.134153,-0.0194185,0.0853344,-0.0370544,-0.0738466,-0.0955357,0.0386191,0.000432918,-0.0695959,-0.0224154,0.0897006,0.0442991,-0.0126676,0.0230542,0.170301,0.14997,0.101678,0.0398741,-0.00733962,0.0405417,0.0132265,0.000332591,-0.0634711,-0.0689795,-0.126154,0.0213203,-0.0402773,-0.0362635,0.0256191,-0.000771951,-0.0481863,-0.0617923,-0.0915857,0.18862,0.0531834,-0.144626,0.0596344,0.0240655,-0.000360748,-0.0645108,-0.0241416,-0.00530512,-0.0327524,0.0249637,-0.00682983,0.056578,0.233129,-0.00995276,-0.128492,-0.0917541,0.00866781,0.201184,-0.0406924,0.0526397,0.0875985,0.00436309,0.10779,-0.0477959,-0.0868599,0.091145,0.0989782,0.110873,-0.0275986,-0.0428665,-0.0838625,-0.215189,0.127068,0.0806532,-0.0233647,0.0796254,0.0161702,0.0265741,-0.000662665,0.167405,-0.0277235,-0.0554512,-0.15218,-0.0212423,-0.106932,-0.0424439,0.0224985,-0.0203587,-0.193933,0.088657,-0.000813571,0.181296,-0.105519,-1.59266e-05,-0.0882541,-0.063363,-0.0182874,-0.00137287,-0.0049399,0.0938079,0.0789142,-0.100083,0.142042,0.0572623,-0.0483055,0.0620141,0.0105372,0.127402,0.0240756,0.0919645,-0.0640049,0.149493,0.0394456,-0.0984882,0.040444,0.00909985,0.0540761,-0.0427609,-0.122916,-0.127839,0.0158117,-0.021838,-0.181718,0.0315088,-0.0899895,-0.0314468,0.0664438,0.0571584,0.012265,-0.0633051,-0.0479464,-0.12422,-0.0454691,0.0362554,0.223325,0.0149636,-0.125214,0.232595,-0.100793,0.00897919,-0.256641,-0.0256228,-0.0989983,-0.0152232,-0.0455036,-0.00639275,-0.00346266,-0.0563737,0.0957629,-0.0588184,0.0747028,-0.122781,-0.221035,-0.15688,0.0144492,-0.0610117,-0.0186907,0.0529351,0.00962006,0.153032,-0.0424042,
-0.172778,-0.0187386,-0.170579,-0.029079,0.048549,0.0380926,-7.9443e-05,0.029795,-0.0609475,-0.156975,0.0640338,0.0260802,-0.0540255,-0.0371561,-0.15445,0.0252142,-0.118055,0.0284901,-0.0109442,0.0305916,-0.038961,-0.116762,-0.0464824,-0.0380084,0.00808308,-0.0657682,-0.0169301,0.0531987,-0.0792791,0.0967258,-0.0588318,-0.2841,-0.101306,0.129834,-0.0709603,-0.131457,-0.202251,0.0708779,0.0153905,-0.0618389,-0.0386185,-0.0833855,-0.0434255,-0.0601074,0.0388463,-0.130823,-0.0664462,-0.0700986,0.0564667,-0.0668829,0.141317,-0.0629142,0.080151,0.0223005,0.152881,-0.0073707,-0.136928,-0.0368636,0.0665272,0.0103357,-0.0517917,0.0236831,-0.00353436,-0.0433394,0.0952494,-0.120587,-0.0111325,-0.0575422,0.120747,-0.0390064,-0.0911278,-0.164642,0.0069378,0.116846,-0.0909422,0.139948,0.178366,0.0484961,0.0368992,-0.135172,-0.0338994,-0.0229971,0.00881053,-0.0536903,-0.110122,-0.116629,0.00983547,0.0262694,-0.0369002,-0.0707712,-0.118853,-0.125242,-0.157474,-0.158447,0.101002,-0.0752641,0.0245709,0.0321375,0.00594623,0.126265,0.159956,0.0365374,0.00109252,0.0100703,-0.0116787,0.042565,-0.0437703,-0.144824,-0.147528,0.10211,0.0223172,-0.174413,0.00626136,-0.0162245,-0.0791576,-0.017647,0.0931351,0.0975434,-0.052203,0.0342921,-0.00469934,0.095565,-0.109254,0.0413249,0.00368563,-0.0960748,-0.0135635,-0.135384,0.0279746,0.107257,-0.169745,0.0096641,-0.0259119,0.0270991,-0.0248586,-0.0372285,0.0730767,0.139135,-0.0785993,-0.110664,-0.166705,0.067899,-0.00195983,-0.0252812,-0.102546,-0.104627,-0.0283077,-0.00831089,-0.0897301,-0.103826,-0.0607628,0.1046,0.0396201,-0.0154682,0.00486891,-0.0370981,-0.19313,-0.0261731,-0.0236617,0.00122283,-0.0992171,-0.166117,-0.0553088,-0.113055,-0.196825,0.025643,-0.109121,0.0823292,-0.199881,0.035302,0.172118,-0.0480883,0.15984,0.152804,0.0964308,-0.104433,-0.120094,-0.148879,-0.0420999,0.0800103,0.101278,0.0578114,-0.123988,-0.0877082,-0.0588739,0.0234353,-0.151685,0.0510384,0.00811875,0.0428837,-0.110334,0.0100648,-0.0428467,-0.0841977,0.106718,0.133066,0.14419,0.0276731,0.0248596,0.0333264,-0.0944729,-0.0770792,-0.0396877,0.136861,-0.206502,-0.0601069,-0.00108557,-0.0865665,0.092454,-0.0802867,0.119606,-0.0466194,-0.139666,0.0373166,-0.0107785,0.0154386,-0.0481725,0.0743391,-0.053355,0.0346522,-0.128349,0.0479184,-0.120291,-0.0792431,0.189856,-0.117335,-0.0728663,0.0198244,0.0420262,0.0753913,0.080324,-0.0578943,0.0287117,-0.173021,-0.0521827,-0.0569985,-0.00609559,-0.011203,0.0832805,0.0396544,-0.0213367,-0.0556015,-0.0109358,0.111891,0.0355493,0.139983,0.119597,-0.09663,-0.0751177,-0.00967718,-0.00411481,-0.0208506,-0.113504,-0.110053,-0.0139806,-0.079462,
0.0891523,0.0783223,-0.135499,0.0235529,-0.0545327,0.0152575,0.117946,-0.0336688,0.0517147,-0.0286476,0.0472426,-0.0219213,0.0443109,-0.0160411,-0.13018,0.0967903,-0.0168064,-0.00570598,0.0171797,-0.0207791,0.0897781,0.111855,0.0491939,-0.0588559,-0.0477155,-0.0896373,-0.00864845,-0.079543,0.125963,0.0388024,0.0530073,0.0472846,-0.00882477,-0.103015,0.0681323,0.0829137,0.00823205,0.00805465,0.158263,0.0957184,0.0795206,-0.203132,0.00494571,-0.0767394,0.056817,-0.0442901,0.057876,-0.114607,0.177285,0.145313,0.0960722,-0.0776274,0.0318706,0.0834983,-0.132675,-0.0842709,-0.0929048,-0.00997429,0.205753,-0.0781528,0.0347414,-0.0324984,0.0461246,-0.0242286,-0.081039,-0.0289981,0.0712768,0.0123928,0.0429509,0.0719456,-0.133262,-0.127035,0.0304897,-0.13905,0.118523,-0.069701,0.0792044,-0.269959,-0.035842,0.0935058,-0.122752,0.0386116,-0.0710701,-0.147745,-0.0626216,0.187792,-0.089699,-0.115471,0.0338769,0.0413733,-0.146387,-0.134864,0.167244,-0.0358402,0.0811737,0.104856,0.0665019,0.00059435,0.000195194,-0.101459,-0.195334,-0.0527112,-0.124478,0.00279835,-0.0746292,-0.0771809,-0.143001,0.0423288,-0.0442074,-0.0506709,0.0386272,-0.0540275,-0.00314591,0.0193941,-0.065625,-0.116756,-0.0330628,0.0606634,0.0866659,-0.0684979,0.272284,-0.0598746,-0.032809,-0.0535341,-0.135319,-0.0251777,0.102654,-0.0507395,0.0147161,0.0475391,-0.134745,0.0140328,-0.00800597,-0.139932,-0.050101,-0.0360276,0.0656425,0.0217564,-0.0120584,-0.172046,-0.0466482,0.0278432,0.188581,-0.0545018,0.0764831,-0.0383184,0.0890669,0.0355453,0.00936133,-0.0780214,-0.0491582,-0.0962359,-0.0677736,-0.0163433,0.170965,-0.123302,0.0118487,-0.0402164,-0.0127637,0.150033,-0.0290857,-0.0157396,-0.0529651,0.0816854,-0.0809651,0.0493218,-0.0514319,0.0111503,0.113694,-0.0386617,-0.00437871,0.119222,-0.0337606,0.0510183,0.14442,-0.0169524,-0.108972,-0.141369,0.0525957,0.00748595,-0.0313069,0.137372,0.164845,0.0398197,0.0811972,-0.0355389,-0.0300031,-0.118105,0.022871,0.0363593,-0.00911891,-0.0626135,-0.101504,-0.0160791,0.010097,-0.0327285,0.0700842,0.117892,-0.0386957,-0.0892122,-0.0317425,0.0324036,-0.0807983,0.0897242,0.0199338,0.115806,-0.266316,-0.12161,0.0298149,-0.0085529,-0.0822108,0.0727458,0.0665036,0.0572109,-0.154655,0.13002,-0.112999,0.00258414,-0.02574,0.0374271,-0.0132448,0.059759,-0.0468553,0.0637383,0.0734049,-0.00850007,-0.0382968,0.00631182,-0.111774,0.0158606,0.0851869,-0.0127188,0.0266308,-0.0445419,0.142972,0.06098,0.121449,-0.0566793,-0.0129762,0.0987998,0.0728607,-0.0404118,0.00157547,-0.0346946,0.151179,0.105774,-0.0584463,0.0849568,-0.137502,-0.0988844,-0.130124,-0.0255713,-0.0158828,-0.142344,0.0747516,-0.0558947,
-0.12263,0.00946695,-0.0544393,0.0614367,0.00265711,0.0699866,0.0623952,0.146054,-0.035585,-0.0428093,-0.0575078,-0.0199863,0.0781392,0.0903344,-0.0818504,-0.002305,0.0224586,-0.126478,-0.0045707,0.051625,0.0611355,0.156401,-0.143093,-0.0194223,-0.0532416,-0.118974,-0.140901,-0.0164847,0.11314,0.00251288,-0.107301,-0.118524,-0.0921711,0.0370653,-0.0333774,0.03109,-0.0636707,-0.0751533,0.0445447,-0.0291046,0.173146,0.0896726,-0.109558,-0.109474,-0.0597772,-0.0715351,-0.121236,-0.136267,-0.207229,0.0378219,-0.0168439,0.0275637,0.00618291,0.120952,0.100559,-0.00765212,-0.019103,-0.0753359,0.0433635,-0.0872686,-0.121401,0.112956,-0.101848,-0.114583,-0.021469,0.042815,-0.157045,-0.0269916,0.0235036,0.0467204,-0.051004,-0.14032,-0.051516,0.0797299,-0.0483892,0.0107546,0.00508017,0.00598791,-0.0669229,-0.0397635,-0.074416,0.0315212,0.0735063,0.0386174,0.0153289,-0.0815531,0.0257706,-0.0550238,-0.00399339,0.266005,-0.0118196,0.0129716,-0.0247754,0.00120419,-0.0691062,0.0241698,-0.0851854,0.040533,0.00873051,-0.0756407,0.0305587,-0.118573,-0.147374,-0.071273,-0.102847,-0.073687,-0.0855899,-0.00858172,0.0090585,-0.216594,0.150697,-0.0989889,0.0490025,0.0879793,0.0463593,-0.0403896,0.0132921,0.0673162,0.050878,0.0376861,0.0928548,0.0839255,0.00277436,-0.104474,0.0537207,-0.088975,0.161509,-0.116611,-0.0053768,0.0438121,-0.0590271,-0.197344,0.0597679,0.0273789,-0.0125197,-0.101408,0.122548,0.0379383,-0.0780135,-0.0282422,-0.00969207,-0.0989901,0.0452017,0.142586,0.0246188,-0.0373183,-0.110276,0.122981,-0.035761,-0.0696633,0.00650853,0.0258094,0.0984813,0.0161999,0.0833345,0.142553,0.11867,0.0908001,0.0551914,0.0300432,-0.0281185,-0.0324877,-0.0211578,-0.156463,0.0405016,-0.113341,-0.192588,0.00988979,-0.114793,0.03757,-0.054954,0.118459,-0.119992,0.0301044,0.0441231,0.0660482,0.191886,0.0162132,-0.0107103,0.0675373,-0.0184156,-0.10453,0.0904807,0.13717,-0.0042422,-0.0390856,0.016476,-0.0315796,0.0654709,-0.0103613,-0.0486753,0.0719438,0.2125,0.00203389,-0.129315,0.0875566,-0.110496,0.0586436,-0.0732647,0.0866095,0.00456102,0.0963865,-0.0744143,-0.0506054,-0.0904009,-0.091477,-0.0283764,0.00407964,0.0704431,-0.0741301,-0.0739845,-0.0502282,-0.085219,0.0629194,0.104216,-0.0759295,0.164261,0.0362923,0.0427713,0.100038,-0.0561118,0.0493271,-0.0826951,0.0710493,-0.0817297,-0.0369742,-0.0537772,0.000668116,-0.0967734,-0.169779,-0.0360849,0.0367309,0.0830047,0.0438614,-0.0017898,-0.00492166,0.110937,-0.029804,-0.0256688,-0.0437139,-0.0789637,-0.167329,-0.0446866,0.0444718,0.242663,0.0357593,-0.0669042,-0.0044729,0.137676,-0.0102699,-0.0331683,-0.045936,-0.0553841,-0.00837479,-0.0578767,-0.1751,
0.0414941,-0.09534,0.0331531,0.0306762,0.0771874,0.0607501,-0.0741625,-0.0862183,-0.0898217,-0.110642,0.0259001,-0.0608959,0.0618541,-0.0499409,0.144395,0.0915468,-0.0581102,-0.0964118,-0.051488,-0.0132238,-0.00342767,0.0570029,-0.0458808,-0.100987,-0.0669355,0.0702631,-0.176872,-0.00519897,0.0298304,-0.0453857,-0.0778482,-0.0783736,-0.0628329,-0.1414,0.21817,-0.100208,0.0952498,-0.0244584,-0.0100719,-0.0951462,-0.0234324,0.0119807,-0.13669,-0.0370054,0.081202,0.119612,-0.0277941,-0.0262354,0.0823141,-0.0311622,-0.00772891,-0.00849901,0.00589526,-0.012306,0.0275772,0.0318821,-0.016734,-0.096157,0.135873,0.114737,-0.0236651,-0.0398693,0.199539,0.0749395,-0.146282,-0.0281214,-0.0357714,-0.0519653,-0.0301279,0.013077,-0.0300517,0.0648923,0.0602662,0.020278,-0.176844,-0.146898,0.0174426,-0.0497297,-0.0807369,0.148509,-0.00896671,0.143044,-0.0745253,0.110398,0.00560084,0.218356,-0.0611228,-0.000938929,-0.0180062,-0.109533,0.190491,-0.066217,-0.0529695,-0.166028,-0.0417202,0.00251445,-0.0705912,0.157196,0.0557509,-0.113659,-0.140465,-0.0621824,0.118903,-0.0324354,0.0187415,0.0522643,-0.0363918,-0.0319364,0.0730111,-0.159602,-0.0675912,-0.156242,0.185273,-0.06984,-0.0575721,0.00724537,0.105198,-0.082004,0.0301673,-0.067133,-0.0448916,-0.134324,-0.161744,0.0369532,0.0878494,-0.0348966,-0.117376,0.0609907,0.0363225,0.0165024,0.0746423,0.0953942,-0.0905302,-0.0605602,-0.0962744,-0.195976,0.0157021,-0.00461282,-0.149925,-0.141413,0.0357619,-0.0787504,-0.0187459,-0.0512674,-0.0547874,-0.121061,0.0425623,0.0174566,-0.123479,-0.0829614,0.00345286,0.0078457,0.103818,-0.0758007,0.0822554,-0.211362,0.0570567,0.166243,0.0797745,0.0925484,0.186225,-0.095593,0.0505131,0.118119,0.00784983,-0.0400515,-0.056173,0.0181712,-0.0180608,0.155505,-0.00121879,-0.0159262,-0.0322417,0.0526517,0.0594686,-0.0342689,0.039611,-0.0504004,-0.151039,0.0581698,0.0295498,0.0108131,0.0201015,-0.096,0.0667854,-0.0710474,0.0606231,0.0222932,-0.0460857,0.0198112,0.00713422,-0.130744,0.0845265,-0.101688,-0.0201355,0.00120832,0.000962085,-0.0548485,0.0668879,0.127398,0.063159,0.0316133,-0.00400617,0.108271,-0.0444122,-0.167567,-0.12496,0.0293563,-0.0570792,-0.119676,0.103974,0.113809,0.0500534,0.0176198,-0.0683965,-0.0542033,0.201183,0.0100286,0.045187,0.13401,-0.0578693,-0.0420168,0.123991,-0.124462,-0.0485629,-0.0617203,0.0402156,-0.0137534,-0.012107,-0.250761,0.0189827,-0.054946,0.0400534,-0.0394853,-0.00640129,-0.0423697,0.0529413,-0.148665,-0.0947938,0.0717044,0.0202318,-0.154347,-0.136252,-0.0625102,0.0037717,-0.00635452,-0.0388004,-0.0648855,-0.125269,0.0575414,0.0988212,-0.0182879,0.0577899,-0.16054,0.0566143,-0.122295,
0.0152723,0.126462,-0.105663,0.117207,0.0785158,0.0657958,-0.139625,-0.0446457,-0.0695258,-0.0435138,0.0364686,-0.157643,0.0325487,-0.0752085,-0.0023828,0.0782515,-0.0108942,0.0488852,-0.0664078,-0.192781,-0.0447137,-0.00732831,-0.0188652,-0.087641,0.0685973,-0.0798081,-0.0803388,0.135342,0.04328,0.121538,0.0105381,0.254626,0.0358826,0.0830321,-0.0895415,0.14601,0.0812388,-0.119418,0.131511,-0.0937196,0.0678999,0.0459169,0.00948453,0.0678918,-0.0618626,-0.0839509,-0.112025,-0.00244076,0.0730278,-0.121285,0.0592574,-0.0428555,0.0213979,-0.121442,0.0264583,0.0590235,0.125151,0.0423889,-0.061538,0.124196,0.0322693,0.219785,0.108398,-0.0415283,0.0473874,0.0706302,0.0735589,0.0360742,-0.00894116,0.0936157,-0.0711545,0.124508,-0.0898624,0.174088,0.0123024,-0.00613417,-0.186775,0.0404288,-0.0451564,-0.068929,0.030789,0.0923625,-0.0176378,0.0263022,-0.00684329,0.0996281,0.0483809,0.161793,-0.120618,-0.119162,0.03693,-0.014986,0.0938758,0.238088,0.112844,0.0538869,-0.0316302,-0.0453657,-0.102539,0.0772732,-0.0204043,0.099501,-0.0242575,-0.053262,-0.0598388,-0.151713,-0.0673384,-0.149387,0.0866839,-0.0999403,0.113036,0.0410909,-0.157822,-0.0467278,0.0590843,0.0590808,0.0107822,-0.170582,0.0719127,-0.0266824,-0.0901752,-0.00322722,-0.00642889,-0.178387,0.184611,0.10082,-0.0153994,0.00654318,0.0977687,-0.0525001,-0.00369963,0.143883,0.147856,-0.0564807,0.0317318,-0.215777,0.0757302,0.0179641,0.0536811,0.171994,-0.062937,-0.159298,-0.0520173,-0.0236324,0.0899036,0.0294939,0.138904,0.0453071,0.131892,-0.0654456,0.0678971,-0.205754,-0.152386,0.015063,0.117138,0.113863,0.0576627,-0.0570435,0.030106,-0.10365,0.0428683,0.107726,-0.0363656,0.0123721,0.0233236,0.00277054,0.0818765,0.0981526,0.0522875,-0.0481273,-0.0276973,0.0399655,-0.175026,-0.0219195,-0.0498766,0.129207,-0.0895253,0.185017,0.0135582,0.196019,0.0773133,0.0629157,0.122808,-0.0163717,0.0913357,0.0948391,0.0230535,0.074047,0.0115329,-0.0255489,0.0855144,0.0142145,-0.0730804,-0.0939631,0.0631472,0.00800371,0.0129471,0.115584,-0.120299,0.0943523,-0.027523,-0.13494,-0.0780329,0.00852502,-0.101197,0.0267036,-0.057663,-0.0824341,-0.0596939,-0.130956,-0.00912003,-0.0550052,-0.0638084,-0.042945,0.0835726,0.0988153,0.0902753,-0.0112423,-0.00769641,0.111483,-0.0208851,0.0451307,0.0223319,-0.14184,-0.0622695,-0.00832248,0.248861,0.00276857,-0.159219,-0.200797,-0.0708322,-0.0209634,-0.0212379,-0.00724104,-0.0136242,0.0161051,-0.114773,0.10277,-0.0706303,0.0269379,0.0121387,0.12367,0.0865077,0.0830513,0.113795,-0.13912,-0.0869355,0.0101692,0.0766273,-0.0201188,0.14574,0.128459,0.0161031,-0.136444,0.0225544,0.0723785,
-0.108997,-0.0701846,-0.0785585,-0.205498,0.016776,-0.00637439,-0.0182714,0.234639,0.0433492,0.115128,-0.0512674,0.168007,-0.0796448,0.0316667,-0.170501,0.0330192,0.121716,-0.0281693,-0.0379566,-0.00141012,-0.0464661,-0.00577166,0.0688748,0.00346292,0.124902,-0.111928,-0.0322044,0.157215,0.00963205,0.00786493,0.0337879,-0.0488032,0.196944,-0.00565018,0.0018688,0.102295,-0.0555711,0.0289325,-0.0101928,0.0368338,0.0394649,-0.126512,0.0178174,-0.0568012,-0.101395,0.123105,-0.0649239,-0.100513,-0.0225505,-0.0634794,-0.120976,-0.00224284,0.0644014,0.0860135,0.0442479,-0.144978,-0.00609645,-0.000787415,0.115806,-0.0238582,0.0504987,-0.0123176,-0.0876355,0.0840529,0.0488111,0.00923198,-0.0239157,0.0293032,0.0620921,0.0285634,-0.0470364,-0.0947509,-0.0949671,0.0134278,0.096271,-0.00351238,-0.0605264,-0.0233063,-0.0330626,0.00973353,0.006909,-0.00838111,-0.0640677,-0.0137827,0.0320256,0.092621,-0.0133413,-0.0638369,0.0952292,-0.13224,0.0303342,0.0741243,-0.0339735,0.0253747,0.179843,-0.106084,0.0283439,0.109249,0.0149763,0.071646,0.0698217,-0.232472,0.022113,-0.113411,0.128164,-0.165602,-0.100098,-0.103296,0.0855489,0.0880485,-0.0923104,-0.0275405,0.0954519,-0.0412192,-0.0770674,0.0310709,-0.0453962,0.0585578,-0.208049,0.0600313,-0.00289774,0.0327731,-0.0275676,0.10903,0.0255993,0.0670048,0.132144,0.178484,-0.00169801,0.0205276,0.147272,0.0149205,-0.0207607,-0.0788295,-0.000772138,-0.155409,-0.108843,0.0855631,-0.00538107,-0.128707,-0.153077,-0.142254,0.0742076,0.17449,0.110629,-0.0244339,0.100556,-0.0151308,-0.0291475,-0.0353603,-0.0960848,-0.0420938,-0.0996174,-0.0454939,-0.0542084,0.00122242,-0.00539705,-0.0530806,-0.056188,0.0885065,-0.0975453,-0.0227855,-0.0671514,-0.0444892,-0.0182616,0.0811037,0.0747473,-0.119189,-0.00176435,-0.122459,0.0617044,0.122161,0.0953135,-0.00841707,-0.101369,-0.0270215,-0.202653,0.0571799,-0.00293071,0.0251989,0.0536185,-0.0314493,0.0151898,-0.0683596,-0.123094,0.0238958,0.233224,0.111402,0.00322804,0.0250533,-0.0293146,-0.150676,0.0612659,-0.0621175,0.106048,0.00800666,-0.17616,0.0612728,0.0649529,0.000585007,0.0632748,-0.0594131,0.0308856,0.0408322,0.0751613,-0.127033,0.0680187,0.0532484,-0.0665847,-0.0252327,-0.104397,-0.0969613,0.0150328,0.0203109,-0.0613664,0.0754184,0.0862614,-0.0406449,0.0544157,0.00152881,-0.110942,0.0261392,0.0823851,0.0706788,0.0320591,0.00582557,-0.00985033,0.0297342,0.0392224,-0.0861526,0.158267,0.207195,-0.145135,-0.0665735,-0.0658155,-0.00298259,0.0440885,0.0489319,-0.00694341,0.000666411,-0.0319367,0.189817,-0.177543,0.204504,-0.137923,0.0341184,0.0639825,0.091827,0.0637359,-0.103132,0.0140581,0.00465057,-0.0803539,0.163204,0.0077112,-0.000577132,
0.145653,0.196529,-0.0682062,-0.0351556,-0.0280943,-0.00578953,-0.0316596,-0.0812149,0.0333522,0.0674937,0.17845,-0.11503,0.12724,-0.123999,0.00534832,0.0863337,-0.0385378,-0.0445208,-0.035418,-0.0334394,-0.0611205,0.171299,0.133216,0.0778907,-0.0478023,0.0806156,-0.0353775,0.0819789,-0.103424,-0.0807757,-0.121492,0.177049,0.137796,0.142294,-0.0525826,0.199273,-0.0399228,-0.185509,0.108506,0.0331827,0.203172,0.200832,0.0631725,0.106268,-0.0472331,0.101693,-0.092076,-0.0358981,0.00660596,-0.193161,0.21166,0.103158,-0.051962,0.0321663,0.0132824,-0.0809134,0.0851335,0.10873,-0.0783011,0.0559153,0.00350224,0.138205,-0.0502666,-0.133096,0.105502,0.080864,0.0549201,0.0127763,0.0468786,0.13112,-0.0994322,0.293827,-0.125621,-0.109755,-0.207637,-0.0639669,-0.0901129,0.0651121,-0.0457685,-0.0872903,0.214136,0.0317647,0.13019,-0.0340713,0.0390454,0.0568387,0.038293,-0.153208,-0.0591595,-0.016667,0.0328719,-0.139829,-0.0900944,0.0139143,0.0326156,-0.0247073,-0.0642255,-0.133319,-0.00688045,-0.200313,0.0793456,0.0954995,0.0176011,0.0122813,-0.0342152,-0.284132,-0.00466494,-0.0658892,0.00485406,-0.00705362,0.0271862,0.0454314,-0.160912,0.0195052,-0.135799,-0.0788274,-0.0281203,0.00215852,0.138692,-0.0986473,0.0223071,-0.0946557,-0.0669945,-0.114012,0.00715632,-0.0180779,-0.0677777,0.0798476,-0.0761767,-0.144489,-0.235634,-0.0576206,0.185418,-0.148192,-0.138056,-0.258546,0.00924596,0.041902,0.108422,-0.0539836,0.143205,0.134045,-0.0700965,-0.0616511,-0.0168839,0.106541,0.0839316,-0.0276506,0.0158096,-0.257967,0.139982,-0.0719523,-0.0236384,0.0308861,-0.126103,-0.0298604,0.226926,0.0181683,0.0572323,0.0470821,0.0495242,-0.105909,0.121118,0.00647572,0.0162822,-0.00234014,-0.0677644,-0.100626,-0.0350152,-0.132454,0.060858,-0.102189,0.0637071,-0.192702,-0.0310319,-0.0144317,-0.0105821,0.0630695,0.0536452,-0.0547161,0.0551025,0.144162,-0.0744996,-0.06812,0.0588661,-0.0431152,0.1342,0.0348684,-0.0767233,0.0351082,-0.206995,-0.0151189,-0.0413846,0.14433,-0.139699,0.0866472,0.0599094,0.0306652,-0.117339,0.0480786,0.0786678,-0.0960924,0.0943354,-0.00117929,0.228071,-0.110171,0.0508463,0.0128717,-0.127391,0.055929,-0.0233087,-0.0235097,-0.160947,-0.0185521,-0.0291038,0.0817031,-0.0537188,-0.0707526,0.0136999,-0.0192068,0.12309,-0.0806811,-0.0243202,-0.0942177,-0.0950034,-0.110901,0.222532,0.0218494,-0.132883,-0.0900235,-0.121307,-0.137681,-0.266198,0.0276747,-0.12084,-0.112834,0.0635324,-0.207979,-0.0202026,-0.1596,0.0936667,0.18157,-0.00707923,-0.00883379,-0.0126001,-0.135614,-0.129301,0.00553635,-0.0246913,0.0842625,0.0646014,0.0264902,-0.0238079,0.0184253,0.0321783,-0.0738394,
-0.101373,0.00449381,-0.0148453,0.142453,-0.0213086,-0.0894582,-0.0948034,0.0746065,0.103487,0.044956,-0.0652437,-0.00751456,-0.0117839,-0.0877895,-0.0335076,-0.136068,-0.0771759,0.0028438,-0.0993015,-0.0253157,-0.0117255,-0.09423,0.0296015,-0.0634438,-0.0514205,0.0577165,-0.0096908,-0.138005,-0.125506,0.0980327,-0.172403,-0.00432181,-0.0391033,-0.0233548,-0.0587896,-0.0785437,0.0104275,-0.0817662,-0.137328,0.0105264,0.116715,0.148137,0.0280698,0.0272315,0.145491,-0.159826,0.051031,0.00969109,-0.0331497,0.00399587,-0.030472,-0.0126125,-0.0113964,-0.0739675,-0.00670583,-0.136737,0.021708,-0.121681,-0.1873,0.0280743,-2.28898e-05,0.0105223,-0.0119802,-0.0268668,0.0843193,0.0811433,-0.116788,-0.0606882,-0.124078,0.0499396,0.0921021,0.00740401,0.0825704,-0.165628,0.0117404,-0.123449,-0.085559,-0.017437,0.114277,-0.0303558,-0.0178406,-0.029014,-0.0101066,-0.0395112,-0.105264,-0.015188,-0.097198,0.0815744,0.138988,0.0328433,-0.00980322,0.0781775,0.158346,0.0402032,0.141995,-0.0390672,0.0426611,-0.0061532,-0.122889,0.200979,0.0212422,0.276272,0.0274068,0.104597,0.154126,0.127239,-0.138209,-0.000827617,0.0231525,0.0192902,0.148153,-0.0571012,-0.0183985,0.024613,-0.12922,-0.032524,-0.126663,-0.0682577,0.0836646,-0.0899055,0.0714917,-0.00122805,0.0539954,0.0445735,-0.0272227,-0.0607857,-0.0142156,0.114279,0.0361679,0.0546352,-0.0155259,0.0344431,-0.104036,0.142465,0.067,-0.0945096,-0.0492697,0.0229288,0.18849,-0.0235913,0.134545,-0.0936936,0.107544,0.116452,-0.0449454,0.0267034,0.016422,0.0643106,0.0311551,-0.0757998,0.110938,0.0341665,-0.111221,0.154583,-0.0156203,0.0608849,-0.120347,-0.0946039,0.0420352,-0.0810142,-0.222155,0.0201471,-0.131512,0.0114229,-0.0507985,-0.0453023,-0.0393481,-0.046547,0.0907329,-0.0177374,0.22855,-0.0116516,-0.097804,0.0681284,0.0751093,-0.0355201,0.0947597,-0.10235,-0.0216758,0.180372,0.0385983,0.129994,-0.248105,0.176252,-0.0336653,0.085842,0.128001,0.0508348,-0.135068,0.119587,-0.0508177,0.102637,0.0999019,0.0782786,0.0238075,-0.105204,0.154144,0.138337,0.0798083,-0.123455,0.0686674,-0.0407706,-0.117209,-0.0879477,-0.0463579,-0.0454195,-0.00245242,-0.0283556,-0.133866,0.14374,0.0630018,0.01137,0.0205249,0.0615311,-0.0368259,0.0927716,-0.0536701,-0.0350399,-0.102079,-0.0200301,-0.0289811,0.0272518,0.118122,-0.0759114,0.0408805,0.0641097,-0.0301629,-0.00543399,-0.00143749,0.0980134,0.0744597,-0.0676159,0.0247072,-0.133872,0.0742971,-0.100154,0.144491,-0.0174278,-0.157496,0.0831079,0.0863289,-0.105372,-0.0425675,0.100585,-0.060111,-0.0891328,-0.0800323,-0.106842,0.0686372,-0.0697584,-0.140034,0.033554,-0.121371,0.0352442,0.0486741,-0.174481,
0.101087,0.19757,-0.0254067,-0.0389311,0.135834,-0.0555759,-0.00156267,0.113396,0.0397946,0.172103,0.0821288,-0.0365864,0.194497,0.00661653,0.017581,0.0556781,-0.0985151,-0.0644115,0.0755318,-0.0750769,-0.0742399,-0.0192151,0.00268989,0.0935169,-0.0207424,0.126137,0.060005,0.199,-0.000249163,-0.0853506,-0.0393925,0.102326,0.0493916,0.0735078,-0.0980044,0.153216,-0.208219,-0.0601504,-0.129572,-0.134965,0.0973262,0.0878897,-0.0146705,-0.019044,0.0301258,0.0784151,-0.0304852,0.131802,0.0310823,-0.03984,0.277739,0.225386,-0.00342671,-0.140376,-0.128112,0.0814856,0.0122263,0.0567643,-0.0540647,-0.00973995,0.0585667,-0.00944166,0.0969905,-0.103718,0.035676,0.12914,0.0465986,-0.0125535,0.0515406,0.06162,0.0235308,0.120761,0.105528,0.11755,-0.0972671,-0.085686,-0.166922,-0.190938,-0.0862228,-0.154782,-0.0863187,-0.0180287,0.00448377,-0.0609039,0.0659054,-0.0772008,-0.103794,-0.0250069,-0.0255633,-0.192468,-0.0574371,0.092468,-0.122642,0.0743636,-0.00491586,-0.0667126,-0.0642405,-0.0910404,0.177063,-0.0762985,0.0198697,0.249078,-0.0405595,0.00213059,-0.057598,-0.0756847,-0.0998527,-0.00592794,0.0843898,-0.0647066,-0.0859523,-0.126538,-0.226702,0.133028,-0.0161414,0.0231754,-0.0861312,-0.0818016,0.0281364,0.0999213,0.108193,0.0324832,-0.00278423,-0.0254993,0.08523,-0.109482,-0.0509641,0.045575,0.159406,0.156806,-0.176134,-0.0966829,0.136753,0.0337941,-0.103471,-0.0826172,-0.0769247,-0.114216,0.0515131,-0.0867705,0.252783,0.0584217,-0.151325,-0.075991,-0.00793726,-0.0224869,-0.000674616,-0.178144,0.0355506,-0.114672,0.0747206,0.100914,-0.0311008,-0.121686,0.00673862,0.0310482,0.151264,0.00960143,-0.143708,-0.0194068,0.0858014,-0.161924,0.0460532,0.00503081,0.200825,0.0421695,-0.0573269,-0.0790011,-0.0609054,-0.0742696,0.067195,-0.0316141,0.158,-0.127306,-0.0736783,0.000588956,0.0224726,0.0728819,0.0241471,0.202241,0.0112714,0.0732319,0.0142637,-0.0352817,-0.0301127,-0.172934,0.0353756,-0.0254072,0.00357706,0.148076,-0.0122148,0.135372,0.00184972,0.0256067,-0.0281173,-0.0591348,-0.00370692,-0.0882147,0.129827,0.0814071,0.0381959,-0.0487168,0.140292,0.0218629,-0.295917,-0.0219083,0.042579,0.0988599,-0.126157,0.0609029,0.0987111,-0.109201,-0.070186,-0.0697797,-0.215099,-0.127761,-0.0139851,0.0745554,-0.039235,-0.095322,-0.030037,-0.0532938,-0.234156,0.0858626,0.00297249,0.00909998,0.166153,0.00634215,-0.0237185,-0.0965254,-0.114483,0.0528624,-0.0113404,-0.0298974,0.040397,0.0110103,0.0638512,-0.0504519,-0.0280004,-0.083441,-0.14898,0.194861,-0.0566702,0.038382,0.0266599,0.135783,0.166632,0.0127992,-0.00262559,-0.0537571,0.160778,0.0221329,0.14436,-0.152056,-0.0332794,-0.12652,
-0.118358,0.0955816,0.105121,-0.0232145,0.153191,0.10544,0.058852,0.0916202,0.00326741,0.00747185,-0.0915763,-0.0777693,-0.169128,-0.186342,-0.152466,-0.0248763,-0.0731354,0.0574377,0.221456,0.0469147,0.121528,-0.0593214,0.160134,-0.155328,-0.125306,-0.0218545,-0.0706744,0.184505,-0.027638,0.063072,-0.0958054,-0.0457479,-0.0347962,-0.0770796,-0.164995,0.0542368,-0.0120038,0.0156093,-0.104218,-0.0236652,-0.116524,0.0298045,0.00557178,-0.11993,0.106234,-0.0447539,-0.148445,0.0512824,-0.0911244,0.0353415,0.0128662,-0.0151896,0.0384926,0.017131,0.0470692,0.0346034,0.0924582,-0.0444247,-0.00691738,0.0230053,0.010746,0.113216,0.0424448,-0.0880523,0.0925694,0.023541,-0.0874513,-0.137901,0.0170839,0.0803406,-0.00170302,-0.131353,0.00207994,-0.121543,-0.130072,-0.130466,-0.00420067,-0.0614902,-0.0311043,-0.0905339,-0.12376,-0.0776096,0.105999,0.0320202,0.0220727,0.159943,-0.114091,0.114292,0.0710994,-0.0896804,0.1802,-0.0667606,0.0466374,-0.0458936,0.0606245,0.0535286,0.0172272,0.084618,-0.0192347,0.0133042,0.0557057,0.140468,-0.138554,-0.0673768,-0.0769288,-0.0633006,-0.052235,-0.21091,0.0465972,-0.0676912,0.0261523,-0.102111,0.0368494,-0.150741,-0.154458,0.0822403,-0.0740505,0.113166,0.000453549,0.123784,-0.0368999,-0.0298595,0.0618883,-0.085118,0.203427,0.00289024,0.0243274,0.0115164,-0.0262646,0.0664446,0.117809,0.132325,0.0851607,0.0455429,-0.202725,-0.00936626,0.0389857,-0.0246793,-0.0358529,-0.0846801,-0.0937195,-0.0737818,-0.136148,-0.0270762,-0.0816947,-0.0287285,-0.154411,0.0462347,-0.209904,-0.114835,0.0598313,0.0444815,0.0844244,-0.0433673,0.0956041,-0.079791,0.0438526,0.0164669,0.0903226,-0.111942,0.0347203,0.0730302,-0.0432901,0.016183,-0.215683,-0.10557,0.0951834,0.0741123,0.0489408,-0.0110479,0.028873,-0.12039,-0.116144,-0.180613,-0.174563,0.0859453,-0.0861143,-0.109942,0.010523,-0.00459601,0.0547778,-0.00701278,0.25695,-0.0447319,-0.204468,0.144171,0.020777,0.12626,-0.0612852,-0.126309,-0.0066584,0.0764461,-0.0313153,-0.0746915,-0.0324423,0.0821717,-0.168464,-0.149769,-0.112451,-0.0455171,-0.0148441,-0.183277,-0.00191595,-0.1143,0.062684,-0.104947,-0.101553,0.0323491,0.0665694,-0.0132809,-0.01837,0.0864591,0.0159764,0.0276604,0.0240862,-0.0813398,0.0442452,0.0705886,0.148905,0.0481802,0.0772912,0.0308237,-0.0117579,-0.00664184,-0.02853,0.0721258,0.0771869,-0.00899246,-0.0327038,0.0133687,-0.0311173,0.128588,-0.0257276,0.0659098,-0.0517687,-0.0564456,0.145124,0.226436,0.0720573,-0.109743,-0.0831664,0.0179314,0.049645,-0.0270962,0.0049817,0.112371,0.0433665,0.0770157,-0.0207066,-0.106755,-0.0486251,-0.0243789,-0.0766612,-0.0814146,0.123035,0.0756711,
-0.0458014,-0.183421,-0.0233988,-0.0819681,0.0503833,0.0153606,-0.10371,0.0916413,0.106033,0.00122286,0.063333,0.0828217,-0.0722084,0.0777893,-0.0861676,-0.0235353,0.0617223,0.159527,-0.103353,-0.0715746,0.141247,0.0351373,-0.12601,-0.0310676,-0.0120719,-0.0068818,0.136501,-0.0351787,-0.067124,0.0252205,-0.0221413,-0.066861,-0.132994,-0.135437,-0.00409087,-0.0288529,0.108342,-0.103251,-0.0102392,-0.0900169,-0.0229675,-0.165024,-0.0988373,0.0311514,-0.0591824,0.0689601,-0.0717803,-0.197551,0.0131062,-0.0128082,0.082255,-0.123448,0.0259977,-0.0767784,0.113803,-0.0576554,0.056195,-0.16113,-0.0108765,-0.114189,0.0705677,-0.0318421,-0.239171,-0.0658229,-0.0908632,-0.0933913,-0.124955,-0.176345,0.0756149,-0.273783,0.00260982,-0.115893,-0.154997,0.000199042,0.0548264,0.184434,0.0454471,-0.139951,-0.0460381,9.23747e-05,0.0202245,-0.149923,-0.0760644,-0.191455,-0.0455963,-0.113789,0.0360734,-0.13526,-0.153157,0.23655,-0.0264201,-0.0521522,0.00386928,-0.0870317,-0.0320338,0.0425948,-0.103146,0.0381835,-0.0543547,0.21007,-0.0563499,-0.0716876,-0.0222902,-0.141578,-0.0410183,0.0990465,-0.0848623,-0.260867,-0.0498522,-0.0332062,0.0688932,0.138298,-0.110671,0.0431189,-0.135908,-0.1114,-0.0633602,-0.0179712,0.0854613,0.0356221,-0.0542178,-0.104211,-0.0564883,0.171082,0.0708178,0.0685584,-0.0666757,-0.0939065,-0.0035932,-0.0620288,-0.0281657,0.0258335,-0.0073187,-0.200633,0.0568714,-0.127276,-0.10889,0.0443238,-0.0475197,-0.0443161,-0.0939167,-0.0302802,0.114481,-0.109129,0.0379252,-0.0312559,-0.0691894,0.00774756,-0.0384554,-0.0592088,-0.159014,0.0997744,-0.0541267,-0.0548885,-0.126086,-0.0815023,-0.164204,-0.025203,0.0207684,-0.136708,-0.00375671,-0.138453,-0.0862931,0.0867529,-0.152149,0.145866,-0.0564365,-0.0526829,-0.0296293,0.0698847,-0.0245024,-0.142865,-0.0230964,0.285415,-0.151613,0.0948186,0.067744,-0.0629936,-0.16152,-0.123765,0.00996502,0.04677,0.0812369,-0.121911,-0.00470386,0.0765298,0.0339299,-0.00464475,0.00202296,-0.166211,0.0163449,0.0601262,0.124502,-0.134332,0.00100811,-0.0259304,-0.0196747,-0.228258,-0.00397731,-0.141604,-0.0139271,0.00100445,-0.057862,-0.06698,-0.0413766,-0.153739,-0.0607118,0.0602135,-0.0372931,-0.174773,0.00294233,0.000222914,0.0562813,0.0636056,-0.00139925,-0.104034,0.0751284,-0.0331383,-0.032152,0.0694332,-0.123366,-0.0175191,0.124974,0.11798,-0.0417998,-0.0885577,0.0146703,0.00811163,-0.220988,-0.0434664,-0.0484616,0.00285952,-0.0294804,-0.0875987,0.063946,-0.0959905,-0.0425795,-0.0961873,0.0713927,0.0862298,-0.0421615,-0.0644611,-0.0600628,-0.174321,-0.0214024,0.151433,0.103764,0.0684515,-0.176627,0.120888,-0.0152626,-0.1322,0.0227464,-0.105656,0.0151629,-0.125814,
0.0855544,0.197825,-0.144155,-0.0809373,0.113145,0.00287835,-0.184317,-0.115487,0.0166818,0.0399969,0.0658009,-0.220388,-0.156068,-0.122605,0.218457,0.0480474,-0.0416968,0.136512,0.0315613,-0.0584926,-0.000336622,-0.0147209,0.138165,0.00387729,-0.0238781,0.0712985,-0.153629,-0.0606747,-0.0432521,-0.138949,0.0364931,0.0746952,0.0852167,0.0213722,0.0562544,0.280676,-0.137785,0.0217663,0.0341074,-0.0469588,0.0928739,-0.0348835,-0.00500029,0.0385461,0.0422026,-0.0700281,0.0488612,0.0881354,-0.11579,-0.200184,0.122165,0.0490331,-0.0880531,-0.175209,0.0258152,-0.0255097,0.0234705,0.0563209,0.0615665,0.167591,0.0291095,0.071115,0.0808428,0.0294217,0.0392743,-0.00185859,0.053058,-0.0451141,-0.016298,0.134316,0.00323413,0.235524,-0.073954,-0.0403456,-0.0646505,-0.160838,-0.0754698,0.0648714,-0.204917,0.0328096,-0.0210653,0.0647636,-0.0642269,0.154482,0.213186,-0.0925354,0.198029,-0.162434,0.156012,0.024925,-0.120553,0.154118,0.0453919,0.124844,0.195174,0.150052,0.0399786,0.121848,0.110373,-0.207133,0.0139047,0.0413272,0.0573808,-0.0305205,0.0148341,-0.247842,0.0812263,-0.0381943,-0.0994013,-0.0577911,0.0876243,-0.08597,-0.0771935,-0.0574809,0.112157,0.0931283,-0.14007,0.059465,0.102417,-0.0789275,0.113197,0.0625492,-0.107811,-0.0724275,0.00799747,-0.127447,-0.0580345,-0.000210146,0.0961487,0.0528809,-0.0256304,0.017694,-0.0493766,-0.0432828,0.0309668,-0.18215,0.0795951,0.0757468,-0.0562838,-0.0136036,0.217163,0.0573473,-0.271718,-0.0843547,0.0398836,-0.18421,-0.088255,0.00874757,-0.00440854,0.019476,0.0363295,0.0666491,-0.091201,0.0242771,-0.0232407,0.109733,0.308766,0.103707,-0.065572,-0.0124752,0.0865752,-0.0651556,0.190894,-0.0430094,0.0239954,-0.0577174,-0.0222786,0.00209292,-0.126911,-0.16327,0.0321241,-0.108654,0.12332,-0.0590732,-0.0671767,-0.0236896,-0.117979,0.0466846,0.0957444,0.0726575,0.222455,0.129652,-0.102706,0.00931649,0.11853,0.163426,-0.0468665,-0.032272,0.111934,-0.172762,0.0731816,0.0502682,0.206277,0.282395,0.0260168,-0.0331461,-0.0631628,0.0924216,-0.184649,0.0548377,-0.00373232,-0.0143644,-0.0278149,-0.0887842,0.0109277,-0.0576997,-0.0197803,0.0913335,-0.168073,0.045339,0.0131148,-0.0525394,-0.145792,0.0651571,-0.200875,0.0164845,-0.0488484,0.174424,0.0206802,0.0280581,-0.0941371,-0.121304,-0.18485,-0.214746,0.136391,-0.0121671,0.00418935,-0.0874794,-0.0261613,-0.0883565,0.0204497,-0.184938,-0.0918712,0.072269,-0.0369725,-0.0522985,0.0218721,-0.089563,-0.0542954,0.0833425,0.00362826,0.170039,0.0966748,0.181459,0.116233,-0.315934,-0.154793,-0.0241751,0.098582,0.0993874,0.00694197,0.0426199,0.15679,-0.0909829,0.0988649,-0.053512,
-0.0662121,0.227385,-0.198287,0.0378733,0.00905518,-0.0157583,-0.193094,0.0228054,-0.0711155,0.0225958,-0.0292342,0.0289217,-0.0282314,0.124231,-0.0653335,-0.0673363,-0.019098,0.0581256,0.150447,-0.109975,0.112962,0.119716,0.0959528,0.0346104,-0.0743155,0.0574124,0.000255968,0.025082,0.0218899,0.0561804,-0.0518851,0.128703,-0.00285873,0.105131,0.0971534,0.114401,-0.0345896,0.0130223,0.142898,0.0440427,0.0962607,0.195433,0.00552631,0.133302,-0.0435714,-0.0842753,-0.0721401,-0.000821873,-0.167664,-0.132576,0.423213,-0.000570474,0.0145367,0.042324,-0.0583971,-0.0318577,0.0331965,0.0380524,-0.0892128,0.107112,-0.148882,-0.0131577,0.132472,-0.177335,0.187852,-0.126401,-0.00206606,0.0155566,0.0155263,-0.0174909,-0.00789184,0.125193,0.11153,-0.0536511,-0.117573,0.0162182,-0.0135521,-0.00317911,0.0497975,0.0731517,0.058838,-0.0118151,0.0444183,0.0901472,0.176021,0.0257078,-0.111574,-0.0583985,0.0302497,-0.137131,-0.130537,-0.000508319,0.139462,0.0204141,-0.0017987,-0.00949599,0.050965,0.125957,0.0712496,0.0852581,0.125357,0.0890439,-0.112121,0.00274568,0.149764,-0.0803277,-0.0486742,-0.0830365,0.100951,0.000506563,-0.192078,0.0337625,-0.0984374,-0.113798,-0.197985,-0.177976,-0.0801691,-0.200364,-0.116656,-0.113565,-0.0795221,-0.0764383,-0.0560535,-0.12063,0.0175814,-0.0719086,-0.140122,0.0990106,-0.00242475,-0.0254191,-0.182837,-0.0518416,-0.049632,-0.135331,0.172422,0.0204926,-0.107956,-0.0674823,-0.0309598,-0.197273,0.251195,-0.0355751,-0.0446381,-0.065886,-0.00617435,-0.0797842,-0.0555251,-0.00653342,0.0885088,-0.0728075,0.0655051,-0.00132171,-0.0814025,0.0470991,-0.144881,0.0214985,0.162667,0.164694,-0.195525,0.081267,0.149907,-0.00171235,0.0312325,-0.179907,0.0797622,0.0390355,0.00788441,0.231691,0.077145,-0.0618386,0.206806,0.0209389,0.223696,0.0170527,0.0110031,0.205781,0.03953,0.0695085,-0.0290934,-0.0522644,0.0189264,-0.117711,-0.0475281,0.149267,0.138387,0.162549,-0.0371012,0.0121794,-0.0882674,-0.165247,0.0683425,0.0170891,0.0618505,0.032565,-0.101751,-0.0643189,0.053885,0.00663115,-0.0483369,-0.115439,-0.168397,-0.0172908,0.000662751,-0.0635099,-0.159748,-0.244933,-0.143538,0.0123356,-0.1692,-0.0137313,0.0279131,0.000492473,-0.218784,0.0505211,-0.0400394,0.00807953,-0.0781174,0.115721,-0.0109909,0.102956,0.0167884,-0.168804,0.264822,0.0565522,0.136186,0.156643,0.162584,0.152342,0.0464601,-0.0924631,-0.00424786,0.0166355,0.117255,0.143497,0.0800229,-0.0829459,-0.0657327,-0.104306,0.0280271,0.129338,0.110978,0.2583,0.0496933,0.138494,0.0868806,0.0576634,0.158807,0.0913921,-0.179601,0.210549,-0.0674719,-0.0965716,0.0690928,-0.0806804,-0.0680621,-0.171143,
-0.103955,-0.170904,0.016464,-0.0200945,-0.083041,-0.0761363,0.0414012,-0.0377732,0.0293265,-0.0712922,0.0705589,0.318086,0.00175826,-0.0118828,-0.229618,-0.059065,0.0814772,0.00985642,-0.0643875,-0.104304,0.0730185,0.0266978,-0.139289,-0.0393051,0.0114902,-0.163975,-0.103129,-0.161688,0.012298,0.0219267,0.0184151,-0.227143,-0.223427,-0.102669,-0.0175087,-0.0435927,-0.106461,-0.019418,-0.116332,0.0099874,-0.0452247,-0.187312,-0.000487268,0.0329558,-0.148956,0.00271726,-0.15122,-0.207237,0.0534677,0.00987165,0.139313,-0.194297,-0.0605437,-0.0343555,-0.0860676,-0.0215635,-0.0575323,-0.0513604,-0.00900964,0.0307428,-0.0519218,-0.0600685,-0.119895,-0.0324228,-0.128561,-0.0877358,-0.0791525,0.0177569,-0.148187,-0.302866,-0.0542623,-0.13587,0.0324129,0.00602426,-0.0475001,0.125194,0.0684732,0.0288169,-0.230911,-0.0701193,-0.0179023,0.0510015,-0.113624,-0.117897,-0.00832795,-0.0703257,-0.00254605,-0.00499246,-0.00665457,-0.070159,0.0548192,0.0197323,-0.193748,-0.230592,-0.0181943,-0.0589572,-0.0907717,-0.0966532,-0.111749,0.194089,0.0594942,-0.0920996,-0.148366,-0.139446,0.057794,0.140841,0.0670671,-0.0637217,-0.0952873,0.15377,-0.119614,0.0241481,-0.0451823,0.0322795,-0.0254484,0.0597299,0.159425,0.0347464,-0.10938,0.149775,-0.18062,-0.241209,-0.0378112,0.0717851,0.093587,-0.123665,-0.0676672,-0.166647,-0.128619,-0.103975,0.00630662,-0.169527,-0.0234934,-0.0528667,0.110703,-0.190485,-0.085562,0.0117495,-0.116112,0.0114937,-0.0807773,-0.211341,0.156789,-0.125154,0.0249409,-0.116485,-0.121284,0.0237769,-0.06445,-0.108726,0.0525749,0.0517917,-0.0351403,0.0660731,-0.0150871,0.0903819,-0.26866,-0.136062,0.151142,0.0128155,0.0137034,-0.00725726,-0.00839528,0.0710075,-0.0489994,-0.152777,0.0047275,0.0993877,-0.132777,-0.0190363,0.0255155,-0.0246054,-0.112495,0.299653,-0.137661,0.0507637,-0.0162843,-0.13383,-0.0786903,0.0282925,-0.0856191,-0.0216932,-0.163764,-0.0788095,0.0893609,-0.0224966,-0.0230972,-0.105623,0.0327624,-0.00921785,-0.0994037,-0.147547,-0.103974,-0.135796,-0.0682685,-0.0937466,-0.0117156,-0.196869,-0.028559,0.0200578,0.195714,0.0615094,0.111543,-0.0611322,0.0968119,0.0962897,0.0964403,-0.254073,-0.0298222,-0.0536679,-0.0441953,-0.00656303,-0.0669845,0.0703435,-0.104444,-0.0868301,-0.0810281,-0.0601126,-0.0513203,-0.0385508,0.111666,-0.00524109,0.0513105,-0.0236614,-0.0806269,-0.106448,-0.237327,0.0265948,-0.0771397,-0.00330155,-0.0415088,0.115066,0.255419,-0.335608,-0.012707,0.0529451,0.0397856,-0.0176089,0.0606018,0.0287734,-0.0612624,-0.199477,0.083514,-0.0874299,-0.00980332,0.360631,0.142088,0.0660428,-0.0133452,-0.0056418,-0.123857,-0.0801012,-0.103645,-0.0356052,-0.0240979,-0.210748,
-0.0971882,-0.0535795,0.0219747,0.00593606,0.0173613,0.0847547,-0.0970128,-0.0432635,-0.120797,-0.00451254,-0.00734847,0.118666,0.0444899,-0.141403,0.0795599,0.100675,0.0502575,0.0795219,0.125049,-0.00475837,-0.016573,-0.0848017,0.0197666,-0.13439,0.12539,-0.0534922,-0.259258,0.0410049,0.109832,0.111531,0.0153055,-0.263434,-0.120355,0.0181897,-0.0555239,0.0708649,-0.0457401,0.0283685,0.0244243,0.0286888,-0.00885074,-0.140746,0.0515637,0.0305946,-0.00236327,-0.0071406,0.0664495,0.0632495,-0.00957115,-0.170925,-0.0357937,-0.0902129,0.153667,-0.0432597,-0.00389466,0.0450884,0.0322213,0.0533768,0.0236527,-0.0324864,0.121236,-0.14147,-0.167363,0.118516,-0.0734819,-0.0660952,-0.111208,0.0568229,-0.00377963,-0.0175623,-0.0690888,-0.167638,-0.0528151,-0.0961172,-0.00513765,0.110699,-0.176623,-0.142266,-0.0297093,-0.0360473,-0.0588909,-0.0517198,0.051266,-0.0109392,-0.191561,0.108673,0.0848154,-0.112694,-0.119494,-0.0750935,0.104535,0.102236,0.0322431,0.00433473,0.163581,-0.0684753,-0.0396051,-0.0886789,-0.108529,-0.0572243,-0.0651552,0.0468588,0.0776732,0.012321,0.0638134,0.0299571,0.0694677,0.115733,0.0282935,0.0588263,-0.106095,-0.0495884,0.0260031,0.00308212,-0.0838896,-0.0696757,0.00978843,0.0896361,-0.115704,-0.0236609,0.100527,-0.288072,0.0614987,-0.0104161,-0.0142679,-0.0500364,0.132968,-0.0904496,0.0779682,0.0297465,0.018272,-0.0766866,-0.0778259,0.0486141,-0.088118,-0.0595876,0.0597987,-0.0538433,0.0254639,-0.116865,-0.101818,0.024923,0.0671387,-0.0952687,0.00497572,0.0975361,0.219327,-0.154048,-0.0674218,0.0211084,-0.0214842,0.0999589,-0.109034,0.226629,-0.0667863,-0.0222119,-0.147466,-0.0865238,-0.00254492,0.128899,0.0442176,-0.196865,0.0684538,-0.247729,0.0776796,0.0845416,-0.0304942,-0.0734206,0.108943,-0.0491734,0.07389,-0.086932,-0.136345,0.111929,0.130907,0.0165204,0.0344234,0.0854547,-0.103526,0.0252503,-0.0458865,0.0197841,0.182206,0.0625706,-0.0797835,-0.0728632,0.0806022,0.0130392,-0.0203209,-0.0455724,0.0238089,0.0862275,0.14041,-0.0335162,0.0484609,0.0793468,-0.096146,-0.129622,0.0457636,-0.130491,0.0479192,0.124597,-0.000210578,0.0606694,0.0560812,-0.0119529,-0.0690079,0.0234091,-0.0294336,-0.0548074,0.0352165,0.205782,-0.123997,-0.0217851,0.0291307,0.0285213,0.13383,0.00231354,0.0772733,0.055702,-0.235067,-0.0805937,-0.0248473,-0.0120995,0.199178,0.117184,0.0173243,-0.112444,-0.0735466,0.0795598,0.0359379,0.00544104,-0.0354182,-0.120959,-0.186838,0.0117281,0.116861,-0.0427119,-0.0404011,-0.0265837,0.0256556,0.046338,-0.0131588,-0.232944,-0.0389079,-0.044916,-0.0715239,0.165946,0.104838,-0.0817824,-0.140503,0.0839908,-0.0145077,-0.122204,-0.0638477,-0.0620896,
-0.0359605,0.0651876,-0.184523,0.0473882,-0.0408524,0.0320328,-0.235205,0.101422,0.00579624,0.00745114,0.0381137,0.0606553,-0.0901951,0.0582511,-0.112041,-0.00874552,-0.0878684,0.0384483,-0.164634,0.0280386,-0.22001,0.242945,-0.062793,-0.0573429,0.0568699,0.19318,0.0281782,-0.0405104,-0.0235772,-0.0879094,-0.075199,-0.0249976,-0.0412992,0.0035333,0.0578068,0.000709446,-0.0625062,0.0497834,-0.019607,0.0144645,-0.00751843,0.193103,-0.0595106,0.0154413,0.0971556,-0.0721738,-0.0431994,0.0668428,0.0628871,0.0200188,0.0406301,-0.233187,0.0190418,0.129849,-0.00869384,-0.238083,0.121861,-0.0407778,0.108954,0.0983079,0.00507692,0.00373575,0.125429,-0.127858,-0.151365,0.117294,-0.0254124,0.0380796,-0.00639394,0.083119,0.0772646,-0.00695297,-0.0433662,0.0330263,-0.0385771,0.0828418,-0.0599913,-0.0683086,0.262576,0.119747,0.0610582,0.196549,-0.145106,0.102655,-0.161441,-0.0642701,-0.0440877,-0.014707,-0.0501406,0.0529607,0.0505581,-0.132324,0.0619857,-0.0442435,-0.0379843,0.0318062,-0.13271,-0.0668971,0.0313337,-0.0696783,-0.0759422,0.00416431,0.0576246,-0.0952342,0.0403243,0.0371316,-0.039654,0.16136,0.115719,-0.0327962,0.0370769,-0.0352546,-0.131088,-0.0264984,0.0486592,-0.0234661,0.0568859,0.0224929,-0.00133304,0.0387904,0.0201007,-0.0105712,-0.0170077,0.092022,0.0656628,0.117068,0.0732935,0.106938,0.0783775,-0.0219946,0.0209697,-0.0340655,-0.077376,-0.118984,0.149195,0.11169,0.161547,-0.04857,-0.0855055,0.0275131,-0.0286605,-0.140692,0.0543696,0.084137,0.185139,-0.0450933,-0.16912,-0.00558542,0.0581251,-0.0829787,-0.00147674,0.01288,-0.089953,-0.0400156,0.117118,0.165055,-0.0970065,-0.000390265,-0.13268,-0.190852,0.024083,-0.0662872,-0.0756274,-0.0705865,0.0171941,-0.0575192,-0.100829,-0.174453,-0.138953,0.00715933,0.0894288,0.0360286,0.0029097,-0.00521814,-0.0429547,-0.0883341,-0.0470371,0.152441,-0.040619,0.0526941,-0.0830594,-0.0615891,-0.00217644,0.0469896,-0.0431708,-0.17713,-0.0424986,0.0424011,0.100905,-0.0091595,-0.192504,-0.0100835,-0.221257,-0.0821294,-0.0248726,0.0377793,0.16119,0.115062,0.00944876,-0.0225535,-0.025579,-0.111599,-0.110206,0.101069,-0.0679256,0.203822,-0.017624,0.0948061,-0.00634976,0.0147135,0.121302,-0.062966,-0.111381,-0.0166705,0.134269,-0.0511303,-0.0836521,0.0294936,0.0882252,-0.0233945,-0.131504,-0.0677433,0.00844689,-0.1368,0.0305207,0.0139781,-0.0149081,0.0244359,-0.0836393,0.103578,0.153086,-0.0426031,0.0169426,-0.2106,-0.00293598,0.121483,0.0237356,0.0741356,0.0683177,-0.165294,0.145999,-0.145299,0.11631,0.0687913,0.0302336,-0.0102253,-0.102559,-0.0265153,0.0360175,-0.0838738,0.0405886,-0.0881668,0.040998,0.0736841,-0.071352,0.027677,
0.021908,0.0575879,0.0769084,0.0517577,-0.0628916,-0.12849,0.0757183,0.0716011,-0.0743634,0.0284171,0.0133571,0.109751,-0.0854106,-0.0806279,0.0487283,0.0292956,0.0227225,-0.0285712,-0.0842923,-0.0130503,-0.0980522,0.0774429,0.108262,0.0479991,-0.0727763,-0.0398417,-0.129622,0.183972,0.0761175,0.0152327,0.0412867,0.171933,-0.0129971,0.0452542,-0.0747776,-0.128412,0.154679,0.0468124,0.056519,0.0297073,-0.0609892,0.136276,0.0162552,-0.0925734,0.0250223,0.0935396,0.0546279,0.0481118,0.182656,-0.0103956,0.191216,-0.0844004,-0.1093,-0.0556902,-0.0555752,-0.0110977,0.0482764,-0.127446,-0.0412606,0.0597365,-0.00349004,0.0130724,0.119514,0.0632984,0.00502676,-0.025892,0.0381247,-0.0922737,-0.135685,0.0896313,-0.0820283,0.122754,0.0207569,-0.0369386,-0.0494024,0.0881078,-0.158841,0.0931882,-0.0829695,0.0686482,0.128977,0.0405742,-0.111904,-0.0589567,0.0552978,0.030314,0.00698014,0.049669,-0.0751963,0.105489,-0.0319039,0.0655746,0.0238011,0.0184593,0.0272682,0.0255662,0.180366,0.10966,0.062078,0.131045,0.0798846,0.106436,0.0850328,0.240134,0.0516219,-0.152083,0.0228947,-0.017461,-0.0377963,0.100918,0.0316917,0.133625,-0.0510766,0.0324641,0.0298242,0.0541938,-0.0161475,0.0658643,0.132458,-0.179932,-0.0737199,0.0672247,0.0149639,0.240527,-0.131957,0.12885,0.0698243,0.106484,0.164703,-0.115809,-0.120116,0.172043,0.113044,0.0521359,-0.124849,-0.0794517,-0.104481,-0.120571,0.0714912,0.0603265,0.0640968,-0.0498091,0.0348778,-0.0102453,0.0122822,-0.00864715,0.121287,-0.00579713,0.0724617,0.164003,-0.0286118,0.102303,0.071631,-0.0870834,-0.0408028,-0.000561463,-0.0990164,-0.180047,-0.0799269,0.039112,0.0116972,-0.048302,0.0579661,-0.0825253,0.143344,-0.0564761,0.0300507,0.0622096,-0.0333651,0.0212508,-0.0470116,0.109115,0.0985931,0.0362697,-0.161632,0.102531,0.0158172,0.0986419,0.0757424,0.0310835,0.12954,0.209707,0.141026,-0.00221609,0.016515,-0.0753964,-0.0221492,-0.0578808,0.0491908,-0.0482552,-0.0282525,-0.117366,-0.0523677,0.0557485,0.120203,-0.262608,-0.0714066,-0.0601328,0.00479843,0.102736,-0.0202514,-0.0308152,-0.0083752,0.0843266,0.111493,-0.126699,0.0263749,0.0370384,-0.00892464,-0.126081,0.17806,-0.153394,-0.0880495,0.0535979,0.0565073,-0.0251203,0.0872182,0.121139,0.0758119,-0.0553247,-0.0391856,0.10862,0.178958,-0.0340591,0.0262325,-0.0218437,0.0877653,0.133144,-0.092027,-0.00180739,0.0189494,-0.0415638,0.0206483,-0.0993792,-0.0581271,0.0616473,-0.0543247,0.0602139,-0.00357586,-0.105585,0.259617,0.160025,0.120384,-0.00498092,-0.0114699,0.0377201,0.17128,-0.0577893,-0.0105745,-0.0553722,-0.0428294,-0.0687482,0.0407803,0.0153295,-0.101759,-0.0532862,
0.0310403,-0.0641477,0.0643819,-0.0298228,0.000581069,0.0610569,-0.0260027,0.016139,-0.042868,-0.0381301,-0.0994088,0.105493,-0.0359582,0.0391171,-0.0402153,-0.0296933,-0.0834526,-0.0130881,0.234335,-0.0373478,0.137999,0.0130552,-0.0537737,-0.0218043,-0.0544907,0.0112621,-0.0202241,-0.0420095,0.0677103,0.0499504,-0.0592137,-0.0791878,-0.127414,0.006147,0.0927277,0.0305184,-0.0824692,-0.0856167,-0.00336721,0.00293721,-0.0136658,-0.109187,-0.0802719,0.0726904,0.00502769,-0.141743,0.181911,-0.0155944,0.0518884,-0.044034,-0.0744382,-0.00327307,0.147678,-0.108282,-0.139291,-0.0140988,0.187291,0.00331061,-0.0184332,0.109608,0.113726,-0.0222696,-0.117069,-0.0179427,-0.0447283,0.0311152,-0.162721,0.0502564,0.107678,-0.110064,0.0178369,0.0212688,0.164496,0.0612253,0.0109137,-0.00159554,-0.0190123,-0.0108587,-0.0864199,-0.0752287,0.0189705,-0.0598846,-0.0650656,-0.156129,-0.0172536,0.0204158,0.024478,0.100594,-0.0873916,-0.0779985,-0.164971,-0.0677771,0.0323012,-0.0291427,-0.00949307,0.0243358,-0.0579313,-0.219219,-0.0211683,0.172555,0.0677305,0.0861685,-0.198781,-0.0795348,0.0897145,-0.145569,0.0801169,0.0586234,0.0596887,0.0148351,-0.166861,0.025214,-0.165443,-0.0301135,0.0512029,-8.82965e-05,0.0419322,0.0807368,-0.027068,-0.0975717,-0.0516591,0.0962805,0.00650224,-0.0727031,-0.0133064,0.0817024,-0.0803279,-0.00172734,-0.0741109,0.121725,-0.0894575,-0.117756,0.0916275,0.0500555,-0.0149285,-0.0285321,-0.102138,-0.0553451,-0.139328,-0.0475414,-0.187027,-0.106169,0.0128735,-0.0290149,0.0350181,0.0200859,0.0430847,0.0162611,-0.020579,-0.0884928,0.11933,-0.0620687,-0.0184927,0.110557,-0.0430562,0.0141879,-0.00685538,-0.0598544,-0.118721,0.0316543,0.120412,-0.00238897,0.124033,-0.0200177,0.0729445,0.0305399,-0.125348,-0.0198929,0.113434,-0.17378,0.0252733,-0.123972,-0.160843,0.13423,0.100559,-0.0252173,-0.0763031,-0.0879556,0.114169,0.0441818,-0.0213516,0.0205196,-0.0635956,-0.00106983,-0.0441906,0.100165,0.0256461,-0.125823,0.0968918,0.104144,0.0823528,-0.0458923,-0.122087,0.00179547,-0.0884944,0.0150816,-0.0812497,-0.0892446,0.059455,0.0683586,-0.0193766,0.0246099,-0.00516994,-0.0668682,-0.0371454,0.176078,-0.0413192,0.00194557,0.0975894,-0.0993263,0.0634802,0.130376,0.0465486,0.095247,0.0250246,0.0244147,-0.00332998,0.131399,-0.0430646,0.0181586,-0.156928,-0.00166061,0.202126,0.076708,0.13166,-0.0613825,-0.143085,-0.189433,-0.106819,0.045911,-0.0524118,-0.107871,-0.224518,-0.0125914,-0.00272096,0.0668592,-0.123346,0.217285,-0.0542755,0.0294533,-0.0181041,-0.23041,-0.173325,-0.0181903,-0.0267643,-0.0507904,0.0565508,-0.0285809,0.0341812,0.0818924,-0.0393931,-0.136753,0.0596005,-0.050954,0.157861,-0.199187,
-0.212473,-0.268805,-0.170101,0.0288595,0.147229,-0.139532,-0.0536297,-0.0717257,-0.00813652,0.143689,0.0385344,0.115609,-0.050772,-0.137575,-0.16022,-0.0056783,-0.120661,0.127976,-0.0891473,-0.0944601,0.0785882,-0.0809263,-0.133849,-0.118121,-0.0858275,0.0383507,0.0483289,-0.0836748,0.0674625,0.0760513,-0.163344,-0.0793721,-0.227254,-0.0528894,0.0564486,-0.0529668,0.111691,-0.0468312,-0.0805645,0.0735197,-0.0212788,-0.0595814,-0.0834405,0.0231201,0.0241331,-0.0444272,0.0462874,0.13443,-0.0789749,0.0174288,0.122542,-0.0844803,-0.242597,-0.0364661,-0.297355,0.10747,0.0506904,-0.0375248,-0.139383,-0.0979417,-0.0458049,-0.115247,-0.0480855,0.167689,-0.0806448,-0.177301,-0.200248,0.0582247,0.0470631,-0.370016,-0.115571,-0.142188,-0.0257786,0.150515,0.010361,0.232046,-0.0338707,-0.0376257,-0.0232318,-0.206603,-0.102323,0.0336612,-0.00490309,-0.06277,-0.0774524,-0.154657,-0.0969768,0.0533861,0.0536199,-0.0130154,-0.0225213,-0.0814381,-0.139238,-0.153102,-0.0998573,-0.12302,0.0981812,0.117657,-0.0794061,0.368179,-0.000646169,-0.101547,-0.109437,-0.174848,0.00745729,0.0633484,-0.157762,-0.171044,-0.10139,-0.0473253,0.0995886,-0.0426875,-0.0769642,-0.211162,-0.0357058,-0.0534452,0.0312485,-0.0513521,-0.0267514,0.0815238,0.00768343,0.0150166,-0.0948669,-0.0486352,0.0956619,0.0443008,-0.16489,-0.0622696,0.0281909,0.15197,-0.102358,0.080091,0.0366322,0.116355,-0.0177734,-0.132778,0.124989,-0.0451766,-0.0230298,-0.150041,-0.0764976,-0.103365,0.0232817,-0.00133385,-0.0466371,-0.1015,-0.0621661,0.060449,-0.0222114,-0.0587743,-0.164162,-0.0527833,0.0741554,0.0690661,-0.0589476,-0.0993512,-0.298929,0.0173514,-0.0312695,-0.084565,0.110135,0.00406754,-0.153285,-0.0232661,-0.198089,-0.0756095,0.0303862,0.0310578,-0.0209156,0.142204,0.0455009,-0.0328605,0.0981561,0.296566,0.0635352,-0.0697637,-0.0108662,-0.125067,0.0684037,-0.0199036,-0.0817419,-0.0323351,-0.111713,-0.0221703,-0.0321277,-0.00220094,0.0407642,-0.0703501,0.135002,-0.0532207,0.120079,-0.126918,0.00815352,-0.156129,-0.00384661,0.0182468,-0.139774,-0.05788,-0.010066,0.0313116,-0.096424,-0.00477032,-0.261054,-0.151254,-0.0155529,-0.0229299,-0.0454144,-0.143195,0.106515,-0.13191,0.0883285,-0.0809923,-0.0936228,-0.123595,-0.200891,-0.0629044,0.0749836,0.0668934,-0.201411,-0.128733,0.121189,-0.0513954,0.0558213,-0.0902266,-0.013663,-0.00399958,0.0640317,-0.220957,-0.029521,-0.0525142,-0.0560187,0.0849161,-0.0764785,-0.17076,0.0349322,-0.103719,0.0341762,0.0451839,-0.00511023,-0.0614502,-0.111895,-0.12351,-0.0582594,-0.129398,-0.107266,0.102572,0.258941,-0.0769108,0.0785321,-0.0250835,-0.100826,-0.110647,-0.0628186,0.0193308,0.0121038,-0.152042,
-0.122611,-0.174203,-0.0954288,0.0665827,0.0861369,-0.149468,-0.111488,-0.026513,-0.0276777,-0.0175512,0.0208082,0.196847,-0.402763,-0.0835217,-0.16523,0.0817341,0.164333,0.0397044,-0.0280237,-0.138789,0.0225551,0.0280643,-0.0956707,-0.17459,-0.140175,0.0284766,-0.00996229,-0.231111,-0.0625447,0.0741698,-0.074766,-0.163306,-0.165226,-0.010583,0.191882,-0.0786808,-0.0578778,-0.0557432,0.129937,-0.133086,-0.280391,-0.234169,-0.189305,0.052598,0.0312356,-0.0933477,-0.134717,-0.0946278,-0.0119742,-0.115158,0.0416542,-0.0571022,-0.0828315,-0.0908977,-0.0751089,-0.00157518,0.0507342,-0.0891718,0.0548319,-0.100684,0.0384508,0.0938155,-0.0758149,-0.00383577,-0.166585,-0.169382,-0.0922192,0.073798,-0.168751,-0.290874,-0.132193,-0.0307932,0.0980022,0.152642,-0.0650026,-0.029203,-0.20816,0.0582011,0.00173675,-0.0673627,-0.0492358,-0.00432769,0.0638966,-0.166979,-0.076979,0.0505041,-0.0700512,-0.0765093,-0.0837615,-0.0479061,-0.0545523,-0.0849983,0.0132076,-0.0916697,0.134985,-0.0437364,-0.145501,-0.233624,-0.0620207,0.24037,-0.0534722,-0.0497403,0.0285681,-0.278798,-0.0624283,0.099945,-0.143727,0.0889155,-0.0539987,-0.000610252,-0.0975538,0.0682802,-0.119189,0.123812,-0.106564,-0.108387,-0.0645842,-0.172534,-0.00166031,0.111209,-0.168574,0.00802372,-0.0969078,0.156876,-0.210712,-0.0583374,-0.0446492,-0.106098,0.0548049,-0.10643,0.0295794,0.0859316,-0.08986,0.0022438,0.0454669,-0.171975,-0.0149277,0.0639275,-0.0189953,0.120649,-0.163092,0.0520423,0.0504452,-0.0839534,0.031206,0.0770328,0.00213469,0.00208437,-0.0672822,-0.0417202,-0.0969687,0.244794,-0.0590458,0.0753586,0.0203304,0.0253098,-0.225014,-0.036886,-0.0864407,0.0752955,0.0692844,-0.0501314,-0.0862927,0.0865849,-0.0816324,0.0901345,-0.0996795,0.0163048,0.100427,-0.118423,-0.0159262,-0.171404,-0.217011,0.297793,-0.0476373,0.161248,-0.0304661,-0.127271,-0.0508497,0.0334699,-0.15057,0.0124732,-0.0925806,0.0187164,-0.2005,-0.25515,-0.0349425,-0.00471551,-0.0645944,-0.0120833,0.20207,-0.0312835,0.0556298,-0.0748571,0.141901,0.0521268,0.0483726,-0.0792112,-0.0363782,-0.0307285,-0.0130303,0.0327553,-0.135747,-0.00953869,0.115199,0.0716341,-0.0619986,-0.0665602,0.109191,-0.0469763,-0.143924,0.0395726,-0.0269016,0.10975,-0.000791446,-0.10724,-0.0371459,-0.0372213,0.0828964,0.0271195,-0.0534336,-0.04095,0.115946,0.199663,0.179596,0.072269,0.0312714,-0.0871221,-0.186117,0.041326,-0.207068,-0.0355633,0.153583,-0.139396,0.130928,0.116154,-0.0819857,-0.0908797,-0.0777311,0.0412835,-0.052262,-0.162395,-0.0362592,-0.16658,-0.155003,0.0872082,0.187889,-0.00565299,-0.166107,0.0285721,0.0225105,-0.116852,-0.0394273,-0.0320014,0.193583,0.0225424,
-0.00372857,0.0803698,0.0278333,0.00459617,0.0473368,-0.0526266,-0.149681,-0.061018,0.125122,-0.0386992,0.0742622,0.179035,-0.0850786,-0.0958741,0.00584478,-0.12147,0.0913208,0.0234496,-0.113145,0.0407372,0.0705396,0.103736,0.0121377,0.0457035,-0.103959,0.0914178,-0.082576,0.0645796,-0.0687851,-0.0878622,-0.0646547,0.0148476,0.153165,-0.00553321,2.51012e-05,0.195681,-0.0246376,-0.0349888,0.0123701,0.0224903,-0.197916,0.0460972,0.157952,0.135678,0.0608067,0.0476887,-0.00689575,0.0429454,-0.136343,-0.142567,0.341126,0.116301,-0.00701151,-0.0554896,-0.170338,-0.145734,0.000707677,0.0137379,-0.225328,-0.032556,-0.0723378,-0.0347989,0.0244575,-0.0726716,0.0563033,-0.149164,0.135034,-0.0239809,0.074094,-0.0230754,-0.314877,0.24496,-0.243668,-0.0727089,-0.0134129,-0.00416304,-0.176045,-0.0488785,-0.0566817,-0.0519286,-0.0063197,-0.0486485,0.0436852,0.066525,0.0129935,0.176999,-0.0572514,-0.0675937,0.0291733,-0.171975,0.00975678,-0.0489877,-0.00312902,0.0924834,0.119879,0.0461513,0.0896329,0.0335082,-0.0455019,0.0548619,-0.084648,-0.076732,-0.00569887,-0.0456674,-0.073055,-0.051969,-0.149314,-0.119513,-0.0545391,-0.0103047,-0.0358997,0.0781985,0.00809875,-0.0256327,0.0585953,0.096077,-0.0300974,0.0261157,0.0125002,0.0613037,0.0537086,-0.173002,0.0515789,-0.0549349,-0.0384865,0.196168,0.11683,-0.0820628,-0.00997475,-0.032169,-0.0473499,0.114632,-0.13391,0.0288945,-0.00980175,0.0702287,-0.0126681,0.0598822,-0.104565,0.0790813,0.197004,-0.0480116,-0.0705263,0.175769,-0.269373,-0.305758,0.00562944,0.0871715,-0.109175,-0.128148,0.100186,-0.0298324,-0.0022417,0.131086,0.00683407,0.102689,0.111119,-0.0262539,0.000568457,-0.0999313,0.0381271,-0.0971158,-0.112524,-0.159599,-0.14873,-0.00648858,0.0317238,0.291128,0.0888173,0.0663322,0.140799,0.0246462,0.154525,-0.0103034,-0.23197,0.00265656,-0.0763578,0.0668906,0.051301,-0.0281644,-0.0484723,0.0626458,-0.121853,0.0549004,0.0714459,0.114327,0.17687,-0.0794934,-0.000887859,-0.056469,-0.00527921,-0.00230397,-0.143217,0.128062,0.144237,0.10263,0.105842,-0.10454,-0.146356,0.00259771,-0.0495127,0.196108,0.114131,-0.0399077,0.100093,-0.0396567,-0.156663,-0.115989,0.0562675,0.112474,0.00423054,0.0076854,-0.0721547,0.0150751,-0.233506,-0.0788001,0.146979,-0.0156897,-0.00285531,0.0149416,0.214543,-0.174705,0.326184,0.122306,-0.14064,0.00302027,0.237142,0.0809126,-0.111632,0.00200189,0.219588,-0.013754,0.0498404,0.0889737,-0.103199,0.104443,-0.166111,-0.0448268,-0.0123762,0.0678524,-0.0494946,0.0410707,0.0139869,0.195743,-0.00326332,0.10645,0.0537154,-0.00791217,0.0450622,-0.0348229,-0.0201774,0.133994,-0.0380127,0.0701206,0.089507,0.00868036,
-0.00616985,0.0181965,-0.0374209,0.165166,-0.0894629,-0.179289,-0.0506507,-0.0426212,-0.182139,0.0272666,0.0198,0.0732483,-0.103667,-0.0363169,0.123203,0.099421,0.131753,-0.122858,0.0073397,-0.142293,0.0852128,0.122863,-0.0924223,0.171384,-0.119121,0.021791,0.163302,0.0244039,-0.0957628,-0.021881,0.0970137,-0.155929,0.0261967,-0.0342317,0.0520718,0.142308,-0.112359,-0.000588815,0.0419601,-0.0547326,0.10856,0.00642432,-0.108186,-0.0243858,-0.299388,0.092619,0.0510304,0.000474713,0.174879,-0.05469,0.0571319,0.0349889,-0.114377,-0.216449,-0.134501,0.153086,0.0689136,0.036041,0.0427149,-0.011592,0.0547791,0.0101723,-0.120496,-0.180881,-0.129858,0.0377995,0.0810097,-0.0704567,-0.206224,0.0639623,0.0220521,0.0678992,-0.0202165,0.0642316,-0.02446,0.0669448,0.00196809,0.0437556,-0.0116918,0.0978715,0.0718352,0.0286804,-0.0733118,-0.00276822,0.152832,-0.0429173,-0.105317,0.133512,0.105083,-0.0354022,0.0443341,-0.124716,0.117154,0.0256534,-0.0577978,-0.000871578,-0.0590041,0.0192626,0.0601734,0.0381309,-0.0545972,-0.0194571,0.052991,-0.144042,-0.028766,-0.0317847,-0.027707,-0.0216861,-0.0793173,0.0832324,-0.047967,-0.126995,-0.107503,0.0131242,-0.101233,0.0401138,-0.0731603,-0.024242,-0.0219466,-0.224145,0.061292,0.0942623,-0.0773519,-0.211675,0.104768,-0.0169252,-0.0561427,0.0564496,0.108608,0.00232334,-0.0753671,0.0908168,-0.14547,-0.0120297,0.0719881,0.0192361,-0.0977758,0.137523,-0.00671632,0.111974,0.0656893,0.047554,-0.00690554,0.0541992,-0.0356538,0.0254241,-0.216085,-0.0170317,-0.0208852,-0.19813,0.113791,-0.125469,0.111781,-0.0721613,-0.0748598,-0.0389909,0.0205841,0.0614686,-0.000736974,0.0227537,0.119894,0.151814,0.0645881,-0.0164394,-0.0544953,0.0936198,0.14119,0.068736,-0.216899,0.113511,0.08226,0.0321743,0.117416,0.0310235,0.0265373,-0.070242,0.081541,0.133995,-0.0374084,0.0749983,-0.0525197,0.0523861,0.0953675,-0.0847567,0.110526,0.101344,-0.0495164,0.0858772,0.0367078,0.00439734,0.000634874,-0.041967,-0.0173518,0.0315059,0.00491074,-0.0315545,0.0489575,-0.0914567,-0.140823,0.041777,-0.00239277,-0.0712993,0.0674499,0.0527835,-0.114584,0.153609,0.0217835,0.0882039,-0.07527,0.0784862,-0.0222373,-0.0399503,-0.0415528,0.199919,-0.107949,0.0464062,-0.0965476,-0.0185191,0.246951,-0.072458,0.0538722,-0.132294,0.183412,-0.00439575,-0.0156958,0.0302243,-0.00207721,-0.0498893,-0.0686603,-0.0902231,-0.113291,0.0670749,0.184341,0.0363848,0.145932,-0.0963877,-0.101284,0.0848857,0.127021,0.0433743,-0.0434803,-0.104055,0.211999,0.0218352,-0.0644576,0.0760664,0.102761,0.168465,0.0499355,0.00609087,0.0746649,0.227627,-0.0428016,-0.0680923,0.0438097,0.0227692,
0.00186179,0.097915,0.0207845,0.0684324,-0.0808122,0.080555,-0.175558,-0.204745,0.0256971,-0.00971562,-0.0519151,0.000154196,0.0134276,0.0513926,0.0273367,-0.00411172,-0.0009416,0.00387827,0.108368,0.104937,-0.208068,0.0659227,0.0417941,0.0472457,-0.0209369,-0.0912972,-0.0680356,-0.048929,-0.0495375,0.087015,-0.0849379,0.0178767,0.151746,0.171568,0.118332,0.130378,0.050398,-0.000234145,0.0454176,-0.0729304,-0.0641082,-0.0602287,-0.0534371,-0.138274,-0.0411743,-0.0325029,0.00321391,0.120487,-0.0223607,0.00644756,0.343637,-0.0693783,0.0894848,-0.108743,-0.0632232,0.0568852,-0.0262546,0.0622666,-0.111582,0.00740343,-0.0454444,0.163822,0.101595,-0.143714,-0.0402793,-0.0167877,-0.0425516,-0.0122367,-0.0392457,-0.0991342,-0.154502,0.119928,0.0803367,-0.0565041,-0.0357599,-0.0743592,0.00385064,-0.0571362,0.00387195,-0.0235764,0.0944775,0.0418647,0.0799761,-0.100436,0.0912319,-0.0688654,-0.154253,-0.0218765,0.00309044,-0.122649,-0.186215,0.0465127,-0.118212,0.130585,0.163763,-0.0172147,0.196791,-0.165572,0.0840975,-0.0469472,-0.140373,-0.00316805,0.086634,0.0786158,-0.0889781,-0.0296036,0.117744,-0.220674,-0.00576506,0.0481006,-0.148211,-0.0281135,-0.00929259,-0.00648365,0.0581525,-0.100943,0.00728166,0.069026,0.0033908,-0.180622,0.114032,0.0223229,0.00999303,-0.00500984,-0.0446993,-0.0481766,-0.0408442,-0.163308,-0.0599118,0.0175057,-0.0485301,0.113207,-0.0113233,-0.118262,0.06392,-0.0460722,-0.246942,0.0676798,0.191237,0.0075267,0.0199815,-0.0285448,-0.056032,0.0158882,0.106909,0.0867174,-0.126434,-0.0560199,-0.0524336,-0.110642,-0.0542303,0.0941204,-0.0491542,0.142157,-0.0363574,-0.000148997,0.0277075,-0.0712338,0.0165884,-0.0229685,0.0502887,0.0692636,0.178389,-0.0639485,0.107835,0.0966995,0.0846234,0.235518,0.178087,0.00245019,0.0802183,-0.0710915,0.140364,0.101546,-0.169819,0.0446181,-0.0778101,-0.0148495,0.0389971,-0.0545672,-0.00203219,0.19999,-0.0704794,0.127326,-0.0582672,0.0214491,-0.0579519,0.0594402,-0.0713066,-0.109978,-0.0971391,-0.0989174,0.153382,-0.09124,0.158439,0.042688,-0.13209,0.153084,0.0664513,0.0493727,-0.0966522,-0.0243896,-0.0094193,-0.0483178,0.0329676,-0.0651428,0.00514069,-0.125132,-0.0615917,0.0780475,-0.0843193,-0.0133309,-0.110485,0.0827878,0.0562095,-0.0846321,-0.0778509,-0.152324,-0.00896755,0.0271946,-0.0425367,0.0462457,0.261844,-0.0641528,0.0616357,0.116797,0.14241,-0.0695577,0.0959816,0.0318787,-0.000821945,-0.0639019,0.197157,-0.00372088,-0.0025469,-0.0305984,-0.134875,-0.0926519,0.0389302,-0.0906728,-0.0585232,-0.0446339,0.0341836,0.0288349,-0.157609,-0.0195728,0.074468,-0.0480138,0.163378,0.144192,0.0604482,0.127123,-0.0254239,-0.104472,0.00893747,-0.142347,
0.0776231,-0.137657,-0.0167071,0.0398598,-0.0165651,0.0408175,-0.06672,-0.184074,-0.0489566,-0.120306,0.0582398,-0.190359,-0.21297,-0.106115,0.0124831,0.0314631,-0.012881,-0.144572,-0.105999,-0.0693898,-0.105345,-0.0893765,-0.176863,-0.124385,0.0668887,0.00896959,-0.00200049,-0.0116552,0.0978555,-0.013136,0.010868,0.0482622,-0.101177,-0.0679354,-0.00432815,-0.179051,0.0646333,-0.00884749,0.00989119,0.13204,-0.123146,-0.103952,-0.120884,0.0694244,-0.136335,-0.129685,-0.0347504,0.0596696,-0.0167238,-0.0558102,-0.110054,-0.153239,0.0660721,0.0451518,0.166817,0.0800764,-0.0239986,0.040574,-0.118731,-0.0317295,-0.0412539,-0.00897879,-0.0045628,0.0403869,-0.0745885,0.00810911,-0.138886,0.139603,-0.138356,-0.114691,-0.00984151,-0.164709,0.0234345,0.0220838,0.0342091,-0.0574498,0.0944588,0.16541,0.0624001,-0.0599356,-0.0350025,0.181613,0.0957569,-0.0324073,0.0466659,-0.10552,-0.132328,-0.0652576,-0.0861894,-0.061625,-0.204387,0.0220829,-0.0628196,-0.0346882,0.0837773,0.0417913,-0.130545,0.0985986,-0.0144469,0.0849741,0.0733969,-0.214377,-0.0401194,-0.0622282,-0.104692,0.150661,-0.0674808,0.0692494,0.0696169,0.0978582,0.0125097,-0.04769,0.0256477,0.0111499,0.032042,-0.103542,-0.115046,0.00808169,-0.103062,-0.0482436,-0.0946372,-0.0323184,-0.0458887,0.08704,0.122474,0.0410243,-0.0385168,-0.00494895,-0.0819696,0.0755711,0.0158623,0.0841283,0.0390856,-0.0571329,-0.00538792,0.0152188,-0.0204249,0.0156887,-0.031972,-0.227291,0.124984,-0.00016255,-0.0777424,-0.0700868,-0.00847888,0.0814403,-0.14867,0.0332113,0.00602667,-0.0555016,-0.111166,-0.187298,-0.0222385,-0.128835,0.0307873,-0.183133,-0.175671,0.156485,0.0102429,0.0692502,0.00505146,0.0738777,0.0664331,0.0959953,0.108681,0.080971,-0.0911616,0.156587,-0.108488,-0.0807772,0.00445664,0.0693213,0.013942,-0.0627086,-0.0522107,0.170327,0.0742901,0.0984149,0.0746947,0.114834,0.0276084,0.159512,0.0144066,0.0998101,0.121412,0.0322862,-0.0382849,0.0399239,-0.104448,0.0845537,0.0842727,-0.0564031,-0.0402457,-0.0663833,-0.0699876,-0.161849,0.109391,-0.0231917,-0.113662,0.0914242,0.0352058,-0.0510232,0.046812,-0.0196679,0.0562293,0.00488099,0.116614,-0.0665533,-0.120506,0.0219684,-0.00211931,-0.0414601,0.0250924,-0.0745221,-0.108443,-0.0204586,-0.00940042,-0.0763367,0.0697631,-0.148533,0.0442815,0.172794,-0.054244,-0.0847126,-0.0773302,-0.130466,-0.16846,-0.0473928,0.0965168,-0.0274217,-0.0965402,-0.0631234,0.0276319,0.0167801,-0.00351717,-0.0225697,0.0952252,0.012456,0.130329,0.0510531,-0.0690881,0.0956018,0.023908,0.0694056,0.0342971,0.1071,0.043272,-0.00203432,0.0458668,0.0270042,0.00661097,0.0927052,0.0659822,-0.0275737,-0.0398726,-0.0884893,
-0.0343075,0.106685,0.0658759,0.148381,-0.00107217,0.0422435,0.0278709,-0.00448166,0.0959628,-0.241472,-0.11095,0.0762437,-0.0566835,-0.0740772,0.0889393,0.0607513,0.0355507,0.13949,-0.0166103,-0.139484,-0.121362,0.139839,-0.0107622,-0.0136759,0.095579,0.0828075,-0.185551,0.130886,-0.13883,-0.0846241,-0.0355285,-0.0375374,0.0563131,0.0103961,-0.0988419,-0.151793,0.0827574,-0.128734,0.12218,0.207563,-0.0578301,-0.0175155,0.0354759,0.153821,-0.220321,-0.0183992,0.0484591,-0.101594,0.0115321,0.11184,0.0680769,0.0705377,-0.0275262,0.123377,-0.112711,-0.241395,0.0350829,0.168542,0.0424009,0.0190742,-0.0212224,-0.212586,-0.097375,-0.100381,0.0286774,0.117213,0.0877916,-0.18837,0.0865818,0.0219597,-0.0967162,-0.0129888,-0.0770523,-0.187311,-0.0140552,0.157553,-0.0558916,0.162691,0.0342739,-0.00547153,0.243975,0.0316214,0.01875,-0.021866,-0.0122342,0.196343,-0.211098,0.00328774,-0.101869,0.0881071,0.0755583,0.144091,-0.0336912,-0.135446,-0.1619,-0.0403395,0.0294064,-0.136115,-0.163717,-0.0394989,0.0484494,0.0393871,-0.0319986,0.164685,-0.110766,-0.0374334,0.037908,0.0649983,-0.0625458,0.0676888,0.000367276,0.00505462,0.128113,0.158949,-0.097027,0.0919964,0.02588,0.0462359,-0.0546594,-0.0691811,-0.114032,-0.0840456,0.0039021,0.094347,-0.0073615,-0.200374,0.0302903,0.0888804,-0.19919,-0.0136151,-0.0428282,0.102305,-0.0673151,-0.0480735,0.226119,-0.137835,0.0464672,0.0526057,-0.0502624,0.0152983,0.0872033,0.0411905,0.0535045,-0.0313984,-0.229532,-0.114699,-0.0760264,-0.0903081,-0.0301931,-0.122975,0.0122841,0.00164641,0.00960106,0.0367545,0.0280975,0.0625851,-0.109634,-0.00923805,0.126464,-0.00140796,0.0590363,0.0065716,0.0513692,-0.00834889,-0.000421862,-0.0658761,0.058148,-0.0401526,-0.12711,-0.0741157,0.13978,-0.157724,-0.119796,0.00748882,0.0481058,0.194459,-0.0136711,0.10216,0.0739619,0.0939525,0.142962,0.0470899,0.118057,-0.0205926,0.0125416,-0.0613168,-0.0301314,0.26676,-0.102126,-0.0688519,-0.075263,0.133944,-0.15596,-0.0853528,-0.00824248,-0.0204014,0.0760668,-0.00886956,0.0310076,-0.0474674,0.0170963,0.141425,-0.0698886,-0.0793622,-0.0393535,-0.0603494,0.0655694,-0.0829553,0.0662037,-0.0950171,0.0059453,-0.0545734,-0.0988846,0.0463924,-0.102998,-0.066505,0.0230606,-0.12333,-0.0583016,-0.0998478,0.170054,-0.0958552,0.0535131,-0.0382752,0.137848,0.00991082,0.131984,-0.0255497,0.0191202,0.0891251,-0.0223714,0.191493,0.17747,0.00244221,-0.00336073,-0.00995893,-0.199367,0.080738,0.0569598,0.160316,0.0140023,0.0884093,0.028445,0.0307011,-0.0793459,-0.00516145,0.0442907,0.10677,0.153467,0.0715886,-0.0370163,0.0514279,0.0200826,0.0519141,0.0417281,-0.153955,
0.0564369,-0.0157105,-0.00209789,-0.0278951,0.0823355,0.0632426,0.117936,0.0598338,-0.207739,-0.074246,0.148589,0.029334,-0.103216,-0.088502,-0.180399,0.0199799,-0.0654366,0.136724,-0.135234,-0.0686845,0.0566353,-6.7988e-05,-0.0984834,0.0166323,-0.0391535,-0.00389183,-0.0322659,0.120503,0.0648396,-0.0533701,0.125508,0.110379,-0.192426,-0.0668423,-0.13913,0.0336658,-0.152599,-0.0575204,0.00535613,0.0684661,0.0266833,-0.0313781,0.008822,-0.000975491,-0.0692049,0.0699394,0.0287578,-0.0207462,-0.000481965,0.119101,-0.138022,-0.0308889,-0.00538587,0.134369,0.110792,-0.0388889,0.159659,-0.156967,0.0767548,-0.0348526,-0.0501905,-0.00238009,-0.0940731,0.131764,0.065797,0.0434901,-0.00799203,-0.0501065,0.113868,-0.064518,-0.0760686,-0.0549122,0.202776,0.0801788,-0.00912282,-0.0772828,-0.00497532,-0.0763293,0.153937,-0.0365624,-0.0684708,0.138684,-0.0169404,-0.0931804,0.148904,0.0480885,0.0920674,-0.0280562,-0.0315716,-0.0688993,-0.0465811,-0.0515365,0.00282797,0.116702,-0.11044,0.139821,-0.138252,-0.0503469,0.0540411,-0.0577336,0.036179,0.0181393,-0.104408,0.0402681,0.133177,-0.10918,0.0482645,0.127903,-0.0373177,-0.018718,0.100984,-0.106308,-0.0625174,-0.00673087,0.0317117,0.0986556,-0.0300262,0.0486017,-0.0613576,-0.0602686,-0.107755,-0.151296,0.0204356,0.00837869,-0.0943667,-0.0501315,-0.13856,-0.0691128,0.0213882,0.107398,0.113732,0.0757101,0.124415,0.0456114,-0.147804,0.223522,0.0666492,0.0512848,-0.0434327,0.111731,-0.0820674,0.175577,-0.0377591,-0.111871,0.00808012,0.0814598,-0.0307504,-0.0891889,-0.034299,-0.0355456,0.0111782,0.0455548,0.0339102,0.070696,-0.0540312,0.0272787,0.0569671,-0.0392375,-0.0281246,-0.121941,0.09478,0.0738194,-0.0655527,0.0701968,-0.159523,-0.137089,0.0741452,-0.107926,0.0323875,0.0509477,0.011561,0.0152019,0.0673511,-0.032597,0.00173126,-0.0895592,0.00748514,0.0890727,0.0425933,-0.105923,0.0673993,-0.0834721,-0.0676321,-0.257081,0.0909385,0.0251435,0.0373076,-0.0357332,0.122891,-0.074096,0.100835,-0.129397,0.0182143,-0.138753,-0.0033512,-0.0295058,-0.0648211,-0.0185434,-0.00366256,0.0642148,0.0363653,-0.113478,-0.0428738,0.0232749,0.0836523,0.0796297,0.00368444,-0.0872972,-0.0930389,-0.0543126,0.095358,-0.0147956,0.0840485,-0.156548,0.106955,-0.10582,0.136757,-0.103124,-0.207432,0.116191,-0.0333473,0.0161993,-0.0532843,0.0536899,0.138624,-0.00610713,0.0188463,0.042635,-0.0875795,0.0183289,-0.0287387,-0.058284,0.145241,-0.0397199,0.132491,-0.168182,0.16084,0.0457718,-0.0179298,-0.0837292,-0.0628143,0.0325102,-0.105787,-0.0510914,0.105352,0.148023,0.100799,-0.0834573,-0.162126,-0.000615868,0.100764,-0.032799,0.0585467,-0.0284306,-0.0725029,0.193459,
-0.0830779,-0.029277,-0.126158,-0.0473957,0.184719,0.10664,-0.0851372,-0.0443633,-0.084575,-0.0229548,-0.0392754,0.0611928,-0.16059,0.0719812,-0.0847742,-0.0258835,0.249071,-0.100236,0.0698759,0.023209,0.0401698,-0.0341795,0.0595277,0.0413937,-0.0202348,0.100858,-0.0652533,0.10159,0.0975023,-0.117114,0.0453188,-0.114949,0.0429644,-0.138846,0.0224077,-0.0534302,0.0688515,0.0858844,-0.0668164,-0.117419,0.00278782,0.00210842,0.0182992,0.178793,-0.000399455,-0.0448487,0.0446027,0.0305958,0.0261895,-0.129776,0.0223389,0.0415583,-0.139334,0.0414554,0.0496619,0.108225,-0.0547856,-0.102662,0.0359345,-0.0844471,0.115277,-0.000527122,0.0794108,0.119359,-0.0992647,-0.0388154,0.0514471,-0.0313795,0.0366203,-0.0866807,-0.0945027,0.141841,-0.0265091,-0.0744563,0.0237044,0.114376,0.277796,0.0119723,-0.0462736,-0.0932069,-0.0678211,-0.0385428,-0.0876287,-0.0795446,0.0181129,0.0481936,-0.0168588,-0.0915011,-0.0462564,0.00565265,-0.0545799,0.0794777,-0.135988,-0.112321,-0.141176,-0.253297,-0.0646375,-0.0118698,0.0520818,-0.0037824,-0.037089,-0.123562,0.0313849,0.0993425,-0.00634945,-0.0995007,0.0132997,-0.146524,0.155288,-0.0468415,0.147643,-0.126404,-0.0256341,0.0506884,0.0732845,-0.0161932,0.0439028,-0.00133777,-0.00429348,-0.0969292,0.0776201,-0.0365273,0.164905,0.118734,0.0692558,-0.193014,0.0927283,0.0787585,0.00177306,-0.0141151,0.0294028,-0.0861343,-0.0495881,0.0603437,-0.144622,0.0758304,-0.0179771,0.160125,-0.0892573,0.0275884,-0.00275259,-0.07663,-0.122538,-0.130219,-0.212736,0.0154419,0.0178127,0.0846319,-0.0947302,-0.00701654,0.00627519,0.0342719,-0.196836,-0.0779193,-0.169589,0.0845918,-0.122976,0.0835276,0.172599,0.0439239,0.0668893,0.0221213,0.184872,0.0874122,0.0835932,-0.227679,-0.0497126,-0.0108783,0.145058,-0.0546853,0.0861306,0.118746,-0.0278898,0.127281,-0.0652073,-0.07929,0.0340674,0.0795402,-0.0522039,-0.097905,0.144878,0.0681677,-0.0248988,-0.182595,-0.0394306,-0.0299041,-0.0133222,0.0706575,-0.0329328,-0.0142816,-0.0737646,0.0803302,0.0307832,0.0817061,-0.00204654,-0.0240708,0.0566943,0.0171171,-0.0893337,0.031191,-0.112329,-0.0287917,-0.139981,-0.147055,-0.0811474,-0.0656824,-0.144383,-0.0438852,0.101935,0.0215989,0.0842869,0.0737501,0.047733,-0.0379426,0.0722808,0.112744,-0.0437243,-0.0657569,-0.0189026,-0.0191845,-0.0445202,-0.0346069,-0.116364,-0.114018,0.129669,0.164754,0.028012,0.0328192,-0.0555794,0.0562943,-0.0131282,0.062708,-0.0709714,0.018696,0.0747304,0.0778285,0.188297,-0.101085,-0.0567465,-0.0924516,0.0179681,-0.0104681,0.12644,0.05888,-0.112952,-0.023796,0.0669341,0.0439597,-0.018862,-0.0877795,0.0203917,0.239033,0.0120682,0.103232,-0.0502915,0.00570443,
-0.0917163,-0.0240568,-0.16509,0.221608,0.0149159,-0.056226,0.0112911,0.0164513,0.0089436,0.0219776,0.0349809,-0.0954216,0.114454,0.0320081,0.0195151,0.0451561,-0.0854465,0.00744784,0.032831,0.055045,-0.0566817,0.0935079,0.0605222,-0.0880172,0.00479651,0.0549656,-0.11413,0.0254138,-0.0330495,-0.00798969,-0.0355217,0.152148,0.048455,0.0472494,-0.0211879,0.087751,0.0216668,-0.0891516,-0.00642514,-0.107339,-0.161186,-0.0680957,0.0354913,-0.05468,0.0936168,0.0601269,0.119868,-0.0172741,0.0101392,0.122966,0.0619595,0.0706855,-0.0928157,-0.151221,0.174975,-0.016376,0.0733082,0.0680999,0.112158,-0.00312119,-0.052403,0.0432433,-0.0136393,-0.0208751,0.0304522,-0.110043,0.0775738,-0.0201872,-0.0112193,0.0546578,0.0748198,0.0824259,0.0151804,-0.0730729,-0.0138369,-0.124878,0.102537,0.148795,0.0485777,-0.0425769,-0.140911,-0.0556575,-0.0499899,0.0808068,-0.121872,0.0729333,-0.168976,0.0126684,-0.0607307,0.0375568,0.144366,-0.0851687,-0.124231,-0.0622816,-0.0869481,-0.155752,-0.0965059,-0.124633,-0.217161,0.0688759,-0.0151404,0.0455136,-0.00762434,-0.0328197,0.0287386,0.028026,-0.0320476,-0.105431,-0.17153,-0.124994,-0.0845068,-0.138188,0.00415049,-0.0103574,-0.0915159,-0.0896772,0.0302793,-0.0927918,-0.00500581,-0.217732,0.0251327,0.12364,-0.165449,-0.0913745,-0.0862079,0.0600327,-0.0272999,0.136252,-0.0481071,-0.0475654,-0.0361213,-0.206701,-0.058116,-0.00750489,0.0582222,-0.0553668,0.0526701,0.120485,0.0679084,-0.0875978,-0.157884,0.134285,-0.0773294,0.0470664,-0.0893247,-0.015192,0.0756688,-0.0235353,0.00234264,0.0886071,-0.00734785,0.0393938,0.0286551,0.0948022,-0.00211947,0.0943584,-0.0747342,0.0270344,0.00206784,0.06687,0.0353117,0.0393605,-0.0150897,0.00535725,-0.0820418,0.0179959,-0.137231,-0.0864299,0.128466,-0.256334,0.0475518,-0.0185034,-0.019175,-0.0873071,-0.0469756,0.134006,-0.00734473,-0.0121872,-0.0793843,-0.176784,0.0559003,0.0222872,0.0410214,0.164389,-0.158639,0.0430067,-0.0304817,0.147665,-0.0805539,0.0376428,-0.0445271,-0.195257,-0.0250192,-0.159803,-0.131936,0.0122615,-0.0135083,-0.116622,-0.0019807,-0.0218383,0.0917591,0.058509,-0.151342,-0.00498895,0.00128435,-0.0502501,0.167002,-0.0499525,0.00164817,0.116724,-0.0239581,-0.069356,-0.0589531,-0.0205336,0.0146188,-0.114362,0.0735049,0.0159363,-0.137689,-0.0692604,-0.0910153,-0.0684837,0.00647039,0.0122436,0.048093,0.0727967,-0.0949076,-0.0075246,-0.0495523,0.0828943,-0.0961628,-0.057422,0.0416135,0.0976681,0.0198665,0.0138127,-0.0066788,0.190337,-0.118477,-0.0560824,0.0859174,-0.0875619,-0.0608339,0.0663248,0.101793,-0.121355,0.205389,0.00567347,0.0167687,0.0140685,-0.156697,-0.0197742,-0.0249302,0.0359457,-0.0856982,-0.0775954,
0.00594871,0.041402,-0.0851277,-0.0100991,-0.142809,-0.105677,-0.0974435,-0.0515874,-0.036293,0.097627,-0.0501291,0.0560908,0.0391256,-0.189322,-0.0462568,0.00106486,0.0347483,-0.0408516,0.020551,-0.0348459,0.049138,0.0651048,-0.0963744,-0.122445,-0.0562311,0.00428108,-0.0353316,-0.0919302,0.0544491,-0.0583719,-0.0124611,-0.134919,-0.14046,-0.0440923,0.07352,-0.134406,0.12549,-0.00380877,0.0315096,-0.0275402,0.0177546,-0.0451541,-0.136333,-0.0569614,-0.0644716,-0.0818672,-0.0160788,0.0332149,0.00253399,0.0185788,-0.0436747,-0.106242,-0.111542,-0.0683603,0.124281,0.0301348,0.0305865,-0.162885,0.0209254,-0.0146961,0.0713789,0.116667,-0.127492,-0.121749,-0.120577,0.0831868,0.0801144,0.0101264,-0.177913,0.0578134,-0.153423,0.00905615,-0.0255781,0.0862399,0.0726673,0.132693,0.11547,-0.0856027,0.0495843,-0.140605,-0.210484,-0.132586,-0.0183275,0.0529545,0.0850909,0.0575377,0.0107078,0.0902945,0.0429715,0.00775089,-0.100632,-0.0421494,-0.136009,0.0248881,-0.00319404,-0.0757114,-0.0353756,-0.104942,-0.0695463,0.165958,-0.0131899,0.0131443,-0.0220471,-0.0237896,-0.16325,-0.0790666,-0.00936764,-0.103439,0.145525,0.0738117,0.141876,0.0697063,-0.0490741,-0.0387243,-0.0874049,0.132133,0.17174,0.101822,0.0675933,-0.0274997,-0.141644,1.78412e-05,0.0376164,0.0790965,0.0802238,-0.0251284,-0.0706703,0.0582391,-0.0456237,-0.0648855,-0.0611712,0.145983,-0.188679,0.122881,-0.0411352,-0.155951,0.0796348,0.0785164,-0.0409674,-0.0974368,-0.106767,0.00519797,0.0464406,-0.220533,-0.0210155,-0.100632,-0.0319008,0.0948294,0.0429923,-0.0356349,-0.222301,-0.00664738,0.000126878,0.0175605,0.0347061,-0.00846469,0.0528144,0.00631433,0.157273,-0.107194,-0.0491657,-0.028205,0.0725057,-0.0534376,0.0955019,0.029178,0.0022051,-0.178569,0.182933,-0.076729,-0.0619763,-0.0691899,-0.0273053,0.00327661,-0.0105768,0.0393405,-0.131278,0.0696635,0.0627008,0.169453,0.078795,0.0166461,0.0407931,0.0249421,-0.0407587,0.0891353,0.0919356,-0.103704,-0.0554143,0.11524,-0.00924268,-0.131519,-0.126663,0.0676263,0.0376812,-0.0183296,0.0236871,0.0988208,-0.03423,0.121524,-0.0491519,-0.0262027,0.00631382,0.0168688,0.130747,0.0193509,0.114578,0.064821,-0.0384486,0.0056306,-0.105646,0.0977628,-0.0862325,-0.127369,0.103354,-0.0642665,0.000691491,-0.0445542,-0.0116716,0.0778524,-0.107148,-0.0938807,-0.101556,0.0781144,0.102612,-0.0937668,0.0388423,0.03685,0.0154309,0.0593222,-0.179074,0.0187908,0.0200311,0.0466938,-0.102643,-0.203979,0.0358098,0.0344688,0.0979861,-0.114029,0.02037,0.0111637,0.0559535,-0.000564843,0.0159004,0.148218,-0.073724,0.141267,-0.108639,-0.00344172,-0.097403,-0.12167,-0.0783643,0.177694,-0.0372813,0.0519112,
0.0205424,0.0974032,0.121292,-0.0755284,0.106387,0.0615981,-0.0300933,0.0108512,-0.0190595,-0.00924612,0.0752402,0.00918814,0.030818,0.0981926,-0.108354,-0.180012,0.12979,-0.0870782,-0.131407,0.00234924,0.1299,-0.115351,-0.198481,-0.0147505,-0.143479,0.0282126,0.0341805,-0.0169005,-0.0315729,0.0290516,-0.070829,-0.1281,-0.111822,0.0940731,-0.0755884,0.0169358,0.0573932,0.143169,0.000989247,0.101864,0.178961,0.129066,-0.199544,-0.184959,0.0816237,0.011901,-0.0374467,-0.151826,0.0146092,0.0516218,0.0700147,-0.129503,-0.0819271,0.0521157,-0.116907,-0.0657566,-0.109244,-0.0954024,0.00856727,-0.049802,-0.173507,0.0610928,-0.074068,-0.00969887,-0.0132619,-0.0403334,0.142867,-0.093553,0.0236883,0.0280921,-0.0975037,0.102123,-0.0115109,-0.0677553,-0.0277597,0.0234413,0.0553674,-0.0585261,0.0332136,-0.0766311,-0.111584,0.0595774,-0.174244,-0.202283,0.00721991,0.144959,0.0450131,-0.100992,-0.0186273,0.123107,-0.195277,-0.111575,-0.143631,0.0277532,0.0143574,0.0364012,-0.0982763,0.0413621,-0.0970567,-0.205083,0.0276187,-0.10452,0.060761,0.0567403,0.0211541,-0.197953,0.0293243,0.0656132,-0.0786843,0.0674097,-0.251432,-0.153378,-0.169144,-0.085227,0.166931,-0.0281485,-0.069422,0.11772,-0.156212,-0.0228539,0.0496622,-0.0482725,0.0687161,-0.00251714,-0.0784233,0.0160586,0.0395683,0.0175301,-0.16369,-0.0973,0.0434334,-0.0367605,0.0111692,0.0866585,-0.056515,-0.169304,0.0942696,0.0632944,0.0378517,0.0848021,-0.114029,0.0683838,0.0226824,-0.0774481,-0.0132752,-0.0980635,-0.122866,0.0663057,0.171552,-0.0356303,-0.0536853,-0.148632,-0.169451,0.0663046,0.080412,-0.110478,0.0329227,0.0811623,0.0662674,-0.100474,0.0318878,0.254548,0.00677755,0.242866,0.028816,-0.159095,0.142718,-0.0168069,0.162928,0.0913003,0.167349,0.151228,0.135604,0.0354867,-0.0346514,-0.121591,-0.161696,-0.0883865,-0.0429358,-0.0815662,0.00391079,0.106422,-0.110839,-0.0638582,0.0943841,0.179941,-0.0468034,0.0874576,0.117614,0.0564581,-0.0786179,0.097023,-0.122367,0.143749,-0.0546564,-0.0487704,0.200735,-0.0198571,-0.0606859,-0.0456804,-0.0411642,0.179375,0.00935944,-0.160499,-0.00811001,0.114384,0.010101,0.0643477,0.0669599,-0.0951378,-0.16523,0.0641716,0.00308367,-0.143599,0.184545,-0.139597,-0.0419331,-0.0329163,-0.0650848,0.0213767,-0.0810633,-0.0312637,0.137314,-0.0717095,0.159168,-0.0244143,-0.00526008,0.0922773,0.0188113,-0.0956455,0.00182674,-0.0722288,-0.0275951,-0.0321922,-0.0589703,0.135789,-0.105579,0.0188795,-0.0689959,-0.0896685,0.0108802,0.0934256,-0.123306,-0.118413,0.0793452,0.161185,-0.0691535,-0.00625566,-0.14233,-0.0119536,-0.179409,0.0173951,0.0965077,0.133618,-0.0369735,-0.0275603,
-0.0791667,-0.108634,0.0752978,-0.0178123,-0.04083,-0.231019,0.0268494,-0.0728207,0.106363,0.0550206,0.0154782,0.0465343,-0.102864,0.00238977,-0.102207,-0.0711581,-0.194318,-0.0299756,0.0577844,-0.0136079,0.100358,0.0869731,0.0162314,0.0717029,-0.0577794,-0.157026,-0.0958297,-0.0531294,0.0509137,0.0577088,-0.0081098,-0.0306988,-0.00143579,-0.0528894,-0.0773887,0.0198529,-0.128845,0.145657,0.0387734,0.129453,-0.155425,-0.0698656,0.0025056,0.180607,-0.0593379,-0.0551846,0.00235497,0.0516372,-0.0339658,-0.00871887,-0.0213295,-0.183475,0.273241,0.181325,-0.175483,-0.0163121,0.0990362,-0.12928,-0.0216798,-0.0691845,0.116152,0.172891,-0.00837194,-0.049724,-0.12908,-0.269681,-0.11054,0.0553519,0.197221,-0.0604682,-0.0621301,-0.169571,-0.0469688,-0.0657511,-0.0437489,0.175563,-0.0366087,-0.00953459,0.0983016,-0.136363,0.101554,-0.0603284,-0.00739677,-0.124624,-0.135357,-0.131531,-0.00675143,-0.0333929,0.108471,0.111549,-0.111573,-0.0441384,0.021175,-0.196668,-0.0181986,-0.0980293,-0.0951729,-0.0898082,0.0488135,0.152346,0.00760854,0.00436267,-0.0876127,-0.0159107,-0.108983,0.0762453,-0.0236905,-0.0480708,0.0607418,-0.0150839,-0.10214,-0.056989,-0.00233007,0.00211535,0.085563,0.185987,0.0222337,-0.0352006,0.0571303,0.129979,-0.0895327,-0.139407,-0.195654,0.0637034,-0.033295,-0.132959,0.0156431,-0.0728276,-0.0276891,0.0748623,-0.196918,0.115623,-0.0113407,0.04412,-0.0798251,-0.0519667,-0.038315,0.0187092,0.0873564,0.0203059,0.0104166,-0.163759,-0.0563596,-0.00631777,-0.141635,-0.0798292,-0.153577,-0.0127541,-0.0575839,-0.00805492,0.0406961,-0.123483,-0.0870666,0.131579,-0.0588822,-0.0460172,0.0639488,0.0986554,-0.0683897,0.17049,-0.00329287,-0.0341025,0.114864,0.0340202,-0.131318,-0.0973741,-0.0892558,0.0132448,-0.15166,0.0233771,-0.146268,0.0293977,-0.126644,0.060458,-0.14285,-0.0631976,0.0586287,-0.24711,-0.0889644,0.178965,0.0525632,-0.104387,-0.065835,0.139287,-0.046733,0.0133543,0.0480408,-0.0190982,0.064219,-0.0297838,0.0564902,-0.187945,-0.0254915,0.0176456,0.116528,0.0134003,0.0106602,-0.0530457,-0.175889,-0.0932726,-0.0369413,0.110945,-0.0239859,-0.0231508,0.0157858,-0.102705,0.0995812,-0.0554097,-0.0442539,-0.0618408,-0.0278124,0.0392406,-0.122151,0.0209696,-0.103261,-0.184986,-0.0452111,-0.0468272,-0.0211465,-0.00239921,0.0542875,-0.0171106,-0.0198886,-0.0238064,-0.0819088,0.0754748,-0.0402531,0.0701224,0.0214761,0.092229,-0.0486893,0.0518823,0.0428813,-0.0291962,-0.016433,0.0495117,0.0667717,0.0614846,0.099077,-0.00408547,-0.0140127,0.059635,-0.147093,0.00994777,0.125378,0.0442378,-0.0104305,-0.0830746,-0.0731777,0.135978,-0.085745,0.0367489,-0.152061,-0.0719233,-0.0168144,0.082153,
-0.0496679,0.277777,-0.0859986,-0.168098,0.0247634,-0.104345,-0.108441,-0.0244145,0.00152013,0.0273604,0.0565735,0.0680511,0.061413,-0.023113,0.133644,-0.0340816,-0.0766251,-0.0971552,0.0658337,-0.0624503,0.0505679,0.0133284,-0.184786,-0.128821,-0.0548571,0.0260298,-0.0764482,-0.0610159,0.118344,-0.152691,0.199936,0.0596842,0.0154479,0.110154,0.0336919,-0.0667192,0.0587684,0.0432752,0.0455159,0.0405666,0.208754,0.110382,0.0999447,-0.0667168,-0.158343,-0.0368754,0.160053,0.0458516,-0.0425038,-0.0498133,0.218652,0.0165749,0.0153839,-0.0340641,-0.235599,0.0311603,0.178096,0.0146246,-0.0695001,0.0736328,-0.0121611,0.0344145,0.142293,-0.0111182,0.0128657,0.132814,0.043024,0.0881611,-0.0486827,-0.0997572,0.036989,0.311647,-0.0223881,-0.037058,-0.0764018,0.115077,-0.188315,0.0862653,-0.0859366,-0.163463,0.102134,0.0200622,0.0111287,-0.192359,0.122028,-0.0308289,-0.177944,0.0226698,-0.028385,-0.179881,0.119995,0.00295506,0.0518711,0.110168,0.0823316,0.122716,-0.101513,-0.0115437,0.0927491,0.0655079,-0.0846993,0.0371353,-0.0987352,-0.027015,-0.0194298,-0.0614026,-0.203032,-0.143623,0.137754,-0.0165609,0.0781279,-0.182966,-0.062651,-0.0263684,-0.0371682,-0.135804,0.135818,-0.0984235,0.065661,-0.128864,-0.0805574,0.0391984,-0.0332147,0.0487194,-0.195656,-0.01998,-0.0689887,0.02226,-0.0987999,-0.0517854,0.0627298,0.052786,0.0264946,-0.00707088,0.0221612,0.117065,-0.0260314,-0.0477924,-0.0150155,-0.100543,0.0816088,-0.100698,0.0949432,-0.112088,0.124521,-0.0164548,0.135058,-0.0905535,0.056692,-0.104916,0.00947416,0.0531374,-0.0588389,0.148886,-0.0981034,-0.0854523,0.000394608,0.0772116,-0.130041,-0.00965244,-0.0771105,0.0162583,0.113129,-0.0241138,0.0420605,-0.0221932,0.0926191,0.207492,0.0900139,0.0266757,0.0426482,-0.0934834,0.00173624,0.16759,0.12294,-0.14085,-0.0144755,0.0949596,0.0213959,0.0957409,-0.00985369,-0.0662705,-0.117794,0.0558255,0.0507207,0.0224569,0.125969,-0.000183628,-0.0661144,-0.10669,-0.117333,-0.0437163,0.0163452,-0.0201609,-0.0457291,-0.103679,0.136151,0.119309,-0.0546038,0.0124579,0.0583442,-0.00536747,0.00940037,0.107947,-0.120815,-0.156402,0.0555422,0.0604399,0.0318188,0.0227646,-0.00288746,0.124121,-0.202475,-0.0179605,-0.148119,-0.203477,-0.0811746,-0.0319368,-0.0199453,-0.0887746,0.0143132,0.114734,0.304009,-0.121846,-0.0336013,-0.128801,0.12976,0.0478529,-0.0400085,0.0232164,-0.255715,0.00225687,0.138988,0.0747925,0.0137786,-0.0546613,-0.125577,0.0878733,0.135281,0.0283302,-0.0858521,0.0549226,0.268722,0.078965,0.0772727,0.0463168,0.0540524,0.137386,0.0639451,0.122508,0.113963,0.0430572,-0.0931745,-0.00337198,-0.0779717,-0.0134902,
0.0268479,0.171571,0.0360864,-0.156391,0.0522873,-0.0694288,-0.0321733,-0.159568,0.0530051,0.0546843,0.00346211,0.0232703,-0.151671,-0.0411184,0.109934,0.180889,0.0130761,-0.0788872,0.0285293,-0.0996833,-0.0684517,0.140697,0.0712754,-0.00842049,0.140425,-0.106866,-0.149227,0.046455,-0.0207661,0.0262072,0.0233326,0.103577,0.0662644,0.063669,-0.050894,0.180746,-0.0947321,0.0016766,0.0045027,-0.00201378,0.0295188,0.0759103,-0.151561,-0.0466323,-0.130618,-0.0335395,0.0464098,0.0612831,-0.0375507,-0.0128766,0.116408,0.132294,-0.119231,0.0453512,-0.0176536,-0.140594,0.0229153,0.0680635,-0.125775,0.289174,-0.0302383,0.0516275,-0.0753522,-0.0236243,0.0351535,-0.0251053,-0.0203874,-0.0865745,-0.160145,0.0065452,-0.00737887,0.143679,-0.0927227,0.111055,-0.00996264,-0.200205,0.0409075,-0.0553096,-0.0633055,-0.0430203,-0.0274168,-0.0742971,-0.0623391,-0.0345267,0.0279862,-0.158294,-0.0323857,-0.15938,0.0281507,-0.228638,0.10329,0.0907217,-0.00673631,0.138641,0.0490408,-0.0228655,0.0798644,0.061722,0.15476,-0.0388107,0.0547289,0.042766,-0.13879,0.152117,-0.0295307,0.131215,0.0639314,0.0412455,-0.0636737,0.137706,-0.148452,-0.133101,0.0257933,-0.145162,0.027493,0.0341396,0.000712291,-0.153316,0.109205,-0.141585,0.0520924,0.100633,0.0860354,0.022413,0.0572003,0.0982397,0.0462812,0.0660346,0.0540371,-0.177922,0.0701395,0.0484015,-0.0339202,0.220367,-0.00947557,0.00823108,-0.0252452,0.0651519,-0.003161,0.0409613,0.204648,-0.0630431,-0.0405777,-0.145636,-0.0236968,-0.17997,0.0447216,0.0112969,0.00975004,0.116821,-0.11295,0.00342238,0.0191992,0.0186894,-0.177559,0.080405,0.165145,-0.0248004,-0.0140078,0.0504049,0.0242077,-0.0112815,-0.0146977,0.153858,-0.00298921,-0.0534768,0.0329393,0.177382,-0.00248743,0.0875579,-0.150473,-0.00994724,-0.0489667,0.0753512,0.0702655,-0.0319316,-0.13803,-0.0641346,0.104377,0.001328,0.103566,0.0165504,-0.165385,-0.116362,0.0259948,0.0800949,-0.189704,-0.00596866,-0.10416,-0.151442,0.132515,-0.0981388,-0.118184,0.130702,-0.0096626,0.0242584,0.0157686,-0.048443,0.0529821,0.0891315,-0.105856,-0.0138373,0.184041,-0.0721137,-0.0740747,-0.136906,-0.135266,0.143226,-0.0259287,-0.0643884,0.0986378,-0.0601469,-0.235473,0.0919639,-0.0275107,0.124266,0.0440956,-0.119432,0.0262718,-0.0790926,0.0621397,-0.0471495,0.167044,0.12674,-0.150582,-0.0161475,0.190466,-0.105674,-0.147189,-0.0844519,0.0137659,0.169838,0.0474842,0.091519,0.0714663,0.154708,-0.0176895,-0.14967,-0.0961867,-0.0758254,-0.0407315,0.0296338,-0.0100756,0.149848,0.00153086,-0.125294,0.0403474,-0.0406664,-0.0739717,0.177293,0.0432794,-0.0773919,0.168573,-0.191822,0.126539,-0.0137976,
-0.0842671,0.01128,0.0758446,0.00955867,-0.0307963,0.119057,-0.0386831,-0.0159975,0.0837489,-0.0915581,0.0864664,-0.113004,-0.0109453,-0.301023,-0.0504946,0.0337179,0.121983,-0.022108,0.0153815,0.00872444,-0.0657995,-0.0646735,0.052805,0.0181978,-0.15922,-0.137383,-0.0450669,0.0643344,-0.168832,0.0387925,-0.0219764,0.151968,0.0224048,0.102617,-0.00102917,-0.0844261,-0.083285,0.0629535,-0.0060183,0.118615,0.0133044,-0.00658055,-0.0450839,-0.00881258,-0.0791854,0.073951,0.210387,0.139412,-0.126394,-0.060337,0.0271262,-0.027051,-0.0602163,0.133057,-0.0391827,-0.172291,0.119755,0.0545057,0.121534,-0.11466,-0.0161329,0.0192584,0.0192371,-0.100025,0.122576,0.0296438,0.0458319,-0.151258,-0.131239,-0.0342169,-0.138461,-0.0570653,-0.0313194,-0.185804,0.0766812,0.00615862,0.0435292,0.00215362,0.213839,0.0663442,-0.0348279,0.0825351,0.0775759,0.0277754,-0.025975,0.0336387,-0.0144094,-0.146643,0.0647551,0.0656021,-0.0428936,-0.160003,0.145555,0.0223292,0.0900761,-0.0216975,-0.0418628,-0.0812643,0.0900704,-0.0960465,0.0444473,0.0146949,-0.0575006,0.00658756,0.0196036,0.0555909,0.0141971,-0.0349111,0.0424574,0.110517,0.0395361,-0.0145507,0.0039058,0.0462812,0.0820441,0.0756499,-0.0647606,-0.131931,-0.101083,-0.0756164,-0.0296973,0.0164073,-0.00977697,-0.051839,-0.0431407,0.0205528,0.121637,-0.091416,0.107799,-0.0608893,-0.00505232,0.209396,-0.0828665,-0.0200653,-0.00856908,-0.0236709,-0.0499655,-0.163255,-0.00513634,0.0245502,-0.090333,-0.0891451,-0.14763,0.0541177,0.129116,-0.090278,-0.0713061,-0.184526,0.0401065,-0.0636753,0.0327059,-0.0539106,-0.019619,-0.0351671,-0.0280252,0.054236,0.0176339,-0.0881588,0.0703983,0.0677189,-0.0724444,0.0019213,-0.172264,0.132263,-0.138369,-0.0020013,-0.0528818,-0.111599,0.0181516,0.0171543,-0.051136,-0.0282159,-0.000645523,-0.203824,-0.0681996,0.15361,-0.0252793,0.04951,-0.00353137,-0.116255,-0.0150891,0.0246792,0.0327575,-0.0391183,-0.0500731,0.054512,0.0780102,-0.0494038,0.0226916,0.129933,0.0291309,0.079692,0.0238126,0.0909101,-0.184042,-0.0254514,0.0113375,-0.0268487,0.110813,0.0157062,-0.112828,-0.0971316,-0.0842529,0.0483293,0.0942575,0.00789956,0.0192081,0.0109934,0.0180867,0.000411731,-0.0538395,0.0681682,0.0916248,-0.037693,-0.0130894,-0.0900516,-0.140664,-0.105686,0.0980608,-0.143379,-0.0217804,0.0811763,0.180978,-0.00818773,-0.0560457,-0.0379256,0.183014,0.112387,-0.0699039,-0.0560938,0.10312,0.0282652,0.0873577,-0.136708,0.0189844,0.0930595,-0.0909955,0.195288,-0.0943092,-0.0331012,0.141813,-0.0969024,0.0501223,0.0532517,-0.0594112,-0.0789194,0.0820599,-0.0431199,0.0631552,-0.179868,0.0442722,0.0711295,-0.0448345,0.0177859,-0.137213,0.127869,
-0.0649707,-0.0494024,0.00885692,-0.0150605,-0.0977856,0.0841443,-0.069315,-0.10407,-0.0293308,-0.00916903,0.165891,0.155276,0.069627,0.125154,-0.185084,-0.0406303,0.141651,0.128812,0.0941929,0.0141138,-0.00889472,0.0103564,-0.0226506,-0.0808517,-0.0611751,0.00588059,-0.000775716,-0.113071,0.0796217,0.0558276,0.0360437,-0.207858,-0.16569,-0.0663434,0.0650565,-0.104458,-0.0973758,0.079613,0.100804,-0.143779,0.0146835,-0.196374,-6.99806e-05,-0.0538301,-0.181128,-0.0621896,-0.221721,-0.149526,-0.11126,0.0707751,0.00805349,-0.0523053,-0.0813727,-0.0393329,-0.0261636,-0.0521619,0.0947565,-0.13992,0.0850399,-0.23507,0.0399025,-0.0602512,-0.116858,-0.0866095,0.0333276,-0.152567,-0.0746276,0.0507732,0.122519,-0.12277,-0.0410404,-0.0787718,0.0210251,0.0519422,0.0348093,0.0784179,-0.0106582,-0.0530857,0.0627148,-0.0944681,-0.15115,0.0968337,-0.0464719,0.00457137,0.0129391,-0.049284,0.0110837,0.115228,0.00412898,0.0462253,0.0764851,0.0692457,-0.139236,-0.201036,0.0501488,-0.0966947,-0.0593464,0.0663121,0.0630993,0.152187,0.089749,-0.0178002,-0.0896143,-0.0799822,0.0636648,0.157362,-0.104057,-0.152345,0.00678009,0.00809949,0.0737494,-0.0222452,0.0124649,0.0242894,-0.0570872,0.0125128,-0.164774,0.0246461,0.0314209,-0.0544608,-0.0733716,-0.114733,0.0267085,-0.14839,-0.0657167,-0.0277427,-0.116215,-0.0476841,0.0642165,-0.00706801,-0.194735,0.0441958,-0.013574,-0.203168,-0.0495755,-0.0788827,-0.0808531,-0.0589124,0.0607742,-0.0346236,-0.141031,-0.0320514,0.0817379,0.000206373,-0.0247135,-0.057121,-0.187713,-0.286431,0.0493464,0.096742,-0.123471,0.12639,0.0655616,0.269635,-0.0780739,0.000869945,-0.130938,0.00112346,0.061821,-0.0166403,0.129783,-0.0922876,-0.0299386,-0.0781509,-0.191447,-0.189287,-0.0137604,0.117261,0.195322,-0.118672,0.0599335,-0.12819,-0.093102,0.250722,-0.0550415,0.0348213,-0.0494554,-0.0449606,-0.00385045,0.148325,-0.0956079,0.0418871,-0.144145,-0.0887453,-0.0029507,-0.0370864,0.0497638,-0.0373108,0.0374941,-0.071025,0.0625119,-0.0168711,-0.138374,0.00971533,0.0152574,-0.0238106,0.0649908,-0.0753216,0.0507267,-0.0447794,-0.0412403,-0.011263,-0.199078,-0.120843,-0.123664,0.057395,0.0511016,0.0626416,0.0247866,-0.12197,-0.0295498,0.0209305,0.11373,-0.084394,-0.00960036,-0.0219567,-0.124407,-0.0773568,0.0659619,0.117616,0.0359212,-0.030319,-0.0900601,0.0463652,-0.00576719,-0.081656,-0.104554,-0.0860088,-0.160417,-0.0178178,0.0980949,0.00154181,0.0716726,-0.106101,0.13113,0.161853,0.0600018,-0.0282808,0.0837809,-0.0313311,0.0294394,-0.128832,-0.104418,-0.162348,-0.0170548,0.305245,0.0798399,0.0453147,-0.142228,-0.112484,-0.0325844,-0.066157,0.0244496,-0.0669181,-0.092118,-0.081308,
-0.238968,-0.153725,0.0520601,-0.0563215,0.022628,0.142858,-0.177075,0.0226401,-0.00395196,0.0813059,0.0428181,0.132483,-0.104517,0.0879107,-0.144275,0.0817223,-0.128369,0.146184,0.0380721,0.0102159,-0.0482571,-0.0471899,0.0387557,0.0714516,-0.0126511,0.139915,-0.0393477,-0.0220018,-0.0395883,0.0325246,-0.0153982,0.0224254,0.044961,-0.105602,0.0928335,0.175043,0.0129614,-0.0694962,-0.0409273,-0.0832088,0.0215072,-0.00771295,-0.0410374,-0.0288557,-0.0455777,-0.115988,-0.00986165,0.0724562,0.109868,0.162482,0.0676555,0.00842948,-0.00639205,-0.136141,0.127273,-0.125258,-0.0277725,0.026676,0.115121,-0.0351955,0.00884975,-0.0591414,0.0419471,-0.00165223,0.0784111,0.0136322,-0.0504372,-0.103821,-0.0912135,-0.104549,-0.145252,-0.135412,-0.0559556,0.0723376,-0.0751914,-0.0405302,0.0119721,-0.0657939,-0.0237451,-0.0821818,0.114652,0.015549,-0.0625547,-0.00964022,-0.169154,0.136121,0.0435519,-0.090529,0.0214935,0.0747115,0.0423775,-0.0151347,-0.0895258,0.0073237,-0.0152845,-0.0878563,0.0377592,0.0358693,-0.056746,-0.0327904,-0.0510519,-0.102174,0.00973731,-0.0719617,-0.0678523,-0.0402479,0.0597734,0.0047566,-0.0256436,-0.125117,-0.0297466,0.146884,-0.0340751,-0.0266863,0.0642795,0.0313131,-0.0832552,-0.0740132,-0.0480753,-0.0578497,0.00371016,0.0976495,0.0723943,0.145213,-0.0051183,-0.0804202,0.0576346,-0.0448592,-0.134464,0.05427,-0.0673948,-0.0227929,-0.0711703,-0.099641,0.162182,-0.0563787,0.0788997,0.158791,-0.0629894,-0.0310554,-0.0848188,-0.0475476,0.0133549,-0.0525901,0.00254155,0.0417488,0.124043,-0.0786517,-0.180121,-0.0015043,-0.0705513,0.101816,0.00954756,-0.112165,-0.0536117,0.205491,0.0997707,-0.00928228,0.149782,0.136288,0.0488056,0.0620821,-0.0166577,0.0758051,-0.0660886,0.109433,0.124682,-0.000817996,-0.00710674,-0.0871801,-0.0614728,-0.0112219,-0.000889622,0.0345347,-0.178299,0.0213522,0.0850844,0.0435194,-0.0343208,0.0344466,0.00283112,-0.063611,-0.143708,-0.086731,-0.0861836,0.0367272,-0.0535282,-0.0948998,0.017221,0.00301569,0.123768,0.0348502,0.0312081,0.04419,0.0466979,0.0207661,-0.0621767,0.108707,-0.105967,-0.215513,0.0149156,0.0394641,0.0768008,-0.11574,0.0635711,0.0159749,-0.105903,0.00622932,0.134913,-0.00794078,0.0226005,-0.0547042,-0.0417204,-0.0852477,-0.00477553,-0.10926,-0.15642,0.0166017,-0.139452,-0.0844682,-0.181251,0.011993,0.0242488,0.0427434,-0.082472,0.0452208,0.062791,-0.0670861,0.101712,0.0608951,-0.213658,0.00411578,-0.0374579,-0.0309228,0.0712759,0.0735922,0.0924048,-0.0205215,-0.165195,-0.0122468,-0.191347,0.0578066,-0.00507724,0.0306832,-0.0210323,-0.0387523,0.0538872,-0.0339433,-0.012924,-0.0296425,-0.0131958,0.0807455,0.0894732,-0.0246614,0.050638,-0.163901,
0.106058,0.085522,-0.0983854,0.0303479,0.130058,0.0421771,-0.0330078,0.0656709,0.0608036,-0.120445,-0.0491267,0.0486796,0.106374,0.0708011,0.0698435,-0.0243701,0.212072,-0.0710513,0.0545319,-0.0646433,0.176835,-0.0013475,-0.0821319,0.00737458,0.0727843,-0.0802613,0.043797,-0.0500506,-0.111232,-0.181913,-0.0828591,0.0668978,0.0852167,0.0694504,-0.0649248,0.0646416,-0.0198749,-0.0345397,-0.0562466,-0.136414,0.0772215,-0.0124722,0.1167,0.0153521,-0.0381624,0.0114872,-0.0272352,0.0643316,-0.0692986,-0.265606,0.198714,0.101374,0.0419231,0.0118269,-0.0545858,0.00246832,-0.016893,-0.0526014,-0.106265,-0.0339433,-0.0999476,0.0640048,-0.123299,0.0129461,0.015106,-0.183898,0.0756995,-0.14109,-0.0137222,0.0401847,-0.161044,0.0802961,0.0242939,0.11707,-0.166223,-0.0215646,-0.0971394,-0.0389134,0.0338918,-0.0837832,0.00206753,-0.0503894,0.0617617,-0.0444727,0.102912,0.18556,0.0229236,-0.0514227,0.0973146,0.0618702,-0.0226906,-0.14601,0.0716067,0.141259,-0.00349253,0.0780297,0.00253754,0.101872,-0.0418016,0.0133281,0.0265961,0.0198518,-0.0537227,0.149651,0.0982676,0.0385274,-0.0957717,-0.0182859,-0.0396357,0.279632,0.0620768,-0.119556,-0.094976,0.173487,-0.0833454,-0.00108979,0.168147,0.00667454,-0.0255482,-0.0215907,0.0062287,0.0121254,-0.176885,0.132094,0.120297,-0.0729829,0.164404,-0.03104,-0.0103752,-0.0910961,-0.121139,0.0215848,0.0324349,-0.0457138,0.18467,0.0764891,-0.067845,-0.0228016,0.158573,0.160459,0.193974,-0.0361914,-0.208011,-0.0142232,0.0371822,-0.0208153,-0.0360623,-0.00436146,0.0422654,-0.156572,0.0312703,0.0930527,-0.0872943,0.116486,-0.140322,0.18145,0.127871,0.103986,-0.0991295,-0.141468,0.122961,0.0454275,-0.0597667,-0.00928724,-0.0146152,-0.0163413,-0.20361,0.237022,0.0721811,-0.0347824,0.128925,-0.103265,-0.0875178,0.137252,0.0810816,0.0564531,-0.00272164,0.0956607,-0.0662854,-0.067927,-0.0397204,-0.10751,-0.07314,0.0891198,0.0319299,0.0310122,-0.00832985,-0.140425,0.0404154,0.0741938,-0.024372,-0.085711,0.154776,-0.0109745,-0.00405477,0.125789,-0.00292014,0.0469187,-0.0011305,0.244262,-0.091194,-0.0140715,0.00917716,-0.0735668,-0.0815386,-0.132878,-0.0370734,0.051888,0.0491879,0.112664,-0.255252,0.178667,-0.202,0.10289,-0.0183887,0.112457,-0.037956,0.0741163,-0.0999029,0.0103807,0.0531796,-0.0022523,0.25448,-0.120717,-0.0841175,-0.00330429,0.141715,-0.0101215,0.00563614,-0.160739,0.0351846,0.0267496,-0.122939,0.176504,-0.185864,0.057602,-0.22865,-0.101351,-0.0924898,0.149707,-0.0345228,0.177822,0.130961,0.0539895,0.0826593,0.0936774,-0.0186193,0.0546767,-0.0174622,-0.0204582,0.0182739,-0.00644397,0.114167,0.0156696,-0.071718,-0.167767,
0.0103502,0.115627,0.00263193,-0.019507,0.0647711,0.0669972,0.0560907,-0.0419148,0.0651915,-0.0197482,-0.0118811,0.0256682,-0.0650621,0.0257274,-0.0232141,0.0702126,-0.0651658,0.107387,0.125416,0.00612426,0.0227897,0.0746158,-0.00095639,-0.0546933,-0.0240611,0.0138109,-0.0588273,0.15597,-0.0279201,0.0190187,-0.0461825,0.144469,0.0552782,0.0956341,-0.174726,0.130127,0.0554166,0.0898175,-0.0624092,-0.0456587,0.0426732,0.135735,-0.0178315,-0.0553929,-0.0173356,-0.0727685,-0.0568013,0.0260071,-0.0880778,-0.00216137,0.0889649,0.173948,-0.032202,-0.0927918,-0.0893009,0.0972445,0.118911,0.121365,-0.103947,0.0377106,0.116514,-0.0701066,0.114535,-0.120708,-0.0282295,0.0472164,-0.0995257,-0.0209664,0.0740601,0.0629834,-0.211981,0.0659616,0.0124956,-0.0321546,-0.0472473,0.00707393,0.0335827,0.141482,-0.0140623,0.0700501,-0.0652294,0.0869313,-0.0436795,0.0780687,0.0800118,0.00562452,-0.0350698,-0.133849,0.0314121,0.0234671,0.320644,0.111004,-0.0318019,0.0624612,0.0824527,0.0918256,-0.0836911,0.0260773,0.0613503,-0.0442407,-0.20778,-0.0426527,-0.0224487,0.00258352,0.0217524,0.0522702,0.106416,-0.141237,0.0474177,0.127306,0.00811596,-0.139187,-0.0692085,-0.0574612,-0.0610412,0.0866196,0.217473,-0.02402,0.134649,-0.0859062,-0.0213315,0.0567015,-0.12283,-0.0356614,-0.111271,-0.104381,0.0595999,0.0921796,-0.127072,-0.0144056,-0.190864,-0.0986908,-0.0136666,0.235418,-0.0585922,-0.116072,-0.214922,0.134265,-0.0366231,0.101728,0.147223,0.130598,0.0144029,0.0940547,0.0313048,0.0788549,-0.0270149,-0.100184,0.0289583,0.0736454,0.000434103,-0.0230262,0.111581,0.153913,-0.0728838,-0.105457,-0.118055,-0.0963958,-0.139431,0.0204034,0.142187,0.0548323,0.116536,-0.049636,-0.0606968,-0.100337,-0.214034,0.173519,0.0005696,-0.0946004,-0.0781371,-0.0339421,0.118266,0.00346688,-0.0173705,-0.0953915,0.0436278,-0.059763,0.0161841,-0.136685,0.122047,-0.0345261,-0.121314,-0.0109815,-0.0843865,0.161968,0.104719,-0.199341,0.0716565,0.0543169,-0.0122823,0.0972823,0.100308,0.0270669,-0.172388,0.0134267,0.0327324,0.0279928,-0.162461,-0.0780755,-0.0467169,-0.00655363,-0.137141,-0.192921,0.0535242,-0.04683,-0.100157,0.0144701,0.000473683,0.0605067,0.0487233,-0.102622,-0.143687,0.119474,0.000435156,0.132945,-0.00914658,-0.0310671,-0.00924109,-0.0259933,0.0107221,-0.0828206,0.0785475,0.0333776,-0.0492392,0.210572,0.0803767,-0.100255,-0.0445762,-0.102314,-0.102359,0.0993842,0.13681,0.253883,-0.0300465,0.0507235,-0.0571102,0.0329441,0.193446,0.0612444,-0.00916418,0.0287628,-0.0665691,0.0142802,0.0100306,0.101449,0.0406723,-0.00773369,-0.0967916,-0.0478522,-0.00200115,0.127578,0.0950141,0.106959,0.0088289,0.00868244,
0.0056396,-0.129685,-0.0662622,0.0858759,-0.0523067,-0.114986,-0.0679011,-0.114642,-0.0122043,0.146814,0.0480105,-0.0553954,-0.0263246,0.0459377,0.00417701,-0.145843,-0.0792279,0.0529534,0.230844,0.00100181,-0.111384,0.0908513,-0.0059845,-0.0801076,-0.0203455,0.141515,0.0820469,-0.160637,0.11273,0.0585427,0.11729,0.0322361,0.0310255,-0.0676009,-0.0550053,-0.0469756,0.0124496,0.155279,0.033135,-0.0477924,-0.102631,-0.0052676,0.119909,-0.119366,0.000758218,-0.0931805,-0.142768,-0.128518,-0.013442,-0.118995,0.116924,-0.131919,0.0195115,-0.0808053,-0.0358008,0.0122133,0.0736085,-0.123822,0.20866,-0.000178104,0.147874,-0.06559,0.0694682,-0.154522,-0.0468416,-0.0116952,0.0437299,0.0997262,-0.134698,-0.116993,0.154143,0.0741745,-0.170378,-0.108305,-0.0695497,0.106251,0.0461747,0.123032,-0.0195055,-0.0880477,0.105505,0.1281,-0.112475,0.158071,-0.0196722,0.149242,-0.189746,0.0192685,0.0339426,-0.0204642,0.103302,0.130262,-0.0196294,0.0761811,-0.123674,0.0413441,-0.108793,0.0879555,-0.0964694,-0.0453081,0.0680376,-0.0556129,-0.124949,0.0719278,-0.0336349,-0.091351,0.115614,-0.00141706,0.0852117,0.0791549,-0.00795476,0.0539452,0.0616134,-0.0107052,0.224625,-0.173642,0.0627917,-0.190998,0.0376664,0.119859,-0.0643973,0.0468206,-0.0498492,-0.0777348,-0.145859,0.0886174,-0.194646,-0.0381964,0.0607197,0.0425587,-0.0879435,-0.0798448,0.0315617,0.0549733,-0.138443,0.110047,0.135023,-0.0369356,0.0249359,-0.000446901,0.00458877,-0.141637,0.00673731,-0.0278591,-0.10224,0.0222453,-0.00253946,-0.0426827,0.140011,-0.0473372,-0.00563169,0.0330616,-0.108235,-0.151558,0.0677164,-0.0204241,-0.0127761,-0.0232597,-0.223751,0.120921,-0.0270842,-0.0331257,0.0152644,0.109447,-0.0250768,-0.0553295,0.0852385,0.085611,-0.213621,0.0105742,0.0109487,0.0325516,0.0694722,0.0745961,0.0681149,-0.000735228,-0.117111,-0.318208,-0.0534201,0.146412,-0.0137305,0.113269,0.0210333,-0.0243063,-0.129686,0.040411,0.139493,-0.16275,-0.134766,-0.1289,0.0205058,0.00221522,-0.0380411,-0.153058,-0.0683076,-0.0763422,-0.0727348,-0.109817,-0.0414581,0.038951,0.074701,0.067846,-0.0758492,0.0387228,-0.0842084,-0.0148971,0.0599276,-0.168481,0.00512116,-0.0338075,0.0537185,-0.011667,0.168856,-0.154996,0.00923581,0.0112604,-0.0433159,-0.061495,0.0131554,0.0246366,0.155278,-0.0138414,-0.0704022,-0.0474293,0.0871807,-0.0569421,-0.00773145,-0.0632481,0.0274695,-0.211768,-0.0263888,0.11118,-0.0154587,0.045095,-0.0904939,-0.0795844,-0.0596826,0.0445951,-0.0606661,-0.0603316,-0.0178005,-0.0161565,-0.0282461,-0.0160165,0.0527351,0.143322,-0.116978,0.0231786,-0.171719,0.117262,-0.0913413,-0.0199236,-0.0928634,0.05545,-0.0524391,-0.0706039,
-0.050676,-0.0436307,-0.16384,0.00061861,-0.0360512,-0.1275,-0.0996299,-0.0261352,0.0985515,-0.153705,0.0575797,-0.0482839,-0.091036,0.000769084,-0.0794991,-0.0146406,-0.110196,0.108155,-0.0104883,0.191322,-0.0196997,-0.0313071,-0.0021334,-0.0497994,-0.118637,0.00653484,0.0374489,-0.137343,0.0338779,0.00593764,0.0360507,-0.09018,-0.118887,-0.0289162,-0.0330913,0.0464492,-0.00905873,-0.170168,0.208049,0.0501207,-0.0723438,-0.00833785,0.0907962,-0.147852,-0.036149,-0.0720973,0.0189863,0.0238211,0.00846209,-0.025367,0.10988,0.0779543,-0.0328498,-0.0221127,0.0219328,-0.0704604,0.0773443,-0.0562038,-0.0868025,-0.00686499,-0.146499,-0.0133514,0.0233443,-0.0190423,0.0899556,0.0772839,-0.175881,-0.03172,-0.09937,0.0678417,-0.0934626,-0.060736,0.0770073,0.00983266,0.0187778,-0.123506,-0.046827,0.0974297,-0.11745,0.18357,0.011811,-0.0825041,-0.269218,-0.21074,-0.0244718,-0.000823497,-0.0369903,-0.00983164,-0.154592,-0.128388,-0.0306935,-0.00956977,-0.0386899,0.102522,0.0808511,0.0162436,0.184842,0.0137907,0.0409404,-0.068456,0.165331,-0.118884,-0.153099,0.0886849,-0.145892,0.120985,-0.104863,-0.11961,-0.223634,-0.0386729,-0.0178288,-0.0674336,-0.0830057,0.0608159,0.0527062,0.0636594,-0.0072083,-0.00749424,0.0154856,-0.139905,0.0902484,0.054788,-0.157708,0.0968802,-0.0198982,0.00113264,0.0434865,-0.0810596,-0.054017,0.052719,0.064226,-0.221939,-0.0613448,0.0171756,-0.101732,-0.0164633,0.0290609,-0.0245802,-0.0450299,-0.0835755,0.136889,0.0945248,-0.103263,-0.000473882,0.00357901,-0.0395258,-0.0032683,0.015248,-0.0392437,0.0275996,0.0524686,0.0343209,-0.0079642,-0.110399,0.00287774,0.0121784,-0.100534,-0.0723173,-0.0797716,0.118123,-0.000462499,-0.0770977,0.0271605,-0.0294858,-0.204384,0.0703214,0.134301,0.0190345,-0.195855,0.0665675,0.0530325,-0.18185,-0.107098,0.0817021,0.111899,0.0063115,-0.0265486,0.0876193,-0.0101311,-0.0977652,0.010634,0.0667437,0.0271052,0.0987297,0.136329,0.0855888,0.178764,-0.0445224,0.0546948,0.0556295,0.0915002,-0.0362329,0.0279772,-0.0225866,0.12353,-0.101028,-0.0384345,-0.0876331,0.141465,0.123018,0.0870891,0.0152912,0.00525172,-0.00457086,-0.133142,-0.0395513,-0.120779,-0.121964,0.11769,-0.0510413,-0.00133063,0.00893318,0.0337417,-0.0894453,0.00743031,0.0072852,-0.0997358,-0.00404201,-0.108111,-0.109665,-0.012861,0.0359732,-0.0561473,0.00759365,0.0372429,-0.110912,0.000132993,-0.149123,-0.0828391,0.0242591,-0.128326,0.175131,-0.0060981,-0.142099,0.136397,-0.0668937,-0.0776503,-0.0572198,-0.0549383,0.121563,0.070635,-0.0578052,0.025492,0.0592157,0.0152568,0.0181248,-0.00258303,0.00467087,0.0391197,-0.115737,-0.00917052,-0.129428,-0.0826247,-0.0919461,-0.0267893,-0.169022,
-0.294388,-0.125782,0.116661,-0.0826095,0.12864,0.0849124,-0.0734735,-0.134402,0.0858995,0.0253043,0.140967,0.0278562,-0.0489875,0.0307051,-0.156852,0.00753197,0.0559958,-0.0280431,-0.0595815,-0.0189094,-0.00623689,-0.034795,-0.0928652,0.0253566,-0.154259,-0.192883,-0.138642,0.142597,-0.0909288,0.0192929,-0.164645,-0.0339648,-0.113428,-0.105331,0.094551,-0.00645328,-0.14663,-0.19158,-0.0939589,0.0221269,0.0557582,0.00301417,-0.00631791,-0.114794,-0.0134231,0.00912442,0.211544,-0.120097,0.0142773,0.017709,-0.101821,-0.0309956,-0.111773,-0.0606079,-0.052573,0.0848524,0.0191015,-0.198794,-0.0501638,0.021392,-0.00993304,-0.129215,0.0330529,0.0884163,0.0653238,-0.0709351,-0.034494,-0.0073778,-0.0841135,-0.0947386,0.0745648,-0.0402723,-0.073601,-0.156436,-0.0953973,-0.0262667,0.000368644,0.0161565,0.0137283,-0.0600749,-0.15313,0.0444704,0.0206863,0.0443308,-0.0103596,0.0248012,-0.157169,-0.0445244,0.0474469,-0.0716448,0.0646595,0.0723305,0.169814,0.0122394,0.0430573,-0.116347,-0.0201814,-0.0292571,0.0635813,0.0916295,0.00744828,0.0498928,0.10771,-0.0256349,0.0244627,-0.0157687,0.0957473,-0.132817,-0.0665871,-0.0379487,0.113512,-0.0590994,-0.0226236,0.0393135,-0.0356683,-0.102041,0.0622896,-0.127786,0.134349,0.0710277,-0.116249,-0.0213418,-0.0404049,0.0914563,0.208976,-0.0127819,-0.0378747,0.0553487,0.178015,0.0531782,0.0204924,-0.0187242,-0.0455931,0.0956674,0.00637306,0.127812,-0.0213598,-0.0175501,-0.164639,-0.012516,0.0488566,-0.0116537,-0.0124903,-0.0865058,0.0312481,-0.0445125,0.0440883,0.152153,0.00715425,-0.0781536,-0.0353493,0.209054,-0.0490227,0.0269266,-0.0155626,-0.0890567,-0.0766272,-0.117655,0.159715,0.126179,0.0554347,-0.0571309,0.0213124,0.0756217,-0.111524,0.000741727,-0.150907,-0.00690067,0.00730946,0.127338,0.102132,0.0776183,-0.114428,-0.00255155,-0.144404,-0.149097,-0.132435,-0.0192559,-0.00540775,0.0708796,0.169665,-0.0286387,-0.0612961,0.136347,0.0393171,-0.025291,0.0162995,-0.031037,-0.0998503,0.0486017,-0.213611,0.0434356,0.0765231,0.0437228,0.110085,-0.0198219,0.0500775,0.186212,-0.198699,0.0257183,-0.171381,-0.0538418,0.0888494,0.0369752,0.0527128,0.0441454,0.00360016,-0.0311345,-0.00755794,-0.126191,0.16839,0.016742,-0.0520983,0.228545,0.0621549,-0.0402901,0.0182121,-0.218627,-0.0258544,0.199961,0.0572922,0.0321552,-0.0337482,0.0614967,0.0766638,0.116286,0.0430547,-0.0698375,-0.0550955,0.127182,-0.0961805,-0.0576242,0.122078,0.0508477,0.0212171,-0.0622414,-0.00776623,-0.0226912,-0.110238,0.0841203,-0.0736774,-0.0596958,0.0434806,-0.149264,0.0259446,-0.0174417,-0.0836419,-0.0524297,-0.0957651,0.0450697,0.016261,-0.167586,-0.0465935,0.0294664,0.00318965,-0.0476992,
-0.149944,-0.0164749,0.0816825,-0.116204,0.172019,-0.156304,-0.0721421,0.121015,-0.0330876,0.0228059,0.0260384,-0.0364525,0.0300511,-0.0969435,0.0672509,0.0222431,-0.107746,0.0722854,0.00240059,0.0397887,-0.0195175,-0.123797,-0.010166,0.0643766,-0.05775,0.0670297,-0.116764,-0.0645984,-0.0999222,-0.0564427,-0.0738543,-0.0371109,0.0679586,-0.135943,0.00358867,-0.169005,0.028882,-0.0390251,-0.129617,-0.161134,-0.0728866,0.0066856,-0.11412,0.0158876,-0.10565,0.047851,-0.0078925,-0.000789992,0.0697166,-0.0577973,-0.0829082,0.00812984,-0.00672317,0.00643422,-0.0379433,-0.122409,0.0793196,0.0235521,0.0107038,0.160291,0.0317439,0.0942531,-0.0800022,0.0364782,-0.0872883,-0.0581353,-0.0639756,-0.0353258,0.0325283,-0.00736973,0.0444841,-0.0266734,-0.00148745,0.0809695,0.0342912,0.0562638,0.0436795,-0.148292,0.0815684,0.0791468,-0.106646,-0.00705731,0.0726909,-0.0479873,-0.0143515,0.105195,-0.0995496,-0.0660905,0.119049,-0.0311855,-0.0492065,-0.110002,-0.0857126,0.161221,0.016261,-0.161566,0.112264,0.00753856,-0.140597,0.015187,0.053799,0.00467073,0.0950692,0.107301,-0.0159774,-0.00573628,0.0134306,0.000379171,-0.212193,-0.123673,0.0723059,0.0333027,-0.135411,0.0353431,-0.0392041,0.0584973,0.140731,0.060819,0.0517252,0.0784539,-0.108109,0.000469012,-0.0541646,0.0100307,0.0602382,-0.12628,-0.0516079,-0.00574743,0.00840409,-0.0637619,-0.047016,-0.0901516,-0.00585691,0.1193,-0.097447,-0.155707,0.104299,-0.0379401,-0.150756,0.101935,-0.0590183,-0.114244,0.073539,0.0228868,0.166507,-0.056354,0.0735588,-0.0431775,0.0691506,0.0120816,0.0416471,-0.0202482,0.0118199,-0.048412,-0.0113077,-0.108033,-0.119115,0.0735301,-0.0740757,0.00688738,-0.0696235,-0.0709273,-0.0391219,0.140376,0.0719864,0.0986328,0.084317,0.144048,0.0942957,0.108879,-0.0981898,-0.0487025,-0.208924,-0.00179826,0.015996,-0.0906991,-0.256447,-0.0055583,-0.0807681,0.0805049,-0.0657034,-0.0756569,0.0619731,0.0544224,0.0327243,0.0365361,-0.0684059,-0.0136017,-0.117348,-0.115232,-0.0404376,-0.154456,0.0598289,0.0957771,-0.0237633,0.0645972,-0.0222536,-0.111503,-0.0101789,0.0282662,0.0764625,-0.0341735,-0.0698994,-0.182897,-0.0854602,-0.0121857,0.14753,-0.135579,-0.183472,-0.0334298,0.0516515,0.0580617,0.0411713,-0.0361134,0.0690403,-0.0648525,0.123221,-0.0457591,0.0658686,-0.0172615,0.0114061,-0.105436,-0.0296329,-0.0293391,-0.0315399,0.00316507,0.0186035,0.0871956,0.0559283,0.00187627,-0.155617,0.104768,0.12499,0.0552018,-0.0610172,-0.0360374,-0.196622,0.0504689,0.0065023,-0.0674892,0.0820351,0.174164,-0.0640065,-0.0599007,0.0289511,-0.00193009,-0.0199039,0.0618519,-0.00697933,-0.0579508,0.163927,0.0675946,0.0741219,0.0578176,0.063627,-0.0811806,
-0.0502591,-0.00953999,-0.00676611,-0.0907632,0.0141852,0.0802784,-0.12977,0.0903212,-0.0863093,-0.038317,-0.047723,0.0500678,-0.0453184,-0.0628918,-0.155322,-0.203742,-0.0261637,-0.0880226,-0.000991102,0.0147266,0.0836884,-0.113413,-0.0129485,-0.0891694,0.0536476,-0.0184962,-0.123714,0.0580055,-0.131128,0.15858,0.00315639,-0.101954,-0.118971,-0.0946577,-0.0493514,0.00336018,-0.109953,0.101802,0.119819,-0.00243482,0.127624,-0.0320394,0.00528302,0.0495101,0.140787,0.0205296,0.15107,-0.013757,0.13076,0.0456683,-0.035119,0.0176793,-0.103821,0.0450751,-0.0282824,0.217407,-0.0346246,-0.0745123,0.0155096,0.0288736,0.116378,0.0324225,0.0340235,-0.00632277,0.0139759,-0.0384822,0.078268,0.0749823,-0.210813,0.262401,-0.147758,-0.0130405,0.107954,0.1632,-0.101139,-0.138671,0.0169749,-0.037333,-0.0230256,-0.0923879,-0.102013,0.108817,-0.0371767,-0.00539309,-0.156109,-0.105855,0.0123291,-0.0622941,-0.0649843,0.125473,0.248059,-0.0409272,0.0238887,-0.063762,-0.01704,0.0112736,0.137611,-0.0575369,0.0522514,0.0452694,0.114489,-0.028752,-0.120352,-0.0679572,0.0167128,0.00732193,0.0191686,-0.0496925,-0.0126095,-0.0811861,0.0356366,0.0427302,-0.0230117,0.0436072,-0.0056626,0.105966,0.0454016,0.0700669,-0.0768642,0.0261778,0.209729,-0.0590707,-0.123064,0.0249152,-0.0435999,0.222193,0.0224441,0.196972,-0.00588998,0.11554,0.0663434,0.0439509,0.0210025,0.0968065,0.0102544,-0.0141015,-0.0690007,-0.107958,-0.0757431,-0.063288,0.106228,-0.253154,-0.0335558,-0.0421286,-0.115299,0.0622266,-0.00418058,-0.0350127,0.0119235,0.143272,0.174902,0.064209,0.0835909,-0.0859043,0.00481849,-0.0911007,-0.00479731,-0.0387564,-0.0321493,0.227627,-0.0163741,0.0147575,0.00821949,-0.103359,0.0912074,0.0410632,0.108585,0.0611101,-0.062865,0.0965133,0.0517034,0.0266323,-0.114688,0.00259034,-0.0389225,0.0986675,0.00603295,-0.0420602,-0.0166865,0.193405,0.10694,0.0176718,-0.131698,-0.15684,-0.155077,-0.00704046,0.00383051,-0.0381784,-0.00947198,-0.0286391,0.0742103,-0.0534149,-0.0609871,-0.00255947,-0.0534011,0.175315,0.121001,-0.0223694,-0.0244214,0.0546507,0.0256078,0.0851189,0.0849181,-0.0481235,-0.0278461,-0.0702439,0.0250425,0.0847722,-0.0653121,-0.0143967,-0.0443017,0.045633,0.16967,-0.0387108,0.0402408,0.0227191,-0.144227,-0.0417219,-0.0763627,0.0728637,-0.240455,-0.0604355,-0.123849,-0.102663,0.13358,-0.0955258,-0.0069865,0.0322277,-0.0274365,0.0643249,0.0630402,-0.159856,0.101262,0.0430434,-0.05746,0.0881515,-0.256231,-0.105917,-0.0357101,-0.0169624,-0.00619421,-0.0254567,0.0238685,-0.0306489,-0.00368142,0.147573,0.0207447,0.036567,0.217704,0.167798,-0.067074,0.088069,0.0440948,0.133398,-7.06217e-05,-0.0926357,
0.0133612,-0.251291,-0.109271,0.0132767,0.010963,0.0241199,0.0496538,0.0313874,-0.138436,-0.0582372,0.00571327,0.175017,0.0124698,-0.035237,-0.232155,-0.293115,-0.0835847,0.0523951,-0.0913291,0.108437,-0.0134677,-0.00417307,-0.0793295,-0.0664505,-0.039648,-0.0853533,0.136134,-0.101485,-0.103326,0.121037,0.00723234,-0.121474,-0.305135,-0.0582281,0.024363,-0.125792,-0.101523,-0.0517332,0.068083,0.0133974,-0.0956167,-0.0854331,0.00760874,0.0225234,-0.0703388,-0.215994,-0.0418187,-0.0509335,-0.0312149,-0.0304357,0.157553,-0.110479,0.10936,-0.0701104,-0.0691239,-0.0343464,0.0620932,-0.189721,0.0175047,-0.082406,-0.141983,0.0883399,-0.11428,0.0155038,0.0239416,-0.025438,0.0496903,-0.0223727,-0.0877825,-0.109513,-0.0562276,-0.143207,-0.165007,-0.0178368,-0.194575,0.0473815,0.0121225,-0.0636837,-0.0490174,-0.0951817,0.0142981,-0.137503,-0.0862658,-0.234284,-0.126026,-0.0621149,-0.180628,-0.111488,0.057071,-0.110181,-0.0669788,0.0594382,0.0222017,-0.108086,-0.14962,-0.0103488,0.111159,-0.0924155,-0.00630013,0.201063,0.000667354,-0.169085,-0.0380962,-0.0862366,-0.102865,0.0487563,-0.110025,-0.0268918,-0.0219834,0.0827454,0.104697,-0.0952243,-0.083717,0.0914153,0.0331834,0.240905,-0.102109,-0.00376373,0.00407742,0.000706023,-0.187345,0.071624,-0.15255,0.0328831,-0.09253,-0.117542,-0.0993948,0.0199619,-0.147521,-0.0406322,-0.0235338,-0.0121331,0.0700048,-0.0648924,-0.0435452,0.0249478,0.0170499,-0.0678084,0.0228108,0.088483,0.00305482,-0.0845472,-0.155173,-0.136877,0.117284,-0.0535616,-0.0143977,-0.0141064,0.0105455,-0.0506408,-0.178638,0.187059,0.0312338,-0.0215335,-0.0892493,-0.0506947,-0.0970729,-0.114464,0.0602533,0.0236654,0.132237,0.125012,0.110182,0.17003,-0.303388,-0.113539,0.0504378,0.039122,0.0728615,-0.113575,0.195901,-0.0174872,-0.0104645,0.262246,-0.009937,0.013948,0.0634429,-0.0693731,-0.269506,-0.0140229,-0.024408,-0.111462,-0.0227575,-0.113208,0.0626951,0.0885166,0.0365146,-0.0108827,-0.0631465,0.0218216,-0.142576,-0.248334,-0.105585,-0.155467,-0.0409377,0.0546786,0.00932679,-0.131163,0.0208103,-0.227745,-0.109551,-0.0286535,-0.12473,-0.0615088,0.0490828,0.00919592,-0.190057,-0.11661,0.0436487,-0.0196113,-0.143173,-0.107327,-0.047858,-0.0303245,0.0422067,-0.105707,0.074225,-0.0583772,0.00480361,-0.0670405,0.066577,0.0751092,0.0309101,0.00497427,-0.101155,0.0142021,0.011804,-0.148822,0.0325792,0.00869152,-0.0136871,-0.00250849,-0.077437,-0.171042,-0.106603,0.0716441,-0.0600213,0.0638175,0.265636,0.101603,-0.0993336,-0.0715695,-0.121175,-0.252452,-0.0407864,0.137157,-0.0329115,-0.0584068,-0.0631585,-0.0640565,-0.0675049,0.0971294,0.0145388,0.0874829,0.0722178,0.0119316,
0.031616,0.0552291,0.0459984,-0.031519,-0.0805627,0.085329,-0.13445,-0.0300506,0.0838176,0.141437,0.0334251,0.0605358,-0.0509898,0.134877,0.0247295,0.0969934,-0.104506,0.103312,-0.105851,0.146406,-0.0468845,-0.0538031,-0.0708291,-0.10771,-0.00128366,-0.0813515,0.0113919,-0.141927,0.00730451,0.018703,0.100209,-0.0692667,-0.0204489,-0.00919767,-0.0115249,-0.0369164,0.122706,0.0522055,-0.106328,-0.00744225,-0.034664,0.0459953,-0.0646714,-0.073521,0.0100807,-0.06859,0.0705285,0.0414817,-0.0341375,-0.02003,-0.0452345,-0.0272845,0.0785866,0.0377042,0.0742265,-0.0368461,-0.15193,0.0877242,-0.151075,-0.0495371,-0.0173397,-0.137129,-0.029289,-0.122501,0.068975,0.23184,0.00537754,-0.185491,-0.0396044,-0.0540988,-0.0484903,-0.0997115,-0.0183401,0.109407,-0.084544,0.173607,-0.0224953,0.045753,0.135098,0.083301,0.0438069,-0.133022,0.0746334,0.0672245,-0.0458966,0.00178668,-0.00660747,-0.148627,-0.150049,0.0382811,0.0814798,0.0238752,-0.0493008,0.123132,0.0742481,0.0293504,-0.262764,0.00239081,0.0363158,-0.0323009,0.144751,0.110069,0.0913741,0.0684092,-0.0863759,0.0598419,0.0785834,-0.0466815,0.146134,0.0414186,0.169132,0.0498421,-0.0852411,0.00162399,0.0711167,0.0560875,0.0893429,-0.0549309,-0.0347117,0.0461337,0.0505045,-0.0797121,-0.118832,0.0605095,-0.0985908,-0.0390762,0.0502616,0.0403278,-0.0624782,0.10302,-0.0793147,-0.0717868,-0.0869613,-0.10748,-0.069322,0.0823167,0.179989,0.0377297,0.0881804,0.0353069,0.0368187,0.0590897,-0.0209951,0.0978128,-0.0467133,0.0214023,0.0334792,-0.0878582,0.0228062,-0.0422138,0.0826802,0.094798,0.133118,0.0604385,-0.0605527,0.129536,-0.0545262,-0.0595754,-0.0187957,0.249402,-0.0261482,-0.0119742,0.0231723,-0.107493,0.027941,0.00224269,0.191402,0.261463,0.114365,0.12107,0.0805644,0.113196,0.10388,0.0780446,-0.0842969,0.105896,0.158099,-0.0808728,0.00624965,-0.0301242,-0.150975,-0.00101331,0.0846599,0.117056,0.0967623,0.0290257,-0.0698957,0.0708694,0.107615,-0.0197296,0.0305994,-0.0289615,0.0880008,0.109012,-0.133717,0.0552363,-0.3278,0.0355666,0.114293,0.067295,0.130318,0.0633299,0.0799594,-0.0510365,-0.176959,0.102496,0.132757,-0.0908256,0.194312,0.0549265,0.0723615,0.037367,-0.0737479,-0.0941301,0.114886,-0.0485806,-0.10756,-0.0221154,-0.0360873,-0.206272,0.0527713,0.0150711,-0.0812363,0.182317,-0.0193213,0.0039512,-0.122108,0.017058,0.0723404,0.0372039,-0.0642835,-0.0247066,-0.135183,-0.0301882,-0.00260448,-0.0675254,-0.0309566,-0.00502179,-0.0390982,-0.0634213,-0.0741243,-0.0176272,-0.093035,0.0278287,0.0600941,0.00754878,0.0589639,0.00986761,-0.0949991,-0.0530149,-0.0797384,0.0253326,0.0156643,-0.0357921,-0.0476941,-0.0891667,
-0.249591,-0.512354,-0.0986835,0.0363047,0.183251,-0.0879944,-0.0428396,-0.112482,-0.0346214,-0.135426,-0.0741151,0.294648,-0.244604,0.0745596,-0.361419,-0.169004,-0.0894906,-0.0804582,0.0120234,-0.19147,0.10094,-0.0577407,-0.0109523,-0.1785,0.0148626,-0.123063,-0.284544,-0.143419,-0.170546,0.144849,0.0709996,-0.342419,-0.317456,-0.2872,-0.0266524,-0.181936,-0.108641,-0.0181905,0.0348101,-0.00892534,-0.367252,-0.367378,-0.0302263,0.0332976,-0.251654,-0.0756437,-0.109429,0.0120929,-0.175374,0.0265491,0.149906,-0.350529,0.0474348,-0.149627,0.107912,-0.0251153,-0.0478109,0.0858896,0.0215511,-0.264312,-0.0549341,-0.0883946,-0.103618,-0.0614524,0.0903937,-0.295927,-0.1576,-0.0537216,0.107695,-0.444198,0.00778847,-0.199286,-0.0377985,0.177157,-0.200565,-0.100073,-0.133786,-0.0647293,-0.124935,-0.0778058,0.0378427,-0.212389,-0.0489607,-0.188115,-0.243422,0.00889987,-0.0602281,-0.075685,-0.109653,-0.173093,0.0327655,0.127895,0.141511,-0.324732,-0.158556,-0.21385,-0.0616936,-0.0931868,-0.0657111,0.596652,-0.114065,-0.20642,-0.0651213,-0.22874,-0.0054794,0.140581,-0.0898824,-0.297919,-0.0972649,-0.259676,0.0568387,-0.0408943,-0.0521289,0.0854908,-0.177863,0.123855,-0.129015,-0.0322826,-0.0184818,0.0480242,-0.226396,-0.106395,-0.163563,0.16509,0.0466991,-0.075998,-0.30162,-0.24453,-0.174721,-0.161793,-0.0735718,-0.0358722,-0.140351,0.0438781,0.0988774,-0.10522,0.123554,0.137896,-0.112247,-0.12108,-0.122479,-0.0822887,0.156597,-0.151265,0.216442,-0.0256781,-0.0848211,-0.0107412,-0.0148919,-0.109135,0.0358592,0.0631694,0.0236077,-0.0415679,-0.113492,0.153739,-0.333006,-0.108713,-0.0987773,-0.0948836,0.032406,0.0256133,-0.0563782,-0.0893817,-0.229947,0.0258892,-0.119831,0.143375,-0.0386139,0.0943094,0.117212,-0.301784,-0.188589,0.66688,0.097318,-0.148255,-0.0956645,-0.131408,-0.39185,0.053204,-0.194896,0.0301236,-0.0470852,-0.139296,-0.0297342,-0.247528,0.103654,-0.0583598,-0.10343,0.0494083,-0.159084,-0.106051,0.0409422,-0.216837,-0.0522157,0.0669121,-0.0964122,-0.246908,-0.0875326,-0.0100987,-0.0330966,0.0168222,-0.0246877,-0.0781202,-0.151281,0.0060012,0.0333094,0.0268938,-0.00549341,-0.101234,-0.249595,-0.0639861,-0.100375,-0.0568714,0.103886,-0.100645,0.0521931,-0.00338359,0.00157944,0.0428505,0.101554,-0.0160724,0.106589,0.0530399,-0.00545241,-0.19188,-0.0906452,-0.0329249,0.0788046,-0.157482,-0.122942,0.0596737,0.259973,-0.338671,0.0621942,-0.0410026,-0.0672301,-0.0777888,-0.0344385,0.162212,-0.151857,-0.251784,-0.01128,-0.176689,-0.026181,0.299815,0.149657,0.12236,-0.215649,-0.196106,-0.315442,-0.102451,-0.0666537,0.0410654,-0.16322,-0.076185,
0.0727215,0.0226925,-0.017286,0.0140642,0.0714716,-0.143997,-0.0477855,-0.0843443,-0.0393894,-0.00278443,-0.146844,-0.0350452,-0.0443785,-0.0441401,-0.0987456,0.0560885,0.0835927,0.0259433,0.150963,0.0944202,-0.108497,0.0739698,-0.145478,-0.0814968,-0.176795,-0.0262287,0.0377217,-0.120639,-0.0340089,0.0101993,-0.0151542,0.0660646,-0.135647,0.00896373,0.0563231,0.0389459,0.0785752,0.0677574,0.0217987,0.056656,0.0751711,-0.0522911,-0.0392984,0.0821717,-0.213555,-0.169429,-0.130652,-0.104358,0.137453,0.134508,-0.00897685,0.0724266,0.0255532,-0.0578038,0.0582276,0.169158,0.0413225,0.0371056,0.036317,-0.177626,-0.104268,-0.184462,-0.0296746,-0.120494,0.0530222,-0.0970058,-0.0525173,-0.0868163,-0.195177,-0.0458211,0.021017,-0.0895969,0.0115769,0.13257,-0.00908605,0.00153666,0.18722,-0.200365,0.0111977,-0.111307,-0.0893223,0.0499285,0.0550495,0.0539375,0.0222814,-0.10642,-0.153777,-0.0763523,-0.00614166,0.00474485,-0.136956,0.137597,0.0425203,0.13858,-0.0887134,-0.0416506,-0.121932,-0.0650525,-0.0307728,0.0133703,-0.00313175,-0.0537399,-0.132523,0.0879728,0.136555,0.0586481,0.100141,-0.121648,-0.00259412,-0.0158923,0.0845515,0.109938,-0.00425979,-0.0738767,-0.0736073,0.0336703,0.101636,-0.0647758,0.0492144,0.0911707,-0.0218815,0.0198989,-0.144332,0.0427918,-0.00378735,0.0510779,0.0606452,-0.136575,0.0574882,-0.0191118,-0.131518,0.126461,-0.113299,0.0621037,-0.0845138,0.0407583,-0.0160467,-0.105767,-0.0515371,0.0557819,-0.0124477,-0.0856299,0.0498104,0.020738,-0.00737645,0.00546713,-0.152257,-0.0790172,0.0886721,-0.00257478,0.0134226,0.159922,-0.0902529,-0.0851292,-0.111257,-0.0127562,-0.0854818,0.00342741,0.0265147,-0.0594203,0.0062793,0.00266929,-0.026634,-0.167479,-0.00494897,0.0565591,0.156709,-0.118729,0.0829815,0.0114148,0.117793,-0.072933,0.145241,-0.0477166,0.0391727,-0.172139,0.0152004,-0.24331,0.0515035,-0.0790151,-0.0380934,-0.148763,-0.0268731,-0.106524,-0.0730315,-0.0380038,0.174937,-0.0297878,-0.0540204,0.0422503,0.0672053,-0.0356373,-0.068726,-0.111446,0.0324276,-0.209677,0.0328728,-0.0363085,0.00472099,-0.166131,0.0323024,0.00119095,0.0689795,0.00668807,-0.055123,0.0940771,0.0297918,-0.0967964,-0.240652,0.0946106,0.0510257,0.0290585,-0.103976,-0.144342,-0.184326,-0.0116193,-0.034347,-0.118723,0.0882165,0.0945916,-0.0434539,0.0960512,0.0591246,0.0670203,-0.0569757,-0.0129408,0.104679,-0.0469063,-0.000990966,-0.0370047,0.11659,-0.0214806,-0.0873419,-0.0534153,0.0338849,-0.0670342,-0.160455,0.100319,0.0138269,-0.0267628,0.0782979,0.107374,-0.0339822,-0.00254321,-0.0905888,-0.182423,-0.0749965,-0.0193304,0.05183,-0.116859,-0.032328,-0.0560001,0.0882889,0.0487889,0.128084,-0.202001,
0.153773,0.160457,-0.00756468,0.138051,0.0149208,0.0839076,0.0308272,-0.0054637,-0.15732,0.155341,0.0626106,0.0279858,0.056713,-0.158753,-0.0417652,0.0298681,0.144382,0.0619075,0.040723,-0.153233,-0.0253402,0.0682351,0.175091,0.00733235,-0.0522737,0.0425915,0.0184254,-0.116991,0.0548537,0.0310594,-0.0324663,-0.0476959,0.0866338,-0.171773,0.0805271,0.0124673,-0.0505722,-0.117779,-0.0688593,-0.0816382,-0.120536,0.00516904,0.0331466,0.121112,0.0448571,-0.185217,-0.0052598,-0.0487904,-0.111763,0.0229073,-0.116167,-0.0267135,0.121046,0.0690738,-0.0636006,0.089704,0.126021,0.0594429,-0.128061,0.0665029,-0.0519256,-0.0136189,0.0742054,-0.113184,-0.0138693,0.0121938,0.0946414,-0.0924884,-0.0537648,0.0148951,-0.0610755,0.0439386,0.0759248,-0.0553092,0.13892,-0.0437008,-0.0204634,-0.0085348,-0.138639,0.0665547,-0.0350147,0.00185291,-0.207881,-0.0551152,0.0446263,0.11382,0.0481595,0.0535506,0.0650437,-0.0522068,-0.191855,-0.0567674,0.074247,-0.00798666,0.106301,0.0999662,0.0591073,-0.0414959,-0.120515,0.241341,0.00179442,0.074992,0.000325358,0.103164,0.042921,0.0183105,-0.0163694,0.148212,-0.0371248,-0.115072,0.00619223,0.0522196,0.195731,0.0169598,0.00508783,-0.120423,-0.126573,-0.0363866,-0.171151,0.0704209,-0.00510036,0.0264866,-0.0936759,-0.0597914,0.124559,0.148962,0.130249,-0.101937,0.141595,0.0775225,-0.166459,-0.0965456,0.0190531,-0.11337,0.172198,-0.0201618,0.0617843,0.124002,0.0274736,0.114189,0.000651486,0.0370309,0.0115215,-0.0151504,-0.0173765,-0.03399,-0.11865,-0.00513989,-0.102046,-0.0596117,0.0560104,-0.0882645,-0.132466,0.0633846,-0.0312933,-0.0823167,0.130986,-0.101122,-0.0470687,-0.0735055,-0.0136357,0.0939105,-0.000733486,0.000588953,-0.0528108,-0.0891418,0.0341569,0.187877,-0.180878,-0.0799197,-0.12821,-0.0635802,0.16036,-0.0258479,0.0747284,0.0708103,-0.11637,0.111977,0.0835453,0.0390576,-0.138794,0.0297057,0.0111435,0.0556065,0.141645,-0.157193,-0.084792,0.0834229,-0.00438006,-0.0603501,-0.0442965,-0.0475058,0.112051,0.0293782,0.128392,-0.030569,-0.0618957,-0.0969432,0.0502429,-0.0428138,-0.0564156,0.00547685,-0.0307105,-0.172398,-0.146976,-0.00615949,-0.0440313,-0.106423,-0.0714167,-0.19741,0.0995266,0.0101464,-0.0360752,-0.0728141,-0.036204,0.0549059,-0.217795,-0.0484984,-0.06451,0.133946,0.197174,-0.0212684,0.0808815,0.0465761,0.0790727,0.0139941,0.0835462,0.176441,0.0286266,0.061013,-0.0373546,0.0782971,0.0845204,-0.163287,0.0758068,0.157157,-0.0168262,-0.0418205,-0.0572253,0.0767681,0.0454978,0.0238931,-0.083496,0.176742,0.0472457,-0.0656154,-0.0551892,-0.0611137,0.0344442,0.0186073,0.0874697,0.108369,0.123411,0.0461177,-0.0749984,-0.0917448,
-0.106751,0.087042,-0.0973502,0.0588622,0.0357165,0.02651,0.0417701,-0.170182,-0.21045,-0.158648,0.0273322,-0.064686,-0.190955,-0.1299,0.11808,-0.0636511,-0.0526342,-0.0659576,-0.0500889,-0.0877442,-0.0513859,-0.133274,-0.104104,-0.00273009,-0.0255677,0.104305,0.0371467,0.102529,-0.0386648,-0.0315876,0.0793765,0.11565,0.0473273,-0.00351167,0.156501,0.11122,-0.126126,-0.00882668,0.0869374,-0.00389138,0.00895071,-0.0467355,0.0621799,-0.0665239,-0.0351104,0.210311,-0.0165726,-0.0458409,0.0950265,-0.0571615,0.0662431,-0.0443695,0.0773562,-0.082583,0.0720418,0.269669,0.00794768,-0.0925631,-0.0311836,0.0959316,0.103682,0.0353769,0.0128688,0.144599,0.143449,-0.0733689,-0.0149002,-0.0586752,-0.0416665,0.0127821,0.118602,0.125041,-0.163806,0.14135,0.107616,-0.087633,-0.117419,-0.0146016,0.0322819,-0.172457,0.0367895,-0.0965536,-0.0101217,-0.0619242,0.167351,-0.224499,0.100203,0.00490891,0.00653974,0.169086,-0.0351636,0.201184,-0.100071,0.0313609,0.0571264,0.0049553,-0.0335425,-0.0843577,0.0829456,0.0808937,-0.0726936,-0.0650153,-0.0359095,-0.0579259,-0.0068038,-0.24181,0.00250633,0.159437,0.145861,0.0217158,-0.00173909,-0.0692672,0.138605,-0.0937082,-0.107607,0.123204,-0.0722489,0.0933609,0.0494348,0.144723,0.0155747,-0.00646026,-0.00878466,0.0146902,0.0675608,0.0682942,0.0103942,0.144663,-0.0239559,-0.0416212,-0.0416597,-0.0287169,0.0744115,-0.063588,0.0733096,0.00455805,0.0390796,0.013678,-0.0739982,0.130413,0.0693609,-0.147876,0.00737779,0.160835,0.0427476,0.0531921,0.114198,0.00128058,0.0120003,0.0566121,-0.0669314,0.0909999,0.04222,-0.13329,-0.000223715,0.183749,-0.000341685,0.0198552,-0.00708626,-0.0436686,0.143037,0.0817373,0.189535,0.0241752,0.00403859,-0.0243631,-0.0362309,0.0458661,0.0639353,-0.0739343,-0.0360512,-0.0823665,0.0874834,0.0154223,0.00796837,-0.0344545,0.0430346,0.0988834,0.0689559,-0.0569744,0.0481069,-0.00261564,0.0530803,0.10099,0.129991,-0.0830846,-0.0256258,0.123198,-0.170291,0.107384,-0.0054957,-0.0176132,-0.0906445,0.00982316,-0.0102409,-0.0612161,0.137129,0.127874,0.0212788,-0.0243242,-0.0489258,0.0446525,0.0137183,-0.128575,0.118012,-0.113808,-0.0585434,-0.00505737,-0.0445366,0.0227881,-0.125305,0.122376,-0.114088,-0.180836,0.0945203,0.014658,-0.259532,-0.0138504,0.0332938,-0.0661883,0.0290687,0.0637158,0.0193992,-0.120232,0.0891616,0.113456,-0.041904,0.0802895,0.129581,-0.0544603,-0.0693578,0.0601455,-0.035379,0.058409,0.0406509,-0.0460822,-0.0602779,-0.157002,-0.0865605,0.0221753,0.00466748,0.0157924,0.0810141,-0.0343026,0.146545,0.0508662,-0.0551983,0.018029,0.119385,-0.117176,0.171727,-0.0456717,0.0108314,0.160601,-0.0104478,-0.0672585,
-0.169447,-0.337565,-0.000775226,-0.1084,0.0846636,-0.203085,-0.0758573,-0.115672,-0.00217897,0.118765,-0.0441606,0.0932698,0.00591185,0.117523,-0.243544,-0.203567,0.0249135,-0.0734128,-0.0705742,-0.0784556,-0.0573207,-0.0168623,0.0976689,-0.0620392,0.00355858,-0.0201583,-0.127584,-0.0862012,-0.0543274,0.226602,-0.0960419,-0.301341,-0.248553,-0.251537,-0.00542365,-0.183326,-0.023274,0.0286285,-0.0253476,0.0480387,-0.0581041,-0.171627,-0.10567,-0.0482028,-0.0561571,-0.183811,-0.122082,-0.116496,-0.169671,-0.0785778,0.0719527,-0.117186,-0.0701992,0.036191,0.00834732,-0.0402025,0.00876497,-0.103344,-0.00280402,-0.143949,-0.0373858,0.037341,-0.208897,-0.031844,-0.160163,-0.22869,-0.132429,0.0543364,0.0904482,-0.224048,-0.118077,-0.280605,-0.0596352,0.0515084,-0.0706251,-0.185483,-0.040291,-0.073744,-0.013326,-0.11116,0.0257992,-0.166603,0.000708162,-0.109905,-0.34029,-0.0433898,0.0435943,0.0527718,0.0766816,0.0657684,-0.0656607,0.116919,0.00883776,-0.177469,-0.00689171,-0.00839645,0.075359,-0.174625,-0.106187,0.406526,0.0647541,-0.162691,-0.0218366,-0.163071,0.00406317,0.117286,0.0101261,-0.133745,-0.0967253,-0.0312527,0.0769043,-0.101582,-0.0800822,0.0177754,0.0281986,-0.000267022,-0.110663,-0.115975,-0.0819738,-0.188775,-0.194533,-0.0187296,-0.0107622,0.162589,-0.0413661,-0.133174,-0.178099,-0.0515718,0.0397327,0.107555,0.0536715,-0.121571,-0.216163,0.0799273,0.054736,-0.0982385,-0.0705809,0.0804026,-0.0974074,0.0172502,-0.153963,0.0639053,-0.0650349,-0.033728,-0.0156575,-0.165674,-0.221439,0.000738061,0.0308416,-0.0582582,-0.106674,0.121765,-0.0137931,0.13896,-0.00697542,0.0812158,-0.232063,0.012366,0.0549104,0.0237288,-0.00870691,-0.0830907,0.0815209,-0.00891028,-0.151885,-0.00618155,-0.0153442,0.0302331,0.146406,0.00752096,-0.150767,0.0748337,-0.111807,0.429998,-0.0210277,0.135272,-0.0302089,-0.254375,-0.0419816,-0.0920974,-0.100371,0.138056,-0.117794,-0.0480327,-0.0576992,0.0505058,0.154559,0.0405522,-0.184592,-0.0305919,-0.0294708,-0.138796,-0.084489,-0.0577429,0.0186474,0.0786215,0.0639715,-0.231947,-0.165525,0.088098,0.0364838,-0.135621,0.0204597,-0.158927,0.0770163,0.032373,-0.0094901,-0.0838693,0.272409,0.0826832,0.0163244,-0.218705,-0.237788,-0.0504581,-0.083223,-0.244005,0.0834986,-0.0468308,-0.109877,0.0156826,0.120422,-0.191305,0.066538,0.0986939,-0.0322305,-0.0268603,-0.219999,0.0284444,-0.0288043,-0.0138074,-0.0680775,-0.122309,0.0481171,-0.179599,-0.0189142,-0.0165696,0.00180546,-0.00956578,0.061519,0.053914,-0.0167667,-0.0887328,0.0823081,-0.174009,-0.145967,0.198903,-0.0202902,0.0212021,-0.103058,0.0102639,-0.0395105,-0.0688395,-0.131163,-0.0335737,0.0192162,-0.169908,
0.0362774,-0.232177,-0.038734,0.0400733,0.0385168,-0.0434175,-0.128282,-0.0445488,-0.00713143,0.113983,-0.17799,-0.135702,0.0447799,-0.152833,-0.0404044,0.0372793,0.0382424,0.00909725,-0.170507,0.0490037,0.116088,-0.0749555,0.0797573,0.0366057,0.165197,-0.174813,0.129369,-0.0974734,-0.0495679,-0.052519,0.080186,-0.0729226,-0.0105353,-0.0228185,-0.0830607,-0.0311878,-0.160764,-0.044456,-0.120133,0.0232303,-0.0521572,0.0363044,-0.088552,0.010308,0.0712937,-0.210242,-0.115744,0.0768219,-0.000913162,-0.0402437,-0.133106,-0.0165218,-0.0618919,-0.192971,-0.133794,0.0530897,0.0636627,0.0862142,0.126166,-0.0514505,-0.0442287,0.0166027,0.00510891,0.0450511,-0.0346499,0.0767324,-0.0624781,0.0864454,-0.00279597,-0.162852,-0.100292,-0.101803,-0.0444249,0.0976335,-0.0156684,0.00727365,0.0335604,-0.0520627,-0.0655492,-0.0755414,0.126829,-0.0422716,-0.0831173,-0.0787792,-0.116007,-0.0682603,0.0936675,0.0744432,-0.118608,0.0195905,-0.121394,0.133894,-0.0155811,0.0605945,-0.0190789,-0.0850204,0.0631116,-0.0250085,0.0827527,0.152565,-0.0114309,-0.0576021,0.164409,-0.0424074,-0.092445,0.0411767,0.0851906,-0.081735,-0.0247439,0.0588012,0.127595,-0.117263,-0.111312,0.125637,-0.108349,0.10283,0.0625992,0.048695,-0.15449,-0.141697,-0.180588,0.107907,-0.0886772,-0.12526,-0.020834,-0.117552,-0.085612,0.0184629,-0.0575734,0.144887,0.0456941,-0.0608743,-0.010796,-0.0205608,-0.0708808,-0.0708589,-0.0428743,0.0405448,0.0412875,0.0221965,-0.0377814,-0.101698,-0.0131627,-0.233598,0.0719107,0.136014,0.000773323,-0.0271442,-0.181605,0.121249,-0.138805,-0.0669541,0.0212556,0.110783,0.00802746,-0.16417,-0.0656305,0.0916957,-0.0139511,0.0872906,-0.0777955,0.179113,0.108982,0.0392464,-0.0237225,-0.0111127,0.105244,0.0650549,-0.115651,0.110526,0.0562253,0.0115128,0.0606709,-0.0933032,-0.0824891,0.0692427,0.0457091,-0.0967084,-0.0374373,-0.104485,0.000403108,-0.103945,0.0127277,-0.0948285,0.127178,0.0347797,0.00888163,0.0452488,-0.101039,0.090213,0.0683478,0.0169853,0.00962662,0.0815424,-0.0790348,-0.165476,0.0447837,-0.107537,-0.017307,-0.0374506,0.101387,-0.0195974,0.144683,-0.0444925,0.073412,-0.177766,-0.0755765,-0.0031252,-0.143219,0.0324242,-0.0958332,-0.150088,0.0838153,0.00597472,-0.061084,-0.233139,-0.0295942,-0.015199,-0.01164,0.0167773,-0.0130938,0.126995,0.0558551,0.0936167,0.0634552,-0.0544246,0.0790697,-0.0541852,0.0944498,0.182862,0.0221633,-0.000260091,0.210759,-0.207197,0.110142,-0.146896,-0.0237969,-0.189316,0.12129,0.0376912,-0.178329,0.0191117,0.115793,-0.0816635,0.121283,-0.0622187,0.0430319,0.00817677,-0.0791356,-0.117598,0.000876496,0.0162879,-0.0521981,0.0724086,-0.090595,-0.0864112,
-0.12373,-0.0249289,0.0151698,0.0681642,0.0543825,0.0626652,-0.105579,0.0284725,-0.0154117,-0.0931019,0.0912962,-0.118783,-0.161973,-0.0156331,0.0482912,0.00364921,0.112447,0.0496477,0.119667,0.011836,0.138332,-0.007228,0.0665834,-0.0869578,0.113102,-0.133275,0.00409741,0.0758866,-0.0604249,0.0359661,0.00547887,-0.166186,-0.0737676,0.00390491,-0.00387951,0.211876,0.0666622,-0.0180376,-0.0307833,-0.100247,0.124678,-0.0176484,-0.277968,0.0664925,0.0610777,-0.080908,-0.0808509,0.0432964,0.0146389,-0.0213795,-0.245815,-0.0368336,-0.0719182,0.0864911,0.0668469,0.0527306,-0.0535994,-0.0944801,-0.0296286,0.0955499,0.010785,0.229274,-0.00596508,-0.0887769,-0.0375368,-0.0915114,-0.097498,-0.00559386,-0.0514762,-0.0452925,0.00553567,-0.185282,0.085877,0.151725,-0.0960269,0.0632653,0.116767,-0.0551487,0.0271868,-0.0715857,-0.0274186,-0.0145519,-0.0358384,0.00630272,-0.0803106,-0.0590939,-0.0788586,-0.161851,0.0467155,0.0408184,-0.0145736,-0.0815122,-0.0732201,-0.112008,0.090202,0.105165,0.211856,-0.118124,-0.0244258,0.204437,0.0699488,-0.0723339,-0.05095,-0.0175924,0.0442567,-0.058723,0.140926,0.0300849,0.0957368,0.0435732,0.0259558,-0.0574653,-0.0377923,-0.0469764,-0.0519424,-0.031793,0.108,0.0481644,-0.12815,-0.0424128,-0.311031,-0.0202676,-0.0182075,0.0417032,0.125035,-0.232275,-0.0647206,-0.125465,-0.011373,-0.0226352,0.133424,0.0261456,0.00912739,0.167639,0.0161233,0.218622,0.107995,0.129683,0.0846432,-0.0846329,-0.068648,0.0230681,-0.0308311,-0.131141,-0.177294,0.000649781,0.0765731,-0.185518,-0.139102,0.110135,0.0428208,0.0496304,-0.075187,0.127479,-0.186523,-0.152703,0.0848189,0.0231172,-0.171258,-0.0825053,0.106608,0.120882,0.124059,-0.0120901,-0.0807503,-0.0328424,0.0479385,0.00346698,0.0350238,0.0312077,-0.0235937,-0.0616714,0.0631038,-0.201607,-0.13174,0.0662745,0.146841,-0.105646,-0.0886147,-0.0683803,0.050856,0.0263416,0.0734576,-0.0370797,0.00510462,-0.131239,0.076534,-0.0899238,0.0413872,-0.0565596,0.0533485,-0.0830667,0.0720729,-0.0369272,0.0778089,-0.0432454,0.0541902,0.107012,0.0969453,-0.0386058,-0.0203505,-0.0958279,-0.0551238,0.0813739,-0.130848,0.058505,0.00872019,0.139524,0.0403354,-0.184437,0.0674668,0.00529842,-0.0552628,-0.0955257,-0.0681875,-0.0743915,-0.283425,0.0225328,-0.0135002,-0.100661,0.139759,0.0218027,-0.0636607,0.0629811,0.0906817,0.0352543,0.150716,-0.0542623,0.0133734,0.00114634,-0.106001,0.0305613,-0.00366128,0.0298183,-0.0862326,-0.0733951,-0.0654478,0.0104198,0.109387,0.256878,-0.0229744,-0.0111706,-0.0813237,-0.0813184,0.0568099,0.0616808,-0.250225,-0.0274942,-0.0427853,-0.0879699,-0.0872204,-0.0559295,-0.0887107,0.0269705,-0.0627452,-0.0870081,
-0.291393,-0.269401,0.0156451,0.0954488,-0.0582733,-0.1998,-0.272227,0.0201253,0.0191933,-0.0492268,0.017984,0.181688,-0.0775006,-0.0835488,-0.392082,-0.0767208,-0.0339767,0.0568906,0.101311,-0.161096,0.131286,-0.0974281,0.0251111,-0.179228,-0.0556578,0.100809,-0.145731,-0.115816,0.0648161,0.0926983,-0.120516,-0.193431,-0.465444,-0.0351186,0.0545509,-0.106682,-0.201602,0.152996,-0.242993,0.020963,-0.0387514,-0.0795306,0.0253465,0.084623,-0.168265,-0.0386106,-0.0880284,-0.0395593,-0.0276398,0.059452,0.190037,-0.106033,0.108,-0.0962888,0.0423246,-0.103682,0.12821,-0.139659,0.0558339,-0.179526,-0.055066,0.0358415,-0.218424,0.0116459,-0.109632,-0.258951,-0.299542,0.0597534,0.12287,-0.39315,-0.0673568,-0.230374,0.0159405,0.145119,-0.211195,0.129885,-0.0153318,-0.105107,-0.126556,-0.153556,0.00404611,-0.121018,0.0697883,-0.514426,-0.201282,-0.043373,0.0284738,-0.108938,0.0715907,-0.00636593,0.0575268,-0.0946411,-0.081916,-0.426345,-0.0888575,-0.186193,0.0707015,-0.129484,-0.112777,0.371203,0.0279522,-0.046975,-0.0919923,-0.105319,-0.0632159,0.127801,-0.146114,-0.101187,-0.164845,-0.0873959,-0.0447278,0.0604145,-0.143361,-0.0878183,-0.140339,0.0233831,-0.201876,-0.0567451,-0.135321,-0.0379985,-0.322961,-0.0282836,-0.0928542,-0.0251401,-0.0526124,0.0647603,-0.263094,-0.0190081,-0.144511,-0.213557,0.0284841,0.147669,-0.207175,0.00307998,-0.0124376,-0.135023,-0.0169039,0.0164208,-0.164064,-0.11571,0.0286359,-0.148954,-0.249248,0.0140266,-0.0118637,0.00854607,-0.07129,0.00486388,-0.0704197,-0.0392086,-0.256846,0.204695,0.0221404,0.0337438,-0.11416,-0.0207634,-0.395203,0.070132,0.134087,-0.0988001,0.0337283,0.0551859,-0.0581428,0.0100147,-0.126679,0.0424802,-0.0322395,0.18198,-0.0922395,-0.0766703,0.00862194,-0.0233993,-0.117727,0.592736,0.0146137,0.0600799,-0.187376,-0.143777,-0.277247,-0.199373,-0.0303923,-0.0377931,0.0843066,-0.104825,0.0250665,-0.128479,-0.0170001,-0.113739,-0.0102131,0.168477,-0.177089,-0.00520346,-0.19,-0.268536,0.0313035,-0.0585252,-0.0604667,-0.267933,-0.132151,-0.00974453,-0.0577805,0.0663848,-0.0406269,0.0315049,-0.183408,-0.00347953,0.00173381,0.120311,0.146643,-0.173756,0.0246529,-0.116878,-0.0980491,-0.035533,-0.0181958,-0.132019,-0.099323,-0.00829992,0.102456,-0.100941,-0.133203,0.0664785,0.094506,-0.00983156,0.0712848,-0.144174,-0.190696,-0.0981814,-0.228511,0.0743068,-0.0886086,0.086579,0.244573,-0.473058,0.109489,0.000129185,-0.139355,-0.0511856,0.080778,-0.0315681,-0.222476,-0.212615,0.0390324,-0.0251724,-0.121182,0.389059,0.0114151,0.0254667,0.0655945,-0.177673,-0.152386,-0.0407264,-0.26638,-0.109365,-0.142215,-0.144369,
-0.0115322,-0.107945,-0.108352,-0.0967036,0.164813,-0.0191242,0.115877,-0.00411446,-0.0906489,0.0371926,-0.0179306,-0.0136556,-0.0153882,-0.0331374,-0.215035,-0.14067,-0.206965,0.0732038,-0.0206148,-0.050614,0.0373754,0.132709,-0.171264,0.179568,-0.0833094,-0.0111015,-0.103212,0.0215535,-0.13346,0.00661137,-0.0297146,0.0471155,-0.0619337,-0.15592,-0.045842,0.189129,0.0487062,-0.156775,0.0807905,-0.00781147,0.0830019,-0.0177532,-0.0863186,0.0760124,-0.0253016,0.13172,-0.0648053,0.0265697,0.0262548,0.072879,-0.0144494,0.0515536,0.00833934,0.0406137,-0.140777,-0.106084,-0.138806,0.0722632,-0.154227,0.0186386,-0.0303748,-0.0659822,0.059801,-0.0120515,0.188074,-0.00657097,-0.0425961,0.112833,0.0457073,0.131497,0.0633673,-0.00124833,0.105413,-0.130936,-0.0525616,0.0429688,0.040177,0.185615,0.0662083,0.0575079,0.226405,0.0171158,-0.0226723,0.0952872,0.135303,-0.0530176,-0.0249116,0.0966074,-0.0845599,-0.0861327,0.128888,-0.00658419,-0.0541243,-0.0999128,-0.0619067,0.0281274,0.0406947,-0.0906292,-0.119167,0.072047,0.0449507,0.0256207,0.0999774,0.0625259,-0.0419846,-0.0627695,0.0561311,0.0695855,-0.0874379,-0.0132217,-0.105668,-0.0859562,-0.00414278,-0.0456687,0.0960902,-0.0983733,-0.14598,-0.146682,0.0720044,0.00524504,-0.0720916,-0.0578851,-0.210616,-0.0928489,-0.0455003,-0.123768,0.0379731,0.00597396,-0.0842257,-0.184969,0.0304655,0.0850427,-0.103606,0.0464787,0.0268645,-0.1326,0.00722691,-0.0981843,-0.0489088,0.00461462,-0.0497495,-0.0913524,0.113233,-0.00830376,-0.0777233,-0.0668917,-0.0429758,-0.10003,0.163732,0.0284989,-0.0281642,-0.0100475,0.0235761,-0.00163129,-0.123172,-0.0600694,0.0271395,-0.00914655,0.0558701,-0.113384,0.0232488,0.066791,-0.107306,0.255259,0.0830074,0.0213334,-0.108641,0.00542796,0.163605,-0.126751,0.126586,0.0501636,-0.0447636,0.0469214,-0.177867,-0.0706798,0.0421402,0.0455169,0.0648617,-0.0787389,0.135802,-0.0860651,-0.00886299,0.00706316,0.0933025,-0.0203402,0.0183277,-0.0228136,0.0719685,0.157203,0.0898087,0.0179555,-0.0699694,0.000453939,0.0606347,0.194052,-0.00493089,0.172298,-0.0393406,0.00301894,0.115404,-0.0567643,0.00347089,0.0146821,-0.0229878,-0.0125383,-0.0569453,0.0145008,0.155749,-0.0386808,0.0545607,0.119628,0.125682,0.0315965,0.0682286,-0.150472,0.0347426,0.0886271,-0.107552,0.000711909,-0.0874805,-0.132093,-0.088527,0.0442136,-0.0694947,-0.026206,-0.077429,0.125842,0.0973934,-0.116522,-0.019832,-0.0945579,0.0777016,-0.0615615,0.0873415,0.139382,-0.081293,-0.00586941,-0.0579306,0.222975,-0.038786,-0.124169,0.00456942,0.000760417,0.0179265,-0.126021,-0.0572097,-0.0436351,-0.20032,0.0182621,-0.0799567,-0.0423489,0.0559396,-0.0109515,-0.09322,-0.144475,
0.0409257,-0.112125,0.0272496,0.0524113,0.100668,-0.0810555,0.0240269,-0.0384987,-0.0147322,0.142857,-0.0705424,-0.141929,-0.0104888,-0.098901,-0.0471504,0.135302,-0.0405686,0.01246,-0.0146623,-0.0229418,0.00816736,-0.140391,-0.174317,0.0125215,0.118905,0.0436121,-0.125806,0.0145056,-0.0855543,0.0132009,0.0121279,0.141968,-0.123385,-0.0838866,0.00134524,0.0745461,0.00385433,0.126849,-0.0554576,-0.00209593,-0.0520037,-0.0471755,-0.110351,0.115387,-0.0638526,0.0432581,0.019874,0.11185,-0.218307,0.0355326,0.0294612,0.0605388,-0.0419333,-0.0339339,0.161604,0.00675816,-0.052222,-0.161151,-0.0915026,-0.0587153,-0.101351,-0.0269779,0.00385669,-0.0470445,-0.0214695,-0.0659772,-0.00629447,0.125997,0.0158735,0.151788,-0.0569712,-0.0930581,-0.156051,-0.0176269,-0.165408,-0.0730638,0.152443,0.160431,-0.0202268,0.0496209,0.0830163,-0.13592,-0.0809585,0.0602139,0.0195917,0.0957271,-0.00708775,0.0847074,0.036203,-0.125013,0.0469903,-0.0678776,-0.00857843,-0.110871,0.0305171,-0.0779735,-0.0350508,-0.0583354,-0.042023,0.0824111,0.00934309,-0.00338206,-0.0125317,0.18069,0.0241079,0.053512,-0.0139184,0.098033,-0.110344,0.19004,0.0580215,0.0131511,-0.00751096,-0.0389855,0.020848,0.0369105,0.00663221,-0.102566,-0.0743566,-0.120481,-0.0233992,-0.0506676,0.0240553,0.123395,-0.0571929,-0.170007,-0.043376,0.0221119,0.00302717,-0.0445634,0.111261,-0.0796429,-0.0694248,0.111165,-0.00521293,-0.159551,0.0853953,0.071636,-0.076276,0.0353311,0.00357991,0.0950321,0.0366461,-0.0238273,-0.0695103,0.0382832,-0.182876,-0.118424,-0.123775,-0.000488642,-0.0969881,-0.178151,0.00931856,-0.0398249,0.0257825,-0.076575,-0.0713712,0.0509331,0.136978,0.164684,0.0214942,-0.157808,-0.040327,0.155119,0.0496439,-0.0145321,-0.0105539,0.0627283,-0.0256883,-0.0160095,0.00119648,-0.166196,0.0878161,0.00270994,-0.130119,0.0301003,0.0581642,0.0316592,-0.105337,0.0543785,-0.00728791,0.128977,0.117693,-0.0445693,-0.00175024,-0.113351,0.194529,-0.0452603,-0.0247628,-0.0264603,-0.0513133,0.138434,-0.071334,-0.0871972,0.0228329,-0.201389,0.0801698,-0.0696447,0.0802498,-0.0481102,-0.272673,0.0248206,0.147515,0.0147702,0.105712,-0.088156,0.186299,0.0319705,0.111326,0.00639707,0.213554,-0.0710907,-0.198615,-0.113782,-0.0297579,0.0654875,0.03416,0.122598,0.0980653,-0.0866081,0.0663958,-0.0347452,-0.0747814,-0.185033,-0.112412,-0.0249862,-0.00293904,0.0515441,-0.0408649,0.130108,-0.0616283,-0.0896518,0.0899741,0.0119232,0.0150137,0.0420752,0.0652451,-0.100424,0.0119062,-0.0212189,-0.085776,-0.0862551,0.0410971,0.000968531,0.0489113,-0.0697159,0.0549607,0.0750297,0.00588453,0.0500892,0.068882,0.0526776,-0.162709,-0.033955,-0.0497585,0.022904,
0.187917,0.400076,-0.114271,-0.123441,0.0902085,-0.0964842,-0.140912,-0.157146,0.143583,-0.0681875,0.130191,-0.258718,-0.0220929,-0.123071,0.177861,0.0839801,-0.226594,0.0124251,-0.0130566,-0.05348,0.135371,0.106103,0.0900215,0.0488961,-0.0497642,0.127439,-0.126452,0.0864032,-0.0416441,-0.119841,-0.121412,0.0784858,0.221757,0.111234,-0.0541551,0.334907,-0.0640782,-0.171304,-0.247637,-0.0699362,0.0654242,0.0214346,0.240546,-0.0907772,0.171418,-0.0455736,-0.0699278,0.205337,0.0177931,-0.188043,0.367401,0.0626308,-0.0378512,-0.053329,-0.0180185,0.111586,-0.0698282,0.0219197,-0.131155,-0.0261726,-0.118743,-0.00665689,0.126594,-0.0880728,0.0651439,0.123352,-0.0767218,-0.0874335,0.0520617,0.142442,-0.164826,0.309156,-0.0670309,-0.16599,0.0885281,-0.0037196,-0.0978522,-0.0464153,0.105077,-0.120626,0.0371765,-0.0215067,0.166493,0.0276538,0.0800687,0.200143,-0.0887123,-0.316016,-0.113054,-0.200444,0.0604561,-0.123416,-0.0396041,0.140863,0.165489,0.0405377,-0.020691,0.0809623,0.0653519,-0.431085,-0.0878705,0.0604976,-0.0418952,-0.0347113,0.0307403,-0.318791,-0.00152398,-0.100185,0.0694679,0.116262,0.0919915,-0.0488306,-0.0616461,-0.0057336,-0.00783745,0.0672784,-0.153616,-0.0475848,0.175725,-0.190809,0.196141,-0.0603225,0.0722411,0.0374098,-0.168538,-0.0659314,0.168157,0.14774,0.16946,-0.165948,-0.300328,-0.0846912,0.00158335,-0.0924964,0.118351,-0.273241,0.0348536,-0.198626,0.193762,0.0362095,0.276577,0.00206397,-0.117289,-0.0869184,-0.0662659,-0.0500138,-0.0201401,-0.105736,0.129217,-0.18905,0.0494399,-0.172999,-0.147417,0.13952,-0.0144885,0.128991,0.423291,-0.0164352,-0.282366,-0.0354457,0.0877525,0.0450461,0.0580584,-0.185226,0.151997,-0.0259681,-0.0646568,-0.274175,0.00041558,-0.0875026,-0.0303099,-0.0311804,-0.0671402,-0.291333,0.0533351,-0.0936897,-0.0799771,0.210165,0.0534817,0.201519,0.102603,0.0736648,-0.011988,0.134172,-0.0569114,0.223255,0.0030108,-0.0255113,-0.0713855,0.0244644,0.07658,-0.0698193,0.103234,0.0472375,0.0385225,-0.133724,0.00409433,0.104961,-0.0348911,0.00366232,-0.150602,-0.0421252,0.0993419,-0.123251,-0.0718474,-0.078417,-0.106612,0.0734587,-0.223256,0.253767,0.132053,-0.0321658,-0.109603,0.0493961,-0.157321,0.155349,-0.0140349,-0.0280662,0.0347528,-0.0948253,0.172674,-0.130828,-0.160889,-0.03787,-0.131633,0.156587,0.0803727,0.127738,-0.182057,0.146719,-0.0118332,-0.125662,0.0278752,0.245088,-0.0593042,-0.103377,-0.0972154,-0.0519959,-0.0755856,-0.10187,0.0998892,0.261496,0.0127717,0.0516641,0.109611,-0.157594,-0.182758,-0.0171394,0.0138204,0.11215,0.171064,0.110477,-0.113918,-0.011902,-0.0739461,-0.143538,
0.0800641,-0.0733398,0.0750164,0.00365428,-0.159208,0.0206773,0.00836204,0.120694,-0.0604234,-0.0543506,-0.138339,0.0657684,0.107647,0.0940932,0.0996613,0.0215901,-0.129067,-0.0267502,0.0408848,0.039103,-0.0183662,0.0974273,-0.0356922,-0.0137456,-0.131789,0.053694,0.0582686,-0.0157665,-0.0224582,0.112899,0.0529866,-0.0538438,0.0960589,0.0486302,-0.168977,-0.0130896,0.153083,-0.0404168,0.045584,-0.0302059,0.129487,-0.0954212,-0.0893087,-0.0121056,-0.0662256,-0.121627,-0.130478,-0.0800052,0.00157778,-0.0640129,0.174011,0.0505856,-0.00660583,0.0152024,-0.15658,0.0469155,-0.0764001,0.00429089,0.0647684,0.0691353,-0.066888,-0.0623377,0.152075,0.0181553,-0.118361,-0.129469,0.00587419,-0.0738745,0.140451,-0.160088,-0.0391789,0.0545941,0.0732575,0.185249,-0.0266759,-0.0959151,-0.0340002,-0.0614387,0.00836048,-0.0553936,-0.0365118,-0.0257929,0.117761,0.131595,-0.0212314,0.00534861,-0.104845,-0.0026965,0.102607,-0.0378278,-0.182429,0.10359,-0.0866056,0.0954081,0.171623,0.089727,0.00508097,-0.0492452,0.109747,0.030083,0.113631,-0.0936044,0.0584154,0.0995888,-0.0902685,0.0304258,0.00154818,0.0162211,-0.156523,-0.104966,-0.1534,0.127492,-0.00322006,0.069372,-0.0341238,-0.0908904,-0.0171903,0.166654,-0.107439,-0.0254877,0.190239,-0.044552,0.0942674,-0.0317563,0.110259,0.011646,0.156194,-0.0516223,-0.0217954,-0.0252875,0.30797,-0.00941378,0.0516224,-0.0366354,0.0957687,-0.0281245,0.126304,0.0154266,-0.0357683,-0.0904813,-0.0735858,0.0568376,0.0209676,-0.0546445,-0.0740464,0.0493368,-0.033875,-0.16289,-0.03195,-0.0765612,-0.159135,0.0282651,0.0328244,0.061703,-0.0503288,0.0722047,-0.0343617,0.0117427,0.00531997,-0.103252,-0.0238307,0.188506,0.0561265,0.10425,-0.0615324,-0.182352,0.0872507,-0.107602,0.208432,0.00434822,-0.0175818,-0.0628152,-0.0131233,-0.0980165,-0.0207756,0.0112934,-0.0942308,-0.0580619,0.132875,-0.0315036,0.259683,0.0336803,-0.0728871,-0.0201942,-0.0200208,-0.0995612,0.0691173,0.0213792,-0.0215099,-0.0692316,-0.115742,-0.129329,-0.0250115,0.0920603,-0.0821937,-0.0327079,-0.0312596,-0.0861868,0.013477,0.0248235,0.0726437,0.129023,0.136916,-0.0855776,-0.0843565,0.103196,-0.099654,-0.0356626,-0.10139,-0.0490353,0.0129384,-0.0299959,-0.00897798,0.0251512,-0.143491,-0.105608,-0.144391,0.000563207,0.074941,-0.204609,-0.0453919,-0.0514085,0.0225613,-0.134238,-0.0298942,-0.0654589,-0.0542989,0.0571446,-0.0671174,-0.0299782,-0.00491624,0.0288909,0.0369494,-0.0592476,0.101862,-0.127526,-0.0787239,0.0392377,-0.0462845,-0.0640377,0.0261071,-0.0472685,0.0206003,-0.0126628,0.150917,-0.149414,0.0446473,-0.0250411,0.00410592,0.058078,-0.0398753,-0.10862,-0.000693071,-0.0922383,0.0589503,-0.0864501,
-0.0831998,0.150412,-0.00857122,-0.0361288,0.108258,0.0238158,0.0212827,-0.0368219,0.011868,-0.00735148,-0.084612,-0.000186179,-0.0197752,-0.0566448,0.0301494,-0.0866532,-0.0376712,-0.0399942,-0.0926838,-0.0182635,0.047311,-0.011466,0.0213098,-0.0663539,-0.184698,-0.0315105,0.00523134,0.0401928,-0.0283835,0.0881696,-0.0635528,0.191176,0.0289088,-0.0323634,-0.0363733,-0.0250894,-0.0671653,-0.246094,0.124722,-0.0776337,0.0152407,-0.176799,0.0314879,0.205072,-0.0641958,-0.135923,-0.0580029,0.140646,0.164424,-0.0344376,-0.0151414,-0.0124784,-0.020661,-0.150748,0.0370918,0.0275132,0.0375933,-0.0118387,0.0464073,0.127175,-0.109997,-0.0798028,-0.0310984,-0.0793759,0.100768,0.113605,0.149724,0.0571081,-0.0943135,0.235277,-0.0160117,0.123643,-0.0027038,-0.0240267,-0.1052,0.0810692,-0.120412,-0.0167534,0.0277521,0.00060767,-0.0153206,0.0336526,0.0700985,0.208076,0.113519,0.0175346,0.119684,0.0784937,0.0384156,0.12353,0.0631444,0.109367,0.0419806,-0.0351357,0.0787424,0.0972812,-0.061399,-0.130105,-0.0469242,-0.00638824,-0.0600487,-0.0878993,0.0538595,-0.122056,-0.021728,0.0836291,-0.0436284,-0.13566,-0.0157256,-0.0502874,0.0520621,-0.017176,0.0289956,-0.0970115,-0.00770924,0.0708408,-0.0327055,-0.0144092,-0.0685783,-0.0830252,0.0768084,-0.0323968,0.000921318,-0.165203,-0.197794,-0.050735,-0.0646136,0.18634,-0.139486,-0.120225,-0.152675,0.1456,-0.057678,-0.129237,0.0966542,0.0341105,-0.0123408,-0.0197471,0.169316,-0.106194,0.00912173,0.126703,-0.116737,-0.0243144,0.102929,-0.0350161,0.0570877,-0.0566843,0.0184354,-0.0825636,0.0540662,0.0363192,-0.0485265,0.100597,-0.0555182,0.0373936,0.0361088,0.0492272,-0.128248,-0.0877822,0.0576665,-0.0477165,0.0196138,0.0287271,-0.0355365,-0.094462,-0.0568027,0.331814,0.154728,-0.0994395,-0.0270935,-0.0676472,0.0771996,-0.0541712,-0.111456,-0.065771,-0.0469574,-0.0277125,0.19378,0.0252678,-0.0257818,0.139602,0.14652,0.0614195,0.00249029,0.102335,0.106224,-0.135502,-0.0415291,-0.0546987,-0.180437,-0.0316196,0.109211,-0.0153843,0.00689661,0.168761,0.0371006,-0.0487967,-0.070712,0.0898071,-0.155226,0.0489303,-0.132902,-0.00307468,-0.0683789,-0.00569081,0.0762745,-0.0242936,-0.0183665,0.0668817,-0.00377149,-0.143833,0.0359374,0.0698592,0.0100944,0.0376344,-0.027806,-0.237625,-0.0320283,-0.0189548,0.0659863,-0.0496804,-0.0280205,0.0514202,0.166418,-0.0978882,0.112188,0.177966,-0.0594964,0.073234,0.133517,-0.0819469,0.227533,0.0946384,0.000714208,-0.0327887,-0.0437557,0.0896039,-0.0181732,0.100551,0.0560449,-0.0663845,-0.115555,-0.0195621,-0.0308121,0.0240549,0.0876709,0.0443916,0.136657,-0.0952773,0.0265479,-0.0482529,0.0526179,-0.241157,0.0599598,-0.188171,
0.0111572,0.181599,-0.0775616,0.00633332,0.193587,-0.0410891,-0.0583268,-0.00695797,-0.0763152,0.00234848,0.0559388,-0.0370472,-0.0433062,-0.0984366,0.117946,0.137402,0.228581,-0.133502,0.0772024,-0.0732597,0.0993913,-0.0650245,-0.0894592,0.131489,0.0359096,0.0715475,-0.0390706,0.152205,0.00288439,-0.0245833,0.0879224,0.15548,0.106086,0.0836641,-0.108163,0.00964716,-0.000738816,-0.0942151,-0.0349737,0.00632486,0.10284,0.116418,0.0541898,0.138316,0.0766543,0.10503,0.00827671,-0.0178129,-0.0791028,0.031932,0.0893224,0.0464322,-0.0878282,-0.0502838,-0.0792072,-0.01885,0.0471547,0.154951,-0.00690787,0.0740225,0.118514,0.0751998,0.0757196,0.0412237,0.0253291,-0.0960764,-0.0145803,-0.214543,-0.0187368,-0.0195539,0.232903,0.0654322,-0.130057,-0.0350713,0.0985229,-0.0458438,0.00444539,0.0169018,-0.00588637,0.0733355,0.113453,0.0449881,0.105279,0.0149404,0.0135299,0.0932398,-0.0855366,-0.016414,-0.0679288,-0.0592417,-0.0347033,-0.0588532,-0.153896,-0.0864003,0.0581898,0.0576061,0.0313527,-0.0153756,0.0739716,0.162558,0.0269261,0.0577269,0.177863,0.126343,-0.0244664,-0.0460344,0.0106667,-0.125474,-0.166222,-0.00773667,0.0444567,-0.126994,-0.0812582,0.0303949,-0.0466818,-0.169203,0.119485,-0.0229343,0.118851,0.00040818,0.0113434,-0.0110911,-0.00498364,-0.212876,0.0432862,-0.123815,-0.111057,-0.0401957,-0.15558,-0.104365,-0.148308,0.114168,-0.0415539,-0.0537678,0.183736,-0.0178892,-0.110563,0.0384519,0.0336945,-0.0101813,0.155416,-0.0766654,-0.119124,0.151496,0.00135428,0.255997,-0.117403,-0.0385836,0.0520823,0.0674817,-0.00278868,0.0843912,0.0167703,0.00998672,-0.0367258,0.0541272,-0.0249016,0.102258,-0.0286371,-0.184858,0.00681598,-0.00423548,0.0196562,-0.189354,0.0330503,0.0101995,-0.116602,0.0819123,0.0408,0.169663,-0.0827565,-0.0561229,0.00472261,0.125015,-0.131278,-0.0569497,-0.0824248,0.163322,0.0523215,-0.0355684,0.0120397,-0.0496242,-0.00451081,0.0184466,0.122739,-0.0192555,-0.0612516,-0.100451,-0.0173597,0.169312,-0.0717174,-0.00954771,-0.00779329,-0.0231802,-0.0780829,-0.062774,0.0330434,0.0623448,-0.0452649,-0.131464,-0.103121,0.112496,0.0273971,0.00305006,0.0150801,-0.139795,-0.0427547,-0.0739082,-0.052299,0.0492518,0.0298076,0.00473337,-0.201139,-0.0331778,0.0176128,-0.0626477,0.248883,0.124039,-0.0466083,0.120977,0.0195942,0.060256,0.0248758,0.037774,-0.17577,0.015322,-0.0590273,-0.112754,-0.133462,-0.163676,-0.02944,0.0763989,-0.0380614,0.0992976,-0.0236853,-0.0364518,-0.105199,-0.0385066,-0.0237723,0.0451585,-0.1681,0.0611934,0.097821,-0.19584,0.0338959,-0.0545148,0.0628852,0.0337444,-0.0497899,0.0540098,0.101204,0.0566323,-0.00738338,0.11549,-0.023212,-0.0337224,
-0.00104542,-0.123175,0.141431,0.0669202,-0.0140364,0.105629,0.0341929,0.00254417,0.113597,0.0172451,0.02614,0.0324139,0.0429814,-0.104304,-0.115105,0.0891059,0.0604731,-0.0573406,0.0344273,-0.0485106,-0.00204524,0.0237814,0.053474,0.0605324,-0.175862,-0.171251,-0.0985983,-0.0989063,-0.0192246,-0.0994528,0.210104,-0.23514,0.0127428,-0.109276,0.104655,0.0319305,-0.0136041,0.016315,-0.0476796,0.0411294,0.0525732,0.0875238,0.00670867,-0.0373904,0.0730331,0.0166079,-0.18179,0.0302029,-0.0198411,0.0956811,0.00957383,0.137489,-0.0670155,-0.0745332,0.110795,0.0856648,-0.037426,0.0622855,0.103747,-0.0381993,-0.0207094,-0.144094,-0.0215681,-0.0890073,0.00737784,0.0423358,0.100909,-0.0442378,0.0477175,-0.09949,-0.190314,-0.0745531,-0.0884095,-0.0169451,-0.0781218,0.22593,0.000117656,0.0142361,-0.118459,-0.216255,0.00648737,0.020997,0.094363,-0.00277771,-0.0253979,0.0431357,0.0987623,-0.064754,-0.0641794,0.0280251,-0.0154448,-0.0527582,-0.0117037,-0.0163328,-0.0864074,-0.00552737,-0.0395448,-0.0954191,0.0192398,-0.0192667,0.0431235,-0.0186213,0.00633725,-0.130122,0.137074,-0.0609191,0.132519,0.0896509,-0.0194583,-0.0188505,0.0211151,-0.13469,-0.0397007,0.0478025,0.0123529,-0.129562,-0.161292,-0.038525,-0.138117,0.0132012,-0.123681,-0.166714,0.181486,0.0476496,-0.0709378,-0.113597,0.0713483,-0.014647,0.0487002,-0.0393729,0.219773,-0.110798,0.00632253,-0.0479163,-0.0307459,0.0902898,0.0970389,-0.010517,0.0624788,0.0904906,0.0640299,0.0772132,0.111055,-0.118836,-0.113043,0.054655,-0.0515924,0.0824898,-0.059834,-0.0820159,0.0465912,-0.0681877,0.122229,-0.0851857,0.0932616,-0.194743,0.0402461,-0.0523149,0.0499137,-0.0792432,-0.0748216,0.217247,-0.0928528,-0.141007,-0.0293054,-0.00553239,-0.0169039,-0.0528128,0.060637,-0.00467809,-0.0627849,-0.129371,-0.00452914,-0.0754741,-0.107741,0.0314542,0.0337192,-0.0168664,-0.169925,-0.101451,-0.122589,-0.121596,-0.0543737,0.0957381,-0.0598801,-0.0649396,-0.0325058,0.070418,0.131749,0.0305125,0.0596373,0.0474433,0.158868,0.059477,-0.192885,0.0598629,-0.0674746,-0.00318772,0.0677899,-0.0265292,0.0511211,0.0377438,-0.198253,0.129633,0.0109559,0.064895,0.035177,0.0784921,0.135401,-0.0109672,-0.0347028,-0.0728505,0.139854,-0.0646067,-0.0164947,-0.0500062,0.0178637,0.0374901,0.0429452,0.0275112,-0.113543,-0.0788661,-0.0907862,-0.0154935,-0.154577,0.102916,-0.1578,0.0451426,0.110465,0.00500742,0.0423152,-0.1973,0.0423248,-0.110743,-0.154262,-0.0825888,-0.127395,-0.0353103,0.0195309,-0.0259642,-0.063356,0.0447241,-0.0401038,0.0439247,0.00106956,0.0169971,-0.0552375,0.101907,0.0205402,0.0612395,0.0653081,-0.0589991,-0.0364111,0.0434448,-0.0597555,-0.0990143,
0.0636373,-0.0392443,-0.0743513,-0.0939365,0.112212,-0.0590563,-0.0806017,0.099296,-0.141186,-0.0143474,-0.0623376,0.00643614,0.0581542,-0.0516774,-0.0522732,0.0606347,0.0454185,0.0600519,-0.0760952,-0.206377,-0.0135621,-0.080211,-0.0990877,-0.0618727,0.0158459,0.0318208,0.0795947,-0.148441,0.0243124,-0.0381438,-0.129043,-0.0483656,-0.0363271,0.151278,-0.0670464,-0.0123749,0.00312148,-0.0307206,0.0164289,-0.019692,0.0946521,0.051777,-0.026023,-0.0315333,0.161008,0.036969,-0.137405,0.0380434,-0.0510281,0.00657536,0.120704,0.0143321,-0.0412387,-0.0227364,0.0702585,-0.0534829,-0.0229699,0.0214993,0.00576225,0.0730622,-0.0940016,-0.151885,-0.0248079,0.0216679,0.0557155,0.0744825,-0.0667649,-0.0866343,0.00160259,-0.0211154,0.00400144,-0.0559469,0.0573804,-0.102445,0.0662885,-0.0980919,-0.0227515,-0.0931593,-0.019479,0.0570127,0.190018,-0.0793279,0.118599,-0.0972166,0.12706,-0.144486,0.0677587,0.0854027,-0.119492,-0.0240493,-0.0313899,0.0402641,0.0759559,-0.137241,0.0397863,-0.218881,0.0308484,-0.151753,-0.0617033,-0.0361174,-0.0846379,-0.0184878,-0.0204931,-0.0864424,0.0230398,-0.0451133,-0.00723867,0.0226218,0.0621899,0.0457035,-0.0529239,-0.136007,0.0842262,-0.126322,0.0393069,-0.0221223,-0.00569024,0.0863721,0.0623382,-0.0359274,0.0144008,0.0269883,-0.0932907,0.123401,-0.170484,-0.0389592,-0.105242,-0.0583154,-0.0186688,0.0829848,0.0722357,-0.0289947,0.0780346,0.0982098,-0.00560799,0.0292387,-0.028131,-0.06155,-0.0365324,0.0573532,0.0361006,0.138124,-0.0295944,-0.0814916,-0.0453768,0.0314212,-0.137016,-0.00794283,-0.124482,-0.0819707,-0.0653043,-0.0256179,0.0632134,0.086863,-0.0849879,0.0149945,0.0412073,-0.107565,-0.121821,0.0429754,-0.0293732,0.0280673,-0.18658,0.0769409,0.0580591,0.0410133,-0.0693407,0.117325,-0.0327655,-0.085151,0.0168737,0.0193046,0.0654799,0.0594415,-0.0858245,-0.0770639,0.143205,0.136036,-0.038224,-0.0387578,-0.0108814,0.183711,0.0350794,-0.0237375,-0.0164203,0.0476712,0.0675235,0.0224339,0.000979292,0.0795137,-0.0191989,0.048365,0.100463,0.0715018,0.139012,0.163292,-0.0698141,0.00829272,0.0763424,0.0445628,-0.0485253,0.0560841,-0.139327,0.0209889,-0.16261,-0.00789032,-0.0247478,-0.130723,-0.0452447,0.107583,0.108748,0.0561392,0.00082809,-0.0503663,0.0393052,-0.0873242,-0.044516,0.00388819,-0.0110896,-0.0157141,0.0601049,-0.0552919,0.00142848,-0.132354,0.168303,0.0753001,-0.0240092,-0.0386849,0.142274,0.036233,0.0230991,-0.10948,-0.0248134,-0.00887559,0.059968,0.0608702,-0.109212,0.0645281,-0.00683137,-0.129113,-0.106531,0.0665945,0.111677,-0.100763,-0.0388244,0.164541,0.158485,-0.107749,0.073003,-0.133814,0.00806035,0.21009,0.0165776,-0.138924,-0.204612,-0.0433875,
0.130252,0.13816,-0.0454649,0.0501601,-0.0166772,0.109352,0.014822,0.0564276,-0.0840191,-0.0347196,0.0570801,-0.0246189,0.033937,-0.0428169,-0.0192367,0.0551403,-0.0130013,-0.0846247,-0.139277,0.088284,0.00893392,-0.0580653,0.109116,-0.0217132,-0.0249932,0.0348973,-0.193597,-0.0915975,-0.0290066,0.0913729,-0.0639582,0.0672768,0.0848215,-0.0657116,0.038155,-0.132891,-0.001621,0.0661785,-0.131557,0.00264572,-0.0491745,0.0533607,-0.0718887,0.016398,0.0509977,0.227651,0.101248,-0.0193685,0.0665878,-0.0431355,0.0328587,0.00310149,0.156172,0.0208782,-0.151587,-0.156436,-0.121223,-0.0565597,-0.0136678,-0.0652268,-0.0995173,0.0909554,0.0769739,0.0570907,-0.128945,0.0961591,-0.147602,-0.0813913,-0.0447043,0.0505752,-0.0368351,0.0859614,-0.142785,-0.0407187,-0.0655035,-0.00672487,-0.129096,-0.000224267,0.0635373,0.121222,0.0445605,-0.0397874,0.0136693,0.016198,-0.0391971,-0.212274,0.0921341,-0.194743,0.0271559,0.00753939,-0.121425,0.151705,-0.0561157,0.0273954,0.00736758,-0.0926908,0.103627,-0.190175,0.0054066,-0.193131,0.125657,-0.259481,0.0742797,0.0618705,0.0405964,-0.0892619,-0.125835,0.0522805,0.0708184,-0.049803,-0.0209369,-0.106095,-0.078333,0.14751,-0.0390373,0.0951398,0.0724263,0.135183,0.0568639,0.0182047,0.0572373,-0.0542215,0.00577675,0.0266189,0.0117129,-0.0353311,-0.0807769,-0.0440932,-0.0854435,0.106987,0.0160498,-0.0514435,0.0122395,-0.154492,0.101076,0.12018,0.00542226,-0.0040497,-0.068126,-0.0293809,0.026719,-0.0240146,-0.0426511,-0.1258,-0.0213342,0.0788641,-0.114017,-0.0552569,0.0915017,-0.0517548,-0.00271182,0.00848814,0.0696511,0.0873203,0.0288485,0.0388611,0.041418,-0.117928,0.0743416,-0.0563686,0.00735032,0.0390809,0.0236081,-0.0588972,0.100459,-0.052704,0.0136369,-0.0806083,-0.0143328,0.104026,0.0350594,0.115792,0.01841,-0.129179,0.0561425,0.0702027,-0.15849,-0.0710603,-0.00970948,0.0418445,0.125389,0.0772155,0.00551442,0.0981511,-0.266386,0.0615513,0.0673597,-0.0358304,-0.0323942,0.0311457,-0.0144337,-0.0667847,0.165685,-0.00728613,-0.0739725,-0.0239174,0.0844096,0.041861,-0.101683,0.0830026,0.0662109,0.0487566,0.037813,-0.0747592,0.116012,-0.10318,0.0241079,-0.0656055,0.00372752,0.0698682,-0.128135,0.00801098,-0.111215,-0.111846,0.0284666,0.171681,-0.0856875,-0.149785,-0.125795,0.0083874,0.0188921,-0.211278,-0.0766168,-0.123238,-0.111419,0.0212681,-0.164083,0.0597627,0.096757,-0.143033,-0.0120547,-0.0590033,0.0377621,-0.10504,0.0283401,-0.148954,0.0517657,-0.134057,-0.118077,-0.0537196,0.0352228,-0.0214813,-0.147347,-0.143665,-0.0012848,0.068251,0.115365,0.0944365,0.0363195,-0.0431253,-0.0446782,0.0959745,0.139619,-0.030918,-0.0965413,-0.109408,
-0.0687605,-0.148401,-0.0429662,-0.0146773,-0.0685539,-0.202555,-0.119312,-0.127064,0.0649915,-0.0304041,-0.0358391,0.106531,-0.0465867,-0.0105635,-0.030095,0.0245952,-0.0244766,-0.0527132,0.0341722,-0.0118411,-0.0529788,-0.0509252,-0.0984845,-0.02159,-0.0900355,-0.0874603,-0.131054,0.143467,-0.0238792,-0.0435314,-0.0376707,-0.0603238,-0.118912,-0.0809291,0.00344318,-0.0866734,0.0620691,-0.0912097,-0.0162612,-0.0495381,0.0403495,-0.115636,-0.263894,-0.0379183,-0.0559915,-0.0931704,-0.105201,0.0288698,-0.05964,-0.0698906,0.0462537,-0.0686152,0.198182,-0.0112075,0.0237676,0.0129895,0.182041,0.0361693,-0.115038,-0.0459492,0.127361,0.097101,-0.108311,0.0599223,-0.173867,-0.235509,-0.143947,0.224236,0.100404,-0.0919005,0.108382,0.0237805,-0.0582945,0.0793573,0.0246687,-0.0641957,0.0576768,0.112511,0.0187374,-0.16732,-0.104645,0.00610317,-0.0170445,0.0567495,-0.173754,0.0716614,-0.135129,0.0820511,0.00803393,-0.0896916,0.134887,-0.0703763,-0.0479273,-0.0593455,-0.267558,0.103198,0.0129426,-0.0558221,-0.0248846,0.0854237,-0.0364501,-0.100444,-0.0247571,-0.0344595,-0.043368,-0.00124547,-0.0195647,0.095936,0.0137705,-0.00956098,0.0487976,-0.0238122,-0.0423759,-0.0295914,-0.0664701,-0.0394999,-0.0291007,-0.0870839,0.0566201,-0.00968447,0.0186382,0.0506018,-0.0173309,0.00494009,-0.0234581,0.0604737,-0.00044656,-0.155893,-0.154796,0.0814808,-0.067537,0.133382,-0.0830382,-0.0192598,0.0417739,0.0652848,0.0512649,0.0523908,0.0470627,-0.136846,-0.147094,0.0641378,-0.126513,-0.0603127,-0.0240743,0.0682015,0.0558388,-0.0597414,0.0435211,-0.0493374,-0.00632261,-0.0338197,0.10073,0.0559316,0.133524,0.0837831,0.0133965,-0.169659,0.0214541,-0.229099,0.0316138,0.0433882,0.0514785,0.0629116,0.0456428,-0.05562,0.117748,-0.0644699,-0.00365817,-0.0189886,0.00510365,0.156978,-0.066758,0.110769,0.00629292,0.100722,0.0285909,-0.128156,-0.133941,-0.0170093,-0.129788,-0.0346133,0.0137255,-0.0721314,-0.031014,-0.0935003,0.00467655,-0.0523595,0.112083,0.125321,0.0790056,0.00420264,0.120697,-0.0957922,0.106166,0.118525,0.0725458,-0.174155,0.042124,-0.150763,0.0951927,0.0858579,-0.0368305,-0.169056,-0.152192,0.0676308,-0.00251245,0.0223178,-0.0561809,-0.0794395,0.0379663,-0.186425,-0.0135798,-0.125596,-0.0874672,0.00353952,-0.0371869,0.0502569,-0.0204663,0.0356986,-0.0602801,-0.0452808,0.112339,-0.192883,-0.0787589,-0.0174657,0.0293256,0.0466476,0.112851,0.066501,-0.0799743,0.127007,0.0368037,-0.00318102,-0.138345,0.00780817,-0.077014,-0.0930251,0.0248646,-0.0413175,0.0860779,0.00213231,-0.0928627,0.0832951,-0.0193165,0.0897452,0.0938855,-0.11267,-0.00501046,-0.0242117,-0.0262837,-0.093243,-0.190558,0.0459621,0.0356871,-0.0799244,
-0.157675,-0.0892557,0.106186,-0.0178855,0.071164,-0.0374534,-0.0176519,-0.0508779,0.0201847,0.0612385,-0.0933304,0.150504,-0.0921014,-0.207828,-0.135534,-0.109189,0.149028,-0.0327988,-0.0514608,-0.000690812,0.105364,-0.284928,-0.0439389,-0.130289,0.0234557,-0.0738824,-0.137171,-0.0866951,0.0604608,0.00306073,-0.0884818,-0.31569,-0.281825,-0.149435,-0.0830325,-0.165954,-0.0526416,-0.0519097,-0.098315,-0.115895,0.0127344,-0.0664503,-0.193535,-0.0893686,-0.00387582,0.147868,-0.0259958,-0.014955,0.163647,-0.127574,0.108392,-0.200569,-0.0418799,-0.161975,0.019903,0.0822772,0.165302,-0.0078299,0.0256747,0.0491014,-0.0567481,-0.0516623,-0.0764457,-0.207915,-0.279738,-0.226241,-0.0550949,-0.00259493,0.183649,-0.206022,0.14957,-0.140594,-0.0344878,0.0737719,-0.106939,0.077099,0.0699147,-0.0026935,-0.0515815,0.0340514,-0.0186766,-0.0702553,-0.162472,-0.226069,-0.136485,-0.147015,-0.0845565,-0.0255832,-0.12078,-0.053385,0.00243688,-0.214979,-0.0422129,-0.180453,-0.224456,-0.0517825,0.0480771,0.000691429,0.12908,0.184588,-0.046811,-0.117096,-0.152859,-0.113301,-0.039466,0.208949,0.105954,-0.0320299,-0.0184424,0.0888367,-0.183774,-0.0604252,0.0561701,0.0893824,0.0790654,0.0437416,0.00797457,0.0190642,-0.180327,0.230161,-0.108169,-0.142744,-0.0335587,-0.0938768,-0.119775,-0.082172,-0.0459387,-0.0107498,-0.131556,-0.0682294,-0.0344027,-0.156493,0.102803,0.0266641,0.0083765,0.0809726,-8.07937e-05,-0.0209451,-0.0174245,-0.13344,-0.0861878,-0.0583056,-0.207078,-0.070799,-0.041949,-0.0556542,0.0519568,0.00195894,-0.0737785,0.0802046,0.0127568,-0.0293326,0.0399379,0.0384067,-0.0890152,0.0213086,-0.203893,-0.0618591,-0.035245,0.15239,-0.0724724,-0.033757,-0.1682,0.101597,-0.0994944,-0.0377337,-0.0628684,0.115204,-0.0269362,-0.0988743,0.0180826,0.00316732,-0.0951936,0.257791,0.0836799,0.0838008,-0.067667,0.0738617,0.163442,-0.120671,0.0433885,0.0706066,-0.0553438,-0.0495796,0.0188159,0.00692728,-0.0963017,0.0527489,-0.078226,0.261642,-0.136878,-0.0260305,-0.0214095,-0.129121,0.115433,0.0642882,0.066715,0.0546504,0.101614,0.0506505,-0.0844693,0.0474623,-0.0361291,-0.0355727,-0.101321,0.0397533,-0.029115,-0.0134817,0.106511,-0.00104039,0.121558,-0.0999946,-0.047945,-0.0399491,-0.0591616,-0.153805,-0.0909316,-0.0281159,-0.033049,-0.0644964,0.0334676,-0.0661205,0.0719572,0.0552423,-0.0739256,-0.0185004,-0.0660208,0.0492811,-0.0374216,0.0353227,-0.0785703,-0.0154515,0.069887,-0.150113,-0.0908717,0.11121,-0.0227277,-0.0253108,0.133427,0.0461149,-0.0758326,0.0350163,0.0471378,-0.317523,-0.000571703,0.196068,0.0690868,-0.137863,-0.00912279,-0.121323,-0.0691434,-0.31593,-0.00947079,0.036505,-0.040725,-0.127311,
-0.0575451,0.0270141,0.0078252,0.0285426,0.0371159,-0.0984112,0.0244638,-0.0112525,0.145093,0.015576,0.0890137,-0.00148315,0.122752,0.0356009,-0.0220573,0.0146181,-0.0857282,0.00057227,0.00824209,0.00872508,0.0578758,-0.0773872,0.0330971,0.0116679,-0.0369328,-0.20444,-0.0749223,0.118144,-0.0295121,0.0127952,-0.0577383,0.156308,0.0887585,0.0219905,-0.0370543,-0.0438163,-0.0253471,-0.122065,0.0428457,-0.0181498,0.0504219,-0.0278862,-0.151803,-0.000280621,0.0493306,0.0727088,-0.0163652,0.0384177,0.19089,-0.0062436,0.078092,0.265365,0.04421,0.0432115,0.116727,-0.0630933,0.0333509,0.0115999,0.0398524,-0.0197459,-0.200666,0.0723243,0.0309553,0.0915592,0.0689795,-0.0623417,-0.0459314,-0.0154343,0.0299612,0.201663,0.148465,-0.129371,0.0145103,-0.081465,0.104003,-0.120338,-0.0118146,-0.0532812,0.0448836,0.0163092,0.0320486,0.12391,-0.0293752,0.167209,0.041668,-0.0272175,0.0726829,0.0695209,0.0575101,-0.153448,-0.0646778,0.16201,0.045591,-0.119726,-0.104557,0.0405702,-0.0289702,-0.0410328,-0.113974,0.00323401,0.160389,-0.0670928,-0.0763452,-0.100658,-0.00933195,0.00479323,0.13789,-0.00783627,-0.0704444,0.137994,0.0246147,0.0539053,-0.169068,-0.0729445,-0.043223,0.0452263,-0.0775966,-0.208538,-0.136659,-0.161059,-0.0553053,-0.0880647,-0.0640227,-0.0795979,0.0792206,-0.0780619,-0.0755628,-0.172478,0.228421,0.0388386,-0.0747327,-0.00353778,0.0287469,-0.117372,-0.0377043,-0.106966,0.142596,-0.0107066,-0.0610756,-0.0732218,0.0521809,-0.0963612,0.00217491,-0.0159546,0.0114955,-0.0562312,0.0158473,0.104844,-0.0195661,0.0547639,-0.105685,0.137248,0.0377733,-0.0628547,0.0133254,-0.0164844,0.0726088,0.0867484,-0.134254,-0.0979383,-0.0763059,-0.0699663,-0.103529,0.0883367,0.042406,-0.0254962,0.012838,0.0664979,0.230734,-0.089319,0.0106177,-0.0295703,-0.062431,0.0883903,0.0108471,-0.0130555,0.137349,-0.00345415,-0.127631,0.0310392,0.138281,-0.0343757,-0.0147377,0.193188,-0.0791784,-0.0376986,0.0160602,-0.0170553,-0.015044,-0.241174,0.0123163,0.0479024,-0.0812561,0.0198849,0.0350209,-0.024602,-0.220161,-0.0691916,0.0625413,-0.248105,-0.0966314,-0.0590568,-0.0358972,-0.0129192,-0.0711347,-0.119787,-0.0554659,-0.108422,0.0693955,0.0334991,0.117482,-0.0944248,-0.0127026,-0.0532902,0.0779083,-0.132271,0.032678,-0.0385414,-0.107845,-0.128791,-0.0564364,-0.0805964,0.185369,-0.0143065,0.0785894,0.00677616,-0.0140738,0.00811592,0.0118729,0.0106747,-0.0343684,-0.0149402,-0.0282478,0.0378351,-0.0872192,0.0622694,0.0305003,-0.00658008,0.00572823,0.026261,-0.0861946,-0.00497516,-0.0922218,0.0514781,-0.0650767,-0.0376108,-0.0534954,-0.0421668,-0.0362825,-0.0787324,0.0682487,0.0938859,0.068271,0.00336414,-0.012327,-0.316845,
-0.257525,-0.532213,-0.045015,0.111267,0.0374194,-0.0633404,-0.0661688,-0.176676,-0.0204429,0.0872509,-0.0712828,0.355553,-0.122346,-0.158181,-0.409983,-0.104603,0.0308777,-0.113261,-0.1477,-0.0480707,0.0147278,-0.0319769,-0.0961639,-0.264079,-0.0530834,-0.167349,-0.228526,-0.271383,-0.0268728,0.0786065,-0.10836,-0.405601,-0.266758,-0.301017,-0.0841469,-0.252253,0.0467038,-0.115681,-0.00625587,-0.0121878,-0.175459,-0.229368,-0.139928,0.0330003,-0.146539,-0.152476,0.0924836,-0.202734,-0.147757,0.0192291,0.199882,-0.339544,0.0224314,-0.106441,-0.139141,-0.123279,0.139602,-0.17257,-0.156168,-0.251454,-0.142628,-0.099137,-0.205212,0.0490537,-0.0895766,-0.212594,-0.15983,0.170021,0.116801,-0.546612,-0.161422,-0.23314,-0.188869,0.226566,-0.0827766,-0.0565416,-0.0771472,-0.0454216,-0.0607541,-0.104284,-0.151988,-0.113653,-0.0105263,-0.379692,-0.346645,-0.286369,-0.0877226,-0.218592,-0.0604333,-0.0713525,-0.102592,-0.0713965,-0.23258,-0.343109,-0.154838,-0.194412,-0.145433,0.0503018,0.0555861,0.626206,0.0727575,-0.0735404,-0.082799,-0.229661,-0.0285543,0.0848952,-0.00500927,-0.0362536,0.0395273,0.043173,-0.0284188,-0.0280735,-0.219979,0.175122,-0.221248,0.0300946,-0.108839,-0.108148,-0.00475836,0.0527102,-0.279659,0.133994,-0.0738926,0.0853412,0.0679987,0.00446732,-0.236196,-0.0549405,0.0517301,-0.0226786,-0.0713137,-0.041094,-0.237435,-0.0707197,-0.000819559,-0.0461427,-0.0209217,-0.175262,-0.20263,-0.0239742,-0.166448,-0.171976,-0.105849,0.0540091,0.027944,-0.0587559,0.00607272,-0.139756,-0.105875,-0.0797021,-0.124444,0.168243,0.0721447,0.00125653,-0.164919,-0.0743566,-0.350702,-0.101744,0.0717461,-0.0516543,0.124514,0.00642892,-0.0807632,0.188301,-0.526016,-0.187702,0.00712756,0.128596,-0.0750262,-0.0862132,0.158067,-0.0540754,-0.261301,0.792558,0.0063511,-0.00923952,-0.0615905,-0.341113,-0.16773,0.0359848,0.0864216,-0.0387089,-0.12241,-0.337071,-0.169721,-0.0148341,0.0557063,-0.182797,-0.0281227,-0.0507017,-0.000481598,-0.0424859,-0.0728802,-0.143206,0.120852,-0.0341999,0.0710956,-0.21248,0.0156898,0.0988287,0.0688345,0.116068,-0.130373,-0.0714673,-0.227778,-0.0819354,0.0214531,-0.156574,0.142375,0.0333754,-0.0363333,-0.0390391,-0.1311,0.078593,0.0352871,-0.270718,-0.128919,-0.105405,0.159092,0.00679396,0.0849012,-0.0425111,0.094194,-0.0676733,0.0178879,-0.210213,0.0863855,-0.0561549,-0.215835,-0.175488,-0.203575,0.016481,0.144686,-0.402815,-0.0608301,0.164828,-0.169169,0.0332175,0.134898,0.159636,-0.231763,-0.185296,-0.0631334,-0.185271,-0.0168214,0.473122,0.157293,-0.0943033,-0.257293,-0.0639409,-0.261848,-0.18604,-0.145149,0.0348521,-0.096789,-0.122065,
0.0239212,0.196722,-0.00478268,-0.0500834,0.037382,-0.0990467,-0.0198915,-0.0186234,-0.075703,0.165145,-0.0638556,0.16602,-0.0802204,-0.0854514,-0.0316816,0.140453,-0.0757023,-0.00761304,0.0280298,-0.0269414,0.0391346,-0.0269212,0.130523,0.0157336,0.0218822,-0.0127042,0.0259192,0.0276111,0.155935,0.0404418,0.00638292,-0.0116118,0.0245141,-0.004689,0.0531362,0.123827,0.0545892,-0.0331444,-0.19298,-0.0525937,0.106033,-0.0700081,0.0348462,0.111682,0.0853879,0.0871362,0.0185044,-0.211873,-0.126833,-0.0589812,0.0826069,-0.0217877,-0.0202404,-0.0614725,0.0197394,-0.0286315,0.0365069,-0.100106,-0.0747973,0.126977,0.0335834,-0.0299961,-0.0259259,-0.00828579,0.0150561,0.139229,0.0934702,-0.140267,0.0798402,-0.058579,0.0600392,0.0836089,0.129281,-0.0322254,-0.0362713,-0.107641,-0.170345,-0.0367021,0.108221,-0.0416711,-0.141894,-0.0185766,0.0299835,-0.0424213,0.0369751,0.0387132,-0.238141,0.000700335,0.188101,0.100389,-0.105002,-0.0252175,-0.0283566,-0.0345311,0.147139,0.153021,0.0911664,-0.154505,-0.0884262,0.0168417,0.000495279,0.109563,0.079434,0.103831,-0.0564999,-0.139861,-0.000576783,-0.0516377,-0.106127,0.11013,0.05698,0.00659621,-0.0622048,-0.0191092,-0.0571262,0.0731872,-0.0619915,-0.0244784,-0.00625291,0.0336503,0.0114779,0.0648678,-0.040589,0.163202,0.0165259,-0.0831411,0.112209,-0.100894,-0.0767779,-0.00346837,0.017357,0.147568,0.126628,-0.0904601,0.0464008,-0.0337429,-0.0074103,0.0888905,0.0548894,-0.261871,-0.0775076,0.0261278,-0.0715259,-0.0605512,-0.0193323,-0.0333392,0.0259285,0.0109096,0.0469857,-0.0553387,0.0570513,0.105097,0.0288572,-0.105972,-0.0344934,0.0482155,0.0867294,0.082308,-0.192935,0.116911,0.15409,0.11678,0.019832,0.0347983,-0.0496308,-0.0984266,-0.0393313,-0.0532517,-0.16449,0.0443673,0.0180613,-0.0677764,0.0399667,-0.0802183,-0.0815381,0.0336063,-0.104495,0.0674016,0.247423,0.0353151,0.106008,0.0160706,0.116168,-0.00832609,-0.00676764,0.0665454,-0.0743148,-0.017421,-0.113413,0.0114339,0.0239861,-0.00233136,0.0625348,-0.0537669,0.0970227,-0.0213886,-0.087729,0.132804,-0.0399693,0.0413068,-0.0554666,-0.0316689,-0.164202,-0.116402,-0.0628667,-0.0650354,0.0223837,0.044788,0.136022,-0.038647,-0.138536,-0.0435655,-0.0499015,0.0545002,-0.119484,-0.0140983,-0.114797,-0.0232567,-0.019794,0.146736,0.242719,-0.188792,0.0571743,-0.124368,0.132316,0.0296573,0.105093,0.184913,0.00953534,-0.0701041,-0.07988,-0.0252759,0.136658,0.0223662,0.0790889,0.0751645,0.0892817,-0.0517115,-0.0996825,0.0426914,-0.0661166,-0.0153162,0.127707,0.0153389,0.0569906,0.00711566,-0.0644853,0.0273191,-0.0331129,-0.0678555,0.025086,-0.025562,0.0979204,-0.0528636,-0.0751334,-0.0770371,
0.0916925,-0.0403176,-0.0824991,0.00165489,-0.0440433,-0.163765,0.0494788,0.0213031,0.0749481,-0.0723927,0.034029,0.0438857,-0.064556,-0.186239,-0.0214797,0.17667,0.0885341,0.0844945,-0.00461614,-0.108113,0.13017,0.0260997,0.151471,-0.0233395,0.0263853,-0.169851,0.0743742,0.015957,0.0972423,0.128917,-0.081463,-0.200208,0.0970918,0.158235,-0.00617055,-0.163687,0.006126,0.0838559,0.0795866,-0.14623,0.0910238,0.00954935,0.22737,-0.08493,-0.027864,0.0270065,0.0138519,-0.0567766,0.110004,0.119569,0.0489401,-0.0914262,0.0993611,0.133042,0.00522591,-0.0290003,0.0324445,-0.0781504,0.0799809,-0.0797003,0.033767,0.0575951,0.124415,-0.140449,-0.0758456,0.0448537,0.0210995,-0.0908286,-0.0205032,-0.01537,-0.0410706,-0.00169493,0.0284536,0.0915661,-0.111911,0.0222399,0.0214028,-0.00674438,0.0797695,0.0996246,-0.0228832,-0.106243,0.0550973,0.0039457,0.0251138,-0.0698591,-0.0812318,-0.0697343,0.0536088,0.0555231,-0.00866428,0.115802,0.00737376,-0.103185,0.0570807,-0.00370286,0.127561,0.0265822,-0.0567731,0.0140008,-0.100963,0.0691305,-0.0214649,-0.187516,0.0708439,0.0254078,-0.0614312,-0.1587,-0.0693548,-0.0457835,-0.0995287,-0.143997,-0.00766689,0.128842,0.0694857,-0.0421678,0.0245161,0.000281949,-0.10569,0.0214201,-0.0904162,-0.0419865,0.0432677,-0.0252553,0.0223064,-0.00169935,0.220494,-0.103357,0.034653,0.0302917,-0.0180206,-0.132197,-0.097528,-0.00309606,-0.0407966,-0.105109,-0.140776,-0.0991609,-0.011201,-0.123552,-0.162221,0.0353981,-0.0386497,-0.212546,0.135968,-0.122271,-0.150039,0.060377,-0.095957,-0.114357,-0.064331,-0.00977792,0.0828651,0.00902438,-0.0543838,-0.049398,-0.160682,0.0935264,0.0931035,0.166275,-0.0705779,-0.105334,-0.00899875,0.036735,-0.0654047,-0.116023,0.0877693,-0.112889,-0.182456,-0.0128811,-0.0665981,0.0388869,-0.0712468,0.0493223,-0.000222709,0.0328618,-0.0128133,-0.126362,-0.134062,0.0795685,-0.16728,0.0826081,-0.144613,0.0852629,-0.0283895,-0.0339074,-0.0414388,-0.27669,0.0958493,0.175522,0.120368,0.107857,0.0833375,-0.0205165,0.010267,-0.101414,0.0171506,-0.100188,-0.17976,-0.0448357,-0.0125309,0.084252,0.00937807,0.107992,0.0374107,0.0596884,-0.00968538,-0.0871061,0.151404,0.0213783,0.149312,-0.0838316,-0.0238757,0.0489637,-0.12094,0.0894637,-0.060468,0.0746072,0.0465658,0.0322503,-0.0250845,-0.0139891,0.0741173,0.0477462,-0.00971652,-0.0546904,0.0177394,0.102096,-0.0809016,0.0464673,-0.0549756,-0.0833418,0.0877015,-0.0379671,0.0834154,0.0579803,-0.0988625,-0.0809962,0.0765826,0.141416,0.0400043,-0.100191,-0.183636,-0.0207022,0.110812,0.0977335,-0.0732851,-0.112135,0.0810705,0.0740723,-0.119699,0.0707476,-0.0760815,0.0400042,-0.114088,-0.0449193,
0.00486865,0.18105,-0.0547942,0.160995,-0.0984266,0.147053,-0.0974983,-0.124633,0.100895,-0.0168851,0.131227,0.0528677,-0.118224,-0.0961977,-0.0455589,0.0957338,-0.000557188,0.109235,0.0426205,-0.218942,-0.0304001,0.104826,-0.090525,0.232719,-0.0421646,0.0369492,-0.115973,0.0276291,-0.104187,0.0455742,-0.12016,0.178865,0.0861567,0.0731702,-0.206309,0.0645897,0.126417,-0.066011,0.134015,-0.0270088,0.0435463,0.00497428,-0.167636,-0.111931,-0.0680408,-0.00251326,0.12436,0.0703726,0.021699,-0.155417,0.118479,0.201164,0.105266,-0.086008,-0.150225,0.0013576,-0.0663691,-0.0667757,-0.033342,0.0826886,-0.0125341,0.19966,0.10284,-0.0153315,0.048292,-0.0241233,0.0477744,-0.078079,-0.033268,0.106689,0.0254849,0.178638,-0.0255772,-0.0408038,-0.0115898,-0.0335831,0.0210528,0.129196,0.0269127,-0.0731645,0.136586,0.00570591,-0.0246533,0.0228001,0.0461837,0.0927173,0.119052,-0.118259,0.18188,-0.13449,-0.235383,-0.0876158,-0.105447,-0.0106384,0.0216035,0.106208,0.1339,0.195651,-0.0615894,0.200891,-0.152938,-0.0132861,0.0630242,0.153702,0.0918678,-0.0045466,0.124058,-0.17454,0.197424,0.0738179,0.0114085,0.0812201,-0.101709,-0.0459418,-0.140006,0.0665346,-0.0174401,-0.136793,-0.0873583,0.00326312,0.061082,-0.108963,0.00147846,-0.179282,0.060085,0.0141809,0.00952204,-0.00572424,0.0152581,-0.0707848,-0.159911,0.0401586,-0.0628864,0.0266557,0.0693768,-0.167058,0.103337,-0.0908244,-0.0286605,-0.0593284,0.13022,-0.0967065,-0.08155,-0.0886042,0.00428948,-0.0643253,0.00938649,0.00488033,0.0185825,-0.0786102,0.136342,-0.105742,0.0682308,0.0965088,-0.14157,0.1079,-0.0634615,0.0626528,-0.232125,-0.00944566,0.214027,0.0466355,-0.126599,-0.14553,0.0649547,0.0148696,-0.134905,0.264108,0.0185446,0.0149864,-0.0165794,-0.167656,-0.173997,0.175004,0.0896336,0.0341137,-0.214722,0.138208,-0.0165033,0.00283689,0.0408487,-0.0709848,-0.0782097,0.0824602,-0.0462998,0.0569339,0.00655586,-0.129338,-0.0456134,0.0581673,-0.138779,-0.0309449,0.0545718,0.0594999,0.0291308,-0.0494592,-0.0688885,-0.0570336,-0.136101,0.0566383,-0.0741459,-0.025764,-0.059854,-0.050945,-0.090239,-0.0435641,-0.0623657,0.236682,-0.0787951,0.103592,-0.0452607,0.0322275,-0.197553,0.0556273,-0.060564,0.182317,0.128624,0.0539856,0.0702264,0.0863492,-0.0472124,-0.0385571,0.184814,0.026802,-0.0848387,-0.00648031,-0.125972,-0.129834,-0.119184,0.0247138,-0.0883146,0.0340598,0.00643058,0.0541898,-0.0475236,0.0131368,-0.0152055,-0.101761,0.0468202,-0.201329,0.013808,0.0428536,0.140666,0.103022,0.215834,0.0329195,0.0534563,-0.0900477,-0.068942,-0.0344052,0.0729827,0.0807835,0.0530342,0.0120878,-0.0118889,-0.0737217,
0.0138094,-0.0233405,0.0260595,-0.0197253,0.00400598,0.0778001,-0.0692506,-0.0334269,0.0226238,0.195967,-0.177074,-0.100937,-0.305949,-0.0482958,-0.0484649,-0.0331147,0.0433537,0.0298367,-0.10252,0.0498356,-0.0608916,0.046655,0.0556256,0.0194592,-0.184226,-0.049495,-0.0799111,-0.0499527,-0.0240296,0.153977,-0.135099,-0.0307632,-0.0518182,-0.0135544,-0.106072,-0.0403692,-0.00346506,0.0170031,-0.0763267,0.0536613,0.109161,0.040003,0.0589972,-0.161158,-0.0730657,-0.0177114,-0.0234656,-0.0288294,0.171778,-0.0618157,0.076939,-0.106317,-0.0509813,0.037122,0.0176867,-0.0345734,0.0793281,0.0473325,-0.0184447,-0.121381,0.0118281,-0.157152,0.00425071,-0.175508,-0.208276,0.151948,0.0887504,-0.00698839,0.145768,-0.132656,-0.0742086,-0.0462387,0.13586,-0.0251032,-0.00647217,-0.123064,0.071922,-0.0489751,0.0674247,0.0782395,-0.130705,-0.00800017,0.0236265,-0.0900368,-0.0292548,-0.0111648,0.105003,-0.113847,-0.0530362,0.0264409,-0.0299208,-0.026113,0.09416,0.117322,-0.047196,-0.0923746,0.0523338,0.0254283,0.0927344,0.0398423,-0.0629831,-0.169997,-0.124171,0.0253507,-0.0792476,-0.110529,-0.159582,0.1444,-0.126121,0.113326,0.0231681,0.0693262,-0.106062,0.138204,-0.067928,-0.0547306,-0.00311431,0.0850744,-0.0849392,0.0399024,-0.0150673,0.00191179,0.00737883,-0.0977569,-0.0712618,-0.0157199,0.112374,0.102797,0.0792098,0.11705,0.0109823,0.0613496,-0.0838755,0.251507,0.0653186,-0.00638863,0.0408106,-0.032438,0.0774887,-0.124032,-0.049773,0.113531,-0.014015,-0.0645812,-0.141483,0.101207,0.0721108,-0.0475893,-0.0194112,0.029029,-0.00721158,-0.0633834,-0.105373,0.099031,-0.0710817,0.0879492,-0.147928,-0.0101864,0.0275052,0.0123225,0.0775761,-0.0813168,0.0536563,0.0350261,0.0325316,-0.135062,0.0405901,-0.0663733,-0.015127,-0.148559,0.0531593,0.0276366,-0.0649521,-0.0293425,0.0116366,-0.029733,-0.0204459,-0.0804556,0.0654226,0.0132437,0.134921,-0.102727,0.0441322,-0.0904972,-0.0154204,0.130693,-0.0346235,0.0241671,-0.0465629,-0.0300644,-0.0245506,-0.00220313,-0.00636094,0.106782,0.135461,-0.0367963,-0.0782918,0.148665,-0.131393,-0.164131,0.0076587,0.00709635,-0.118443,0.130852,-0.0737443,-0.0733847,0.153953,-0.11298,0.0573447,-0.174124,0.133379,-0.0409922,0.00768729,-0.0962999,0.0558493,0.0679148,0.031729,0.0287122,0.0144807,-0.00199805,-0.000852876,-0.0572148,0.0546639,-0.0116366,0.0417648,0.0465983,0.105775,0.172596,-0.0649673,-0.0160948,0.134499,0.00957526,0.0277761,0.135775,-0.170331,-0.0310123,-0.0761464,-0.0429706,0.0836751,-0.0650495,-0.113016,0.0679913,0.0365028,-0.0450073,-0.0788733,-0.140742,0.00814313,-0.153052,0.0608364,-0.0166362,0.0244548,-0.0498934,0.00672036,-0.0088287,-0.0342901,0.0602201,
-0.0265117,-0.0442275,-0.0361009,0.217552,-0.0577321,-0.0792527,-0.0218124,0.0700967,-0.0499608,0.0377636,0.116626,-0.00747025,-0.127129,-0.0754639,-0.0219223,0.110784,-0.130842,-0.23471,-0.067753,0.0324377,-0.106698,-0.176752,0.0048143,0.0440485,-0.171055,0.0339401,-0.0616526,-0.230865,0.136817,-0.0110293,-0.0276571,-0.0519832,-0.0729109,0.0616445,-0.0536322,-0.101016,-0.126753,-0.0852407,-0.0436922,-0.0654521,0.0650644,0.00992887,0.0908659,0.0846192,-0.0190586,-0.0521242,-0.0176568,0.077761,0.000477225,0.0680504,-0.114302,-0.0295365,0.157663,0.114617,-0.13941,-0.0283156,0.178752,0.0926108,-0.0911116,0.0431569,0.0352851,-0.0884477,0.0316627,-0.111681,-0.160918,0.0244737,-0.0356095,-0.00150201,-0.164156,-0.0823732,0.130978,-0.120159,0.017598,0.0320431,-0.116999,0.0825137,-0.0340497,0.0890894,-0.034692,0.023661,-0.0580857,-0.0127263,-0.106533,0.0183923,-0.0308222,0.0438821,0.160135,-0.0947827,-0.0921627,-0.0184032,0.0155264,0.114205,-0.187933,-0.0045639,0.024143,-0.030049,0.229919,0.0249501,0.0511629,0.105253,0.0952424,0.00758322,0.0867507,-0.07737,-0.149359,0.173027,0.0596385,0.0107954,-0.0125669,-0.115151,-0.113765,0.00627619,0.0422981,-0.0218309,0.0714673,0.138231,-0.106507,0.0637436,-0.0069552,0.0393674,0.0486532,-0.0184503,0.138865,0.0436685,0.134738,-0.111934,0.095537,0.0537869,0.0879384,0.0227764,-0.0788133,-0.137173,-0.0468394,-0.177074,0.125889,0.0459622,0.0271327,-0.211477,-0.140717,0.0788919,0.0962579,0.0268314,-0.0290525,0.0214868,-0.0278902,0.0487522,0.0452533,-0.0119249,-0.127778,0.0419453,0.0586523,0.0264652,0.0298548,-0.0682207,-0.0145089,-0.103152,-0.0403595,-0.0207259,0.0858869,-0.0694897,-0.0629247,0.00940776,-0.0555497,0.0596288,-0.0611007,-0.0700618,-0.00190212,0.0124883,0.117453,0.0458876,0.053213,0.00928877,0.0535476,-0.0220934,-0.0433107,0.0298745,0.0246575,-0.0301659,0.0630879,0.0832085,-0.0317325,0.10554,-0.0524429,0.0484158,0.0869015,0.0823127,-0.055002,0.114855,-0.126748,-0.104665,-0.105197,-0.0556781,-0.0511121,-0.0413473,-0.056616,0.0952722,0.14274,-0.0411963,0.0376035,-0.0778977,0.0434339,-0.0172616,-0.0863765,0.0363226,-0.108961,-0.0863538,0.00663876,-0.0189392,-0.0172621,-0.151268,0.0491134,0.0618823,-0.0308955,-0.0807399,0.0954945,-0.198762,-0.0214634,-0.0688422,-0.0727055,-0.0103723,-0.053184,-0.0325403,0.0246655,-0.074655,-0.04682,0.0160854,0.155031,-0.0250814,-0.0760834,0.0671025,-0.00657315,0.0434234,-0.0837906,0.0773888,0.0608485,0.0151393,0.0163566,-0.0755106,-0.0429353,-0.075424,0.0384986,0.158926,-0.148284,0.0511128,-0.0285931,0.155582,0.0891991,0.0234607,0.0510722,-0.124132,0.0226131,-0.084069,-0.0473469,0.00513683,0.0454933,-0.105295,
-0.0217126,-0.0955373,-0.101979,-0.00264004,0.0201819,0.0762953,-0.0943567,-0.0316949,0.124477,0.0342464,-0.0498801,0.0639965,0.0829837,0.088214,-0.0758154,-0.0286261,0.0510508,0.298234,0.0160532,-0.0976323,-0.102898,-0.148728,0.0112662,-0.0634196,0.149774,-0.0524931,0.0158632,0.011367,0.0695923,0.0249436,0.148072,-0.0349046,0.043568,0.0426888,0.040533,0.0988882,-0.0504988,-0.0430019,-0.033113,-0.0388832,-0.0969754,0.0306776,-0.0787923,0.00699539,0.0501515,0.027056,-0.0166804,-0.18814,0.101273,-0.124694,-0.138161,0.00403235,0.0146318,-0.00343142,0.0665585,0.104956,-0.118365,0.052166,0.0730999,0.0711175,0.032372,0.0942536,-0.0604925,-0.091485,-0.0141818,0.0444386,-0.0137632,-0.0513077,-0.203667,-0.0169147,-0.0209598,0.0797084,0.0567562,-0.062588,0.010087,0.0561648,-0.0358342,0.0225042,-0.173091,-0.0840135,0.188511,-0.126317,-0.103985,-0.0136828,0.00889526,0.113666,0.0791242,0.0113353,-0.135235,0.0483094,-0.0920359,0.107982,0.185333,0.0562868,-0.0627865,-0.0683083,0.0388113,0.0145003,0.132456,0.00709143,-0.0382015,0.050285,-0.00312731,-0.133995,-0.0268034,0.0820349,0.0446168,-0.0289844,-0.0262247,-0.032303,-0.0188157,0.129869,0.0749541,0.00296167,-0.0230731,-0.0476589,-0.150772,0.0838738,-0.158057,-0.0270816,0.0864006,-0.123186,-0.15885,0.0391527,-0.00627945,0.00643761,0.00545856,0.0595396,-0.066862,-0.0286831,-0.00750998,0.0382497,-0.00232636,9.18246e-05,-0.0265807,0.0850146,0.107828,0.0868663,-0.176595,0.0733317,-0.130969,-0.0490194,0.0437905,0.0362784,0.0760087,-0.010249,0.11622,0.0476064,-0.101445,0.0876928,-0.151787,-0.0858406,-0.0130913,-0.0276477,-0.0554134,-0.00136435,0.0151604,-0.174509,0.0109707,0.00227565,0.120586,-0.0668146,0.112497,-0.113491,-0.135676,-0.0341316,-0.0206031,-0.0354679,0.102534,-0.0415056,0.11387,-0.0688119,-0.0318523,-0.0591786,-0.00109416,0.0601151,0.192709,0.00482549,0.0620328,-0.0930807,-0.0790854,-0.196204,0.00604928,-0.122683,-0.105856,0.00931177,-0.0695597,0.0182314,0.0915782,-0.169885,-0.0722173,-0.0386473,0.0978298,0.0429989,0.0334055,-0.0506058,-0.14073,0.208841,-0.125577,0.176553,-0.141741,0.0780782,-0.0144212,0.0352133,-0.0389918,0.0387559,-0.0487448,0.0459338,0.109823,-0.108632,-0.0601288,-0.0663573,-0.0539165,0.131551,-0.108624,-0.10386,0.013012,-0.0893821,0.0125889,-0.113562,-0.00412857,-0.178099,0.00710882,0.0456488,-0.0608804,-0.0931549,0.0258295,-0.00602724,-0.00868908,0.0825972,-0.0994247,0.287079,0.137865,-0.0362425,-0.104844,-0.0283585,-0.0620303,-0.114743,-0.0105304,0.00969491,0.135517,-0.0922717,-0.0210245,0.19574,-0.149689,-0.104929,0.0323142,-0.014034,-0.0987461,0.0110252,0.0583781,0.0293342,-0.0606826,0.0234853,-0.0644144,-0.0574728,
-0.0228761,-0.182176,0.105548,-0.120944,0.00381457,0.00424474,0.139304,0.0367832,0.0535458,-0.0492392,0.0478955,-0.0697614,0.0674921,-0.0926759,-0.10775,0.00205249,-0.153427,0.0850015,-0.030528,-0.0129988,-0.184504,-0.134623,0.0375418,-0.0750799,0.0166656,0.0313301,-0.15398,0.0897773,0.0362975,0.099831,-0.0277306,-0.10083,0.111323,-0.170865,0.0822016,0.0274474,0.0317822,0.0639255,-0.048942,-0.0892403,0.0217738,-0.0791227,-0.0622514,-0.0795179,0.117602,-0.194075,0.0878269,0.0396094,-0.175198,0.02643,-0.0786483,0.0384798,0.065841,0.00323038,0.00723245,-0.0866811,0.0547743,-0.1042,0.177968,0.0679218,0.0260492,0.0876311,-0.13337,-0.00312368,-0.0201887,-0.10006,-0.0172402,-0.117712,0.117374,-0.0748595,-0.109797,0.0509326,0.0340076,-0.0304158,-0.203525,0.0438672,-0.071283,-0.226201,0.185683,0.0620583,-0.0583808,0.0815785,-0.0806754,-0.214775,-0.147622,0.0624345,0.117889,-0.00294467,-0.0451685,0.0818602,0.00456528,-0.102513,-0.0430166,0.0651729,-0.0465072,0.10365,-0.0108577,-0.0285332,0.105075,-0.0814359,0.00337163,-0.0733388,-0.0228561,-0.0140939,-0.157244,0.00790738,-0.070755,-0.207262,-0.138487,0.0204341,0.0519141,-0.0187076,-0.0695295,-0.00316242,0.13447,-0.0270837,0.136695,-0.0928459,-0.0582029,0.0835871,0.0142483,0.134394,-0.0524174,0.0361122,-0.0370433,0.0846379,-0.0278211,-0.0639106,0.143137,0.135051,-0.0157628,-0.114568,-0.0225389,0.0359136,-0.0408876,-0.0976304,-0.0532654,-0.0540358,-0.0155436,0.0549995,-0.0828222,-0.0434664,0.0155888,-0.0480931,-0.0550176,0.0380566,0.0914618,0.0833553,0.0706096,0.0897878,-0.0471059,0.0704345,-0.0857596,0.061762,-0.0318659,0.083356,-0.0929527,-0.142681,0.0323152,-0.0330323,0.0667107,0.0247173,0.10649,-0.136659,0.00424951,0.00573155,0.108096,0.110711,-0.0479625,-0.0639423,-0.0259394,-0.181313,-0.0599973,0.0453006,0.00463277,0.00921194,0.0857377,-0.057524,0.0784329,-0.0452755,0.00222209,-0.191458,0.0463076,-0.113531,-0.126593,0.0532287,-0.0859243,0.0098844,-0.165192,0.00210459,0.0675829,-0.00523376,0.00504796,0.101893,-0.00798875,0.0372016,-0.00206373,-0.214371,-0.00855156,-0.037557,0.019067,0.0480149,0.00313017,0.104021,-0.0486268,0.0542622,-0.0121225,0.0872284,-0.0194687,-0.138161,0.0999856,-0.130837,-0.0983964,0.0475071,-0.14522,0.0256614,0.0668898,0.0182697,0.0777243,0.0137119,0.0342304,0.0440241,0.0265848,-0.0354963,-0.0246364,-0.0136978,-0.0525703,0.0849397,-0.191293,-0.06101,-0.00103652,0.0294645,-0.00314132,-0.00624149,-0.14838,0.126513,-0.0399915,-0.0414483,0.145336,0.043243,-0.114235,-0.0227349,-0.0940845,0.0209473,0.0250568,-0.113196,0.115901,0.00848769,0.113789,0.00672893,-0.0247891,-0.0770898,-0.0307498,-0.0288327,-0.03406,0.0493776,