-0.20265,0.287866,0.0908719,0.0212954,-0.566654,-1.14907,0.422159,0.390075,-0.0964741,0.0136761,0.0261778,-0.35528,-0.0676331,-0.279763,-0.110439,0.0787882,-0.0723385,0.244786,0.182119,0.0314864,-0.0247477,0.363909,0.0541233,-0.0390444,-0.519144,-0.890716,0.394022,0.237034,-0.000711786,0.0238789,0.104281,-0.297488,-0.123773,-0.141367,0.0929258,0.234147,0.100399,0.0134274,0.158562,0.0517933,0.0937992,0.0914889,0.0718199,0.0190649,-0.349955,-0.819759,0.532954,0.0952565,-0.12315,0.139808,0.00302441,-0.0167748,0.0500189,0.0619564,0.115648,-0.0374636,-0.117815,0.130893,0.0348071,-0.0958692,-0.214433,0.122377,0.0724327,-0.087194,-0.377526,-0.659414,0.250112,0.179947,-0.101188,0.107209,0.0977544,0.136836,0.0274626,0.113603,-0.207071,-0.0314705,-0.0638115,0.166727,0.203326,-0.150935,-0.0120184,0.245802,-0.0398039,-0.291682,-0.411957,-0.702528,0.365486,0.229089,0.0326158,0.092048,0.123537,0.146362,-0.15734,0.0952894,-0.0450316,0.159246,-0.122424,0.193198,0.0292229,0.0362089,-0.404544,0.138766,0.0163146,-0.221614,-0.116325,-0.44112,0.271924,-0.104569,0.0438078,0.187122,-0.129298,0.326803,-0.0284204,0.0237961,-0.140861,0.0339262,0.111686,0.0715913,-0.0327425,0.18223,-0.203325,0.0913665,-0.0441289,-0.054364,-0.101208,-0.0980302,-0.00427567,0.0361119,-0.0570115,0.00494854,-0.140826,0.530274,0.15832,-0.157562,0.132251,0.0310862,-0.0313612,0.22132,0.1038,-0.00663424,-0.431491,-0.0568184,-0.121556,0.00581018,0.0612811,0.130574,0.153842,-0.17394,-0.113795,0.117263,0.100462,0.516568,0.189608,0.0213846,0.0165943,-0.078777,0.173961,-0.0226396,0.107615,0.0464309,
-0.0743891,0.364749,0.328952,-0.324301,-0.983679,-2.15402,0.745139,0.318624,-0.497981,0.436462,0.401026,-0.406207,-0.339806,0.0515326,-0.0325974,-0.136704,0.32113,0.492998,0.40161,0.0552859,-0.0425838,0.393282,0.0509364,-0.509581,-0.824052,-1.89898,1.14797,0.256418,-0.440024,0.597804,0.0515112,-0.154469,-0.381486,0.070844,0.108212,-0.0108303,0.115358,0.362456,0.415678,-0.120246,-0.180689,0.547331,0.0138329,-0.193748,-0.944104,-1.74565,0.866891,-0.0624311,-0.254562,0.0287967,0.136482,0.287339,0.245797,-0.0740961,-0.0134415,0.0626447,-0.0117834,0.249071,0.351203,0.15347,-0.219043,0.40122,0.112242,-0.239817,-0.458884,-1.18734,0.73459,-0.103583,-0.0224869,0.132375,-0.0907394,0.268653,-0.101829,0.0992427,-0.0636797,-0.0053693,0.0677747,0.404798,0.0893581,0.0382287,-0.179139,0.326034,0.186452,-0.276733,-0.363265,-1.16591,0.510964,-0.0783779,-0.658896,0.315751,0.15955,0.223632,0.270759,0.0609526,-0.0859019,-0.10795,0.166001,0.217938,0.298329,-0.147991,-0.497349,0.246018,-0.0104406,-0.226322,-0.411207,-1.00933,0.592335,-0.164175,-0.0423678,0.0443393,0.192348,0.537102,0.33329,-0.087037,0.061879,-0.0046983,0.134092,0.380294,-0.0625389,-0.150327,-0.251761,0.358047,0.240094,-0.140725,-0.33298,-0.658592,0.583504,-0.441807,-0.117023,-0.0802772,-0.0967636,0.3445,0.336425,-0.0120597,-0.222133,-0.186507,0.242357,0.239208,0.0143086,-0.0252527,-0.278589,0.158428,-0.0417576,-0.0298763,-0.137932,-0.434567,0.230931,-0.594209,-0.31408,0.202443,-0.184242,0.605714,0.158726,-0.0879026,0.278536,-0.0716373,0.26934,0.0607702,0.0991739,0.0391962,
0.0186254,-0.141728,-0.0537345,-0.22305,0.113502,-0.0476909,-0.238771,-0.189836,-0.0693932,0.064711,-0.0811941,-0.0148218,-0.0160332,0.143219,-0.113328,-0.0983507,-0.0151991,-0.140075,-0.0998811,0.00564342,0.0409459,-0.0785948,-0.124492,0.0963322,0.0675414,0.0201217,-0.118514,-0.0735829,-0.240346,-0.0835975,-0.0837364,0.177004,-0.2731,0.0200047,-0.030141,-0.235745,0.138942,-0.0581169,0.0893214,-0.0905164,0.00671681,-0.0368679,-0.100846,-0.243802,0.0900529,0.070715,0.0780152,-0.0912937,-0.0595389,-0.0702933,0.0333871,0.0896994,-0.0986017,-0.0435716,-0.0825321,-0.163812,0.234647,-0.0504707,0.0355749,0.284604,-0.0208345,-0.0866515,-0.254204,0.0520159,-0.0912318,0.139422,0.0463533,0.0833155,-0.217914,0.212512,0.0405356,0.0901597,0.0211821,-0.00600895,0.284962,0.0621428,-0.0279244,0.0458578,0.087769,-0.0541727,0.0228305,-0.13708,0.110787,-0.152917,0.00823065,0.213345,-0.16663,-0.153149,-0.100264,0.00470418,-0.0198087,0.0364994,-0.022939,-0.102849,-0.0504809,-0.188629,0.0981645,-0.0978147,0.0418624,-0.189341,0.0608686,-0.276154,-0.216359,0.000500191,-0.0337783,0.137104,-0.0654993,-0.196013,-0.0887118,0.0273362,0.0484293,0.0354738,-0.0616986,0.195527,-0.135859,0.341339,0.193381,-0.244143,-0.0213034,-0.163391,-0.166436,-0.176061,0.0327837,-0.188467,-0.0628437,0.0899876,0.0559995,-0.0130572,0.227629,-0.0575184,-0.111889,0.13255,0.266354,0.021161,0.0224222,-0.0376334,0.12192,-0.110356,-0.0532901,-0.176023,-0.108556,-0.113698,0.0251771,-0.152987,0.0446295,-0.0413945,-0.190008,-0.163266,0.0289214,-0.0675923,-0.0292921,-0.0834228,-0.137397,-0.00189176,-0.0301138,-0.0921972,0.0694592,-0.109737,0.157902,-0.00714007,
-0.0955041,0.0501688,-0.0140338,0.110947,-0.00399399,-0.0507738,0.0664179,0.162446,-0.0210127,0.0107824,-0.0290801,0.0613137,-0.0144258,-0.0456525,-0.0198933,0.147211,-0.0671082,-0.104385,-0.140963,-0.0521498,0.0718026,0.0200733,-0.0366435,0.0902297,-0.0619172,-0.110752,0.0199625,-0.0450301,-0.128102,-0.0563388,-0.129474,0.0729571,-0.260083,-0.193316,0.0580043,0.172213,-0.0802251,-0.0572904,-0.0900017,-0.00900169,-0.0694553,-0.0703746,0.0881705,0.206682,-0.0754643,0.0238004,0.0352697,0.209209,-0.191968,-0.165853,0.020265,-0.0736926,0.0697767,0.0760531,-0.165288,-0.0209008,-0.0185942,-0.202272,0.0702032,0.0570484,-0.113539,-0.038531,-0.00967077,0.0139161,0.0153915,0.0168676,0.000175117,-0.151045,-0.274064,0.123887,0.0618919,0.0616889,0.0616182,0.1371,0.0637258,-0.0836876,-0.00804072,-0.069344,0.129926,0.0264457,-0.00185119,-0.0444459,-0.149737,0.0308539,0.0123728,-0.180647,-0.079613,-0.0204911,-0.164718,-0.0387323,0.192047,-0.00610357,0.0498285,-0.246831,0.0961668,0.0620784,-0.00743104,-0.0519857,0.0392857,0.0759482,-0.0534025,-0.0940264,0.00257517,0.0596037,-0.118788,-0.174834,-0.06589,0.146471,0.0853107,0.0127856,-0.0197835,-0.0294499,-0.222157,0.0371703,-0.0487324,-0.00215111,-0.107072,0.123216,0.0709537,-0.013528,0.00366713,-0.276736,-0.0385418,0.110066,0.0712662,-0.13755,-0.0223591,-0.231378,-0.0715062,0.230681,0.0651575,-0.0431716,-0.0793687,0.083256,-0.183216,-0.0388613,0.114146,-0.089331,0.0915579,0.127474,-0.113894,-0.128447,-0.124163,-0.00515366,-0.0233346,0.0610513,-0.0337791,-0.165905,0.0281033,0.0367695,-0.138341,-0.051001,-0.0400817,0.136509,-0.0412219,0.0458617,-0.0979738,0.056054,0.198236,0.0428283,
-0.1661,-0.0725022,0.0720396,-0.00365736,-0.0479744,0.14559,-0.00209886,-0.0433664,-0.213124,0.0256781,-0.0382209,0.0166742,-0.0398598,0.0213805,-0.00476487,-0.153218,0.0600886,-0.146354,-0.294097,0.0664883,0.0296372,-0.05438,-0.160977,0.0776057,0.0395302,-0.0129798,-0.237631,0.0312395,0.00285699,0.0364858,-0.0502131,0.141906,0.0145185,-0.0831713,-0.0324828,-0.00743907,0.210394,0.0254051,-0.063645,0.021785,0.336191,-0.0364243,-0.18484,0.0359664,0.010643,-0.068448,-0.340722,0.25949,-0.0255188,0.202004,0.0919882,-0.0514267,0.135875,0.0143832,0.00107394,-0.229474,-0.195235,0.217041,-3.27975e-05,0.0537322,0.000592886,-0.138808,-0.0788089,-0.0986314,0.1177,0.111209,-0.189258,-0.0793038,-0.0408999,0.00723283,0.0398516,-0.0538238,0.149556,0.0955237,0.104218,0.096715,-0.163318,0.0420565,0.0034126,-0.0533971,0.0209726,-0.189905,0.159826,-0.0609801,0.340821,-0.0461469,-0.141536,0.188447,0.0695875,0.137677,-0.207878,-0.00523741,0.125871,-0.0231139,-0.233749,-0.196003,0.199847,-0.0128524,0.0987027,0.0493007,0.225023,0.144206,-0.234784,0.0492192,0.0913383,0.120823,0.0717751,0.0948682,-0.106405,0.0235497,-0.0969332,0.0891693,0.0357725,0.0854333,0.129688,0.00361213,-0.109597,-0.138827,-0.0452027,0.0651799,-0.0115406,-0.033669,-0.0723295,0.0227612,0.0819373,-0.143889,-0.170703,0.117093,-0.00411669,0.105972,-0.175275,0.086918,-0.0370899,0.125874,0.0784129,-0.290567,-0.0684774,0.0640621,-0.0893133,0.0931817,0.104721,-0.13056,-0.233253,-0.198234,-0.0404125,-0.0570414,0.0301512,0.0977288,-0.0669651,0.0490843,0.059287,0.111725,0.049261,-0.0371277,-0.25776,-0.0729286,0.00513945,0.0926618,0.064168,-0.157888,
-0.136179,-0.0519961,0.0241513,-0.101684,-0.154195,-0.279936,0.0748048,-0.0408277,-0.121524,-0.0625645,0.151828,0.0554451,-0.0935677,0.108715,-0.200012,-0.0399826,0.128134,-0.0962097,-0.00915591,0.192245,-0.135706,-0.199954,-0.135527,-0.156533,-0.06082,-0.230964,0.203934,-0.161216,0.186305,-0.117578,0.0886049,0.178587,-0.09736,-0.0425713,0.0638683,0.1246,-0.0784756,-0.197538,0.184015,0.0141791,-0.166886,0.0609697,0.106059,0.0877954,-0.138718,-0.066688,0.0986728,-0.0252658,-0.0759673,0.00749714,-0.00882547,-0.0637186,0.128571,0.0671229,0.0997017,0.0390909,-0.0444233,-0.100949,-0.0702406,-0.016635,0.00216517,-0.1601,0.0341941,0.0439636,0.0360749,-0.251743,-0.062989,-0.0756395,-0.00479342,-0.025533,0.259739,0.0237301,-0.016706,-0.0814744,0.0399463,-0.0919897,-0.336872,-0.307661,0.146466,0.0425553,-0.267597,-0.00900843,-0.123813,0.00720192,-0.115444,-0.220836,0.256749,-0.106935,-0.314786,-0.215168,0.110327,-0.013133,-0.0147537,-0.192178,-0.0271856,-0.193536,-0.016816,-0.188093,0.0535239,0.0125315,-0.100599,-0.0168813,-0.106067,-0.0105734,-0.0734144,-0.0463314,-0.0370133,-0.149357,0.0481393,0.134047,-0.0194541,-0.167543,-0.126946,-0.0301191,-0.0255711,0.166211,-0.178478,-0.242798,0.0138362,0.119686,-0.103506,0.0487012,0.0152356,0.158201,-0.117701,0.072332,-0.0358222,0.241355,-0.0440988,0.13567,0.0845895,-0.131042,-0.00613265,0.0927138,-0.118713,-0.199504,0.0122117,-0.254026,-0.139854,0.0526233,-0.148378,-0.347286,-0.0810322,-0.0261639,-0.28913,-0.215643,0.013308,0.0918187,-0.0286922,0.0877784,-0.0577979,0.223174,0.21946,-0.0146278,0.136525,0.19891,-0.0346335,-0.276669,-0.0570896,0.000254851,
-0.0845881,0.204551,-0.0294906,0.0513811,-0.0862832,-0.133461,-0.0251356,-0.0984404,0.0234015,-0.213815,0.0312952,0.090543,0.043951,-0.0404895,-0.0278266,0.176762,0.0336822,-0.0739777,0.0173183,-0.239951,-0.000747493,-0.0719721,-0.119217,-0.1712,0.0885694,-0.0981211,-0.172704,-0.0506264,-0.048319,-0.174576,0.0459089,0.165854,0.142884,0.0648865,-0.159805,0.0563185,0.0204614,-0.0503231,-0.236071,-0.039416,0.0663511,0.0376859,0.0661944,0.196782,-0.0190826,-0.0496143,-0.115986,-0.10271,-0.0790448,0.0492368,-0.192518,0.0583826,-0.0633772,0.110922,0.0611964,-0.137169,-0.0560553,-0.104039,0.262491,-0.0933723,0.036354,-0.22042,0.073983,-0.151926,0.0299726,0.0667335,-0.184213,-0.0271058,0.00217075,-0.197465,0.0407486,0.0190153,-0.0658527,-0.175692,0.038017,-0.26091,-0.305083,0.121105,0.0597433,0.0648685,-0.0693354,-0.0105449,-0.117605,-0.0792279,-0.123768,-0.0380288,-0.0184062,-0.0383774,0.39824,-0.287761,0.120312,-0.00456449,-0.0781667,0.0604251,0.0214313,-0.0559677,0.14951,0.144883,0.343251,-0.0103926,-0.0901363,-0.095116,0.0117289,0.183137,-0.0946614,0.0370566,0.0021134,-0.117534,-0.187318,0.281461,-0.027969,-0.0182461,-0.0720165,-0.024418,-0.0481255,0.174465,-0.0462098,0.0989038,0.0549029,-0.0728292,-0.0898815,-0.160212,-0.0134263,0.0783184,-0.0218773,-0.200525,0.0622567,-0.179292,0.0725046,-0.0852375,-0.215255,-0.0798681,-0.155602,0.071601,-0.188585,-0.130434,-0.0784501,0.0877057,-0.12689,-0.04814,-0.0342845,0.147056,-0.0907623,-0.0529527,-0.000231435,0.018156,0.223628,0.119665,0.0931093,0.0451638,-0.00799468,0.0225469,-0.197346,0.120649,0.099019,-0.209059,-0.109714,-0.24048,0.0165599,-0.149783,
-0.0089497,-0.0443329,-0.071631,0.0305071,0.090323,-0.0941206,-0.220158,-0.0335706,0.0275792,-0.10906,0.0569029,0.0450604,-0.0539207,-0.0976363,0.08649,-0.0267547,0.105899,0.0336176,-0.224335,-0.138481,0.0851446,-0.0786185,-0.118429,0.132693,-0.138029,-0.127669,0.00953913,0.0115058,-0.19324,-0.0176149,0.128152,-0.118591,-0.155842,0.0187763,0.182498,-0.0420035,-0.100193,0.0724342,0.0928291,-0.0453191,-0.0239628,-0.0408888,-0.0603117,-0.151288,0.0446715,0.0958497,-0.344619,-0.134594,0.205302,-0.126497,-0.0458794,0.18636,0.0264899,-0.0832562,0.155156,0.0634479,0.0626587,0.0656938,0.0482525,0.00176851,-0.0674696,0.0911793,-0.0086499,0.0120049,-0.0182457,0.207025,-0.276744,-0.0116316,-0.0953918,0.0846157,-0.0407671,0.0144321,-0.205288,-0.038024,-0.0332379,0.048636,-0.092012,0.057838,-0.0322144,-0.0681704,-0.0469697,0.075101,0.0782151,-0.00104296,-0.0301522,-0.0564102,-0.108026,-0.0560168,0.383369,-0.168123,0.132789,0.0999284,0.145731,-0.00514808,0.0507732,-0.0749228,0.175915,-0.0170019,-0.0533141,0.0982995,0.143104,-0.063844,-0.0899391,0.0576211,-0.0906567,-0.0706456,-0.338151,-0.0772279,0.215487,-0.0535914,-0.121043,0.0804696,-0.237242,0.0893626,-0.104726,0.052212,-0.150074,0.0773923,0.0929659,0.014903,0.113842,-0.0404317,-0.0353713,0.0229636,0.0477698,-0.101937,0.0466733,0.00690802,-0.0470872,-0.29437,0.0379335,0.0302005,-0.0740199,0.0412548,0.041639,-0.0402149,0.107555,0.111971,0.267296,0.0873272,-0.285118,-0.0458242,-0.134279,-0.127577,-0.129692,0.10418,0.0110748,0.132059,-0.190181,0.112998,-0.136526,0.0278577,-0.196892,0.00185017,0.0658921,-0.0680907,0.0821556,-0.0376129,-0.00266966,-0.0130009,
0.120265,0.0848907,0.0181111,-0.0871305,-0.336038,-0.151659,0.0372008,0.120335,0.0251702,0.0336995,0.0431111,-0.0570952,-0.0802741,-0.0328036,-0.0479622,-0.0762534,-0.07523,-0.0219737,0.0589322,0.104568,0.0278317,0.0208394,-0.202797,0.100515,-0.0747554,-0.0119923,0.117417,0.272296,-0.0787509,0.0778053,-0.0583105,-0.0759786,0.133343,0.226962,0.0576656,-0.016008,-0.0212599,-0.215567,-0.209264,0.1083,-0.142033,0.00239756,0.0264632,-0.0106658,0.145656,-0.190245,-0.0634361,0.102959,-0.221886,-0.113844,0.070628,0.0322786,-0.0457474,0.0257406,-0.0217103,-0.0652121,0.0850852,0.0982374,-0.0433348,-0.130655,0.0422237,0.141894,-0.197157,-0.00167557,-0.0742955,-0.233136,0.09769,0.0473972,0.118469,0.158143,-0.0302797,-0.107655,-0.0368566,0.0290089,0.0473271,0.0116265,0.0794962,-0.222553,-0.074875,0.125889,0.0825679,0.17648,-0.0344122,-0.0524849,0.0248094,-0.0992283,0.0548674,0.00976226,0.0654788,0.0667383,0.125429,0.0216038,-0.0664485,-0.0241575,0.112052,0.138489,-0.0846897,-0.0602135,-0.0444072,-0.167958,-0.00690634,-0.0450096,-0.0375743,-0.178246,0.0280053,-0.14931,-0.0809245,0.039181,-0.0419468,0.0317803,0.0462153,0.00480866,-0.0490749,-0.0600665,0.0657386,-0.0587373,0.0404218,-0.0753609,-0.106027,-0.0407137,0.0369112,0.0192083,-0.174263,0.00334794,-0.0616062,0.0491726,0.0967974,-0.136769,-0.128578,-0.00960068,-0.0547885,0.216341,0.0571571,-0.0771454,-0.0361739,0.0835087,-0.191493,0.1126,0.141378,-0.234868,-0.0992439,-0.119243,0.0478484,-0.0630345,0.332174,0.121951,-0.092372,0.298881,-0.28929,0.0380337,0.0186281,0.0384514,0.0371083,-0.0586459,0.208594,-0.163574,-0.166608,-0.160571,-0.135869,-0.167769,
-0.049009,0.130764,0.246929,-0.121386,-0.122892,-0.233268,0.44683,-0.0248569,-0.296937,-0.069232,0.0134096,0.109746,-0.0789838,0.10244,-0.01436,0.137175,-0.0225383,-0.0809415,0.174241,-0.000290679,0.0158746,0.196322,-0.0910863,-0.12507,0.0144559,-0.164183,0.131654,0.0594373,-0.100019,0.192295,0.0702323,-0.0911688,0.0973412,0.00179189,0.0143204,-0.0257073,-0.0100192,0.110805,0.0200847,0.166758,0.0356003,0.0539057,-0.131269,-0.077827,-0.19942,-0.392741,0.0794816,-0.0333434,-0.00511543,0.0242617,0.0302793,-0.146231,0.155428,0.00473981,-0.163236,-0.126594,-0.0306803,-0.13673,0.00514134,-0.00473536,0.0838623,-0.0433434,-0.0944641,-0.143795,0.121163,-0.0610186,0.0106322,0.0706675,0.0559303,-0.158859,0.0898959,-0.172996,0.0286468,0.0531402,0.160556,0.0434657,-0.0853147,0.0253331,-0.0304044,0.0124051,-0.0871509,0.0499224,0.0361876,-0.100891,-0.172478,-0.333656,0.285267,0.203764,-0.0239793,0.125418,0.070968,-0.00499609,-0.0478196,0.135701,0.0626665,-0.134673,-0.0182579,0.00382357,0.164028,0.179972,-0.00839662,-0.0803634,0.032509,-0.0303169,-0.177651,-0.190056,0.0891677,-0.0961202,-0.0559113,0.145658,-0.0177536,0.210481,0.102018,-0.0562193,0.053521,-0.0356252,-0.0329736,0.0753514,0.0480874,-0.010889,-0.0234444,0.174302,0.0579689,-0.00770588,-0.129325,-0.0405575,0.0265468,-0.140517,0.082561,0.14601,-0.041177,0.0821638,-0.0691469,0.0506701,-0.0114398,0.115846,0.0390848,-0.0441583,0.0411459,-0.0421652,-0.16225,0.0264646,-0.0394488,0.0449392,-0.0790622,0.0379273,0.0951944,0.00336351,0.11612,-0.105799,-0.0760197,0.046058,0.077048,-0.0045601,0.136076,-0.16032,0.0454718,-0.0998063,-0.0516361,0.202142,
-0.0757523,0.175942,0.182429,-0.154214,-0.0977742,-0.434235,0.0432012,0.343346,-0.0661529,0.0208997,-0.0853753,-0.255041,-0.23687,-0.0640113,0.0458031,-0.00462619,-0.065921,0.0678664,0.0715778,0.194032,0.0659394,0.277942,-0.0880999,-0.156765,-0.218431,-0.556503,0.0994364,0.226517,-0.13112,0.238726,0.0916211,-0.132753,-0.0947512,0.191289,-0.0746154,-0.143977,-0.0840965,0.097624,0.00565818,-0.0583624,0.0511272,0.0807641,0.190636,-0.0398269,-0.350692,-0.182804,0.214149,0.196374,-0.181632,-0.0677907,0.075681,-0.0860866,-0.151192,-0.017364,0.0985382,-0.0236045,0.17458,-0.0826357,0.111239,-0.00709587,-0.156003,0.0779572,-0.0385736,-0.045445,-0.195436,-0.492036,0.198119,0.030615,-0.107036,0.127901,-0.0696035,0.172504,0.0259377,0.0333699,0.00725589,0.036874,-0.0399129,0.0487908,0.037429,-0.0595714,0.115488,0.133806,0.00938707,-0.166326,-0.0944241,-0.224859,0.224263,0.0098257,0.0902077,0.0975897,-0.0887759,0.190581,0.14537,0.0178676,0.195065,0.0922316,0.0836981,0.0910648,0.267665,-0.0103907,-0.0647959,0.0513496,0.0196104,-0.0626022,-0.0360249,-0.0853606,0.0711131,0.216028,-0.258143,-0.0502081,0.0153686,0.150776,-0.0207438,-0.0909779,-0.0413696,0.188963,-0.0419962,-0.0165683,-0.0925856,0.0517647,0.0950709,-0.0981452,-0.0331846,0.13137,0.175159,-0.245125,0.0649313,0.290291,-0.127715,-0.0452339,0.0537222,-0.0418739,-0.0485906,0.212827,-0.0820049,0.221467,0.0995727,-0.110025,-0.141255,0.0822053,0.155174,-0.207508,-0.0350814,-0.153539,0.0347881,-0.0329096,0.246359,-0.0387828,-0.153501,-0.0205873,0.064797,0.210919,-0.0093211,0.078349,-0.12055,0.0616819,-0.124161,-0.0862903,-0.00648755,0.0184507,
-0.356794,-0.320852,-0.11932,0.0198293,0.143021,0.643989,-0.335491,-0.00580612,0.0293156,0.339842,0.133834,0.621097,0.390491,0.0690738,0.00413692,-0.229816,0.818374,-0.195159,-0.0846285,-0.128077,-0.456939,-0.138535,-0.171483,0.00509182,0.224363,0.558819,-0.325431,0.179737,-0.240313,0.0998717,0.0453529,0.548283,0.184473,0.15652,0.0343183,-0.159304,0.935272,-0.196488,0.0311004,0.0381153,-0.354424,-0.324135,-0.187694,-0.0338125,0.293144,0.410841,-0.216206,0.0901178,-0.226512,0.00117269,0.149982,0.360414,0.145402,-0.0378152,0.143114,-0.105935,1.05898,-0.107072,-0.111465,0.0592715,-0.203669,-0.155499,-0.179072,0.0397377,0.250808,0.362994,-0.357893,0.243014,0.0362373,0.115791,-0.0456407,0.217995,0.136541,-0.00718024,0.118743,-0.22141,0.866796,-0.0417548,-0.302833,0.0518827,-0.521571,-0.0886066,-0.195682,-0.0551256,0.221583,0.0860755,-0.260449,0.217133,-0.0716099,0.061277,-0.176369,0.155113,-0.0760049,0.124655,-0.172703,-0.122755,0.880293,-0.0711272,-0.027973,0.208264,-0.285053,-0.0832668,-0.00792016,0.0466949,0.0113422,0.172601,0.0917486,0.139939,0.0423337,0.128597,0.0270048,0.203524,-0.0204691,-0.0794449,0.00398791,-0.255686,0.747306,0.147266,-0.193805,0.191836,-0.13008,0.0052525,0.0132814,-0.164073,-0.134708,-0.0170389,-0.061492,0.489298,-0.142318,0.0270729,0.426116,-0.171935,0.105793,0.0597058,-0.0321143,0.0394363,0.810028,0.0748688,-0.236801,0.0409656,-0.0902434,0.0437479,-0.0442713,0.113632,0.0946038,-0.205926,-0.0348416,0.416713,0.0320471,0.0447649,-0.000376638,0.0719461,0.136659,0.169757,-0.0793696,-0.234579,0.846588,0.251892,-0.0280023,-0.300095,
-0.323658,0.208599,-0.00462264,-0.096278,-0.32501,-0.501482,0.0633913,0.0899876,0.337905,0.129416,-0.127532,0.0887341,-0.188448,0.0200693,0.026555,0.19425,-0.0340262,-0.0207287,0.128085,-0.177666,-0.132607,0.133524,0.308491,-0.172733,-0.325063,-0.208563,0.0538888,-0.125782,-0.181818,0.187959,-0.125328,0.17186,-0.071896,-0.258777,0.0962736,0.0402114,-0.30861,0.185671,-0.0015156,0.0898165,-0.197504,0.261575,0.0805799,-0.1087,-0.406947,-0.198979,0.154371,0.131268,0.197072,-0.102911,-0.12311,-0.0681297,-0.0104197,0.00158294,0.0324922,-0.213741,-0.0368447,0.008164,0.0436157,0.104014,-0.0554292,0.230672,0.232388,0.0385482,-0.266125,-0.342382,0.0973486,-0.151761,-0.00810595,-0.0806016,-0.153251,-0.236617,-0.0590145,-0.0962009,0.0290114,0.0192763,-0.0834906,-0.0356197,0.0540347,0.127792,-0.2029,0.102213,0.00406123,0.124211,-0.110531,-0.549179,0.211599,-0.0941076,-0.104711,-0.0124233,-0.0034357,-0.0104698,0.147124,-0.0241291,0.0439237,-0.130838,-0.0697724,-0.059042,-0.0635173,-0.0509319,-0.194495,0.0856891,0.253477,-0.00800874,0.00188911,-0.325858,0.0363051,-0.0730683,-0.130846,0.025865,0.0432796,-0.00808316,-0.0511391,0.0103655,0.0172694,0.0374185,-0.0430091,0.0426571,0.0521656,0.0595479,-0.0617392,0.163698,0.0319208,-0.157139,-0.0896593,-0.191971,0.0904001,-0.0787689,-0.103721,-0.042251,-0.0645949,0.176622,0.211248,-0.0287034,-0.169167,0.0444087,0.16011,0.195553,-0.0540951,0.155722,-0.122387,-0.0556507,0.0993887,0.0405546,-0.0427044,-0.175854,0.0116939,0.077233,-0.0410531,0.241756,0.0609966,0.193099,0.107783,-0.110707,-0.0858117,-0.0304159,0.0602286,-0.19999,0.0950711,-0.0257658,
-0.0424137,-0.0772984,-0.243025,-0.256932,-0.0216825,-0.00974067,-0.0953861,-0.219933,0.377034,-0.212246,0.267995,0.128136,-0.0274492,-0.189805,-0.0382665,-0.0225074,0.145232,-0.111988,0.0515111,0.0121387,-0.154308,-0.238681,-0.0771164,-0.0390196,-0.28438,-0.127006,0.134588,-0.00419332,-0.00723868,0.174186,0.123796,-0.00557431,0.0187302,0.138784,-0.0861677,0.0408647,0.253233,0.0403548,0.0215814,0.0227234,-0.0481887,-0.193759,-0.130746,0.0711019,-0.101279,0.20777,0.0391711,0.145759,-0.309337,-0.0966157,0.00836965,0.00984376,0.00272702,0.162162,-0.0378016,0.102014,-0.0727201,0.0300274,0.087828,-0.0423467,-0.105932,0.0447255,-0.04301,0.0345448,0.00918859,-0.0968986,-0.071338,-0.137018,0.168222,-0.0363739,-0.153553,-0.0382806,-0.00115712,-0.0875189,0.0562196,0.1066,0.0403733,-0.110775,0.125343,0.0290726,-0.149868,-0.224793,0.143149,-0.145271,0.162853,0.0442262,0.090628,-0.0744748,-0.110281,0.141726,-0.0249928,0.000348246,-0.14816,0.227117,0.0139026,-0.177797,0.0893975,-0.0460766,0.0103612,0.0494683,0.0643342,0.00735182,0.061208,-0.158574,-0.0376772,0.198177,0.130822,0.0487972,0.114021,-0.140752,-0.0544007,0.1436,-0.163695,0.013471,0.0834726,-0.118512,-0.0164153,0.0223206,0.0651442,0.13357,-0.0253404,0.0509223,-0.0179179,-0.132572,0.165917,-0.0989094,0.0714098,-0.0103688,-0.00825126,0.0709851,0.00627795,0.13352,0.0188938,0.161849,-0.15178,0.0563943,0.0703466,0.203204,0.0187899,-0.154263,0.0267591,0.285965,-0.229057,-0.0271946,0.196406,-0.0772736,0.275453,0.0281639,0.0974673,-0.00523875,-0.10626,-0.158609,-0.0563795,-0.033264,-0.104943,-0.0217022,0.178432,0.0844312,-0.0476959,0.0254903,
-0.0683903,0.418333,-0.10376,-0.147033,-0.611979,-1.36589,1.02152,0.559233,0.00973512,0.132725,-0.0514853,-0.120796,-0.220133,-0.00326648,0.0601908,0.202972,-0.0700407,-0.0800595,0.185076,0.0191472,-0.123848,0.340439,-0.0572227,-0.118668,-0.437636,-1.2258,0.905124,0.306616,-0.453351,0.301577,-0.145882,0.339902,-0.111619,-0.0241718,0.0173383,0.188424,-0.140373,-0.159288,0.294765,0.150329,-0.0342439,0.226547,0.290344,-0.00753807,-0.264935,-1.02868,0.961416,0.248626,-0.114643,0.00518562,-0.0821491,0.351308,-0.0733951,-0.0961197,0.0349086,0.156289,-0.0393685,0.0666233,0.369865,-0.0256987,-0.205511,-0.103615,-0.186913,-0.0695142,-0.520311,-0.701781,0.779797,0.305189,-0.218625,-0.104047,0.134896,0.472201,-0.0340707,0.0344617,0.0419677,-0.00766792,0.00532625,-0.0105573,0.327805,-0.0565862,0.0645921,0.267124,0.0493485,-0.0844398,-0.151572,-0.715297,0.758726,0.324236,-0.0754179,0.0364302,0.19914,0.619931,-0.148659,-0.0193711,0.0677199,0.206447,0.105785,-0.125047,0.457135,0.143175,-0.0566643,-0.171755,0.0805945,0.0511169,-0.0529612,-0.466413,0.511558,0.00101227,-0.181858,-0.139485,0.109538,0.587609,0.057959,0.0187488,-0.0458442,0.0596822,0.34501,0.113657,0.430339,-0.175165,-0.383312,-0.133614,-0.0786201,0.140065,-0.0413255,-0.365368,0.397677,0.284665,-0.167244,0.164068,-0.0254671,0.431149,0.125241,0.111416,-0.103111,-0.103416,-0.020367,0.188488,0.247996,-0.0300671,-0.571038,-0.290689,0.00039343,-0.0848643,0.0108821,0.0786764,0.213633,-0.0803346,-0.102175,-0.00025077,0.0996658,0.487155,0.451283,-0.0570845,-0.0841659,0.0646669,0.271347,0.0067346,0.230959,-0.0458307,
0.125137,0.0271375,-0.151043,0.274042,-0.00116646,-0.369226,-0.0290742,0.0469224,0.0233022,0.119702,0.00367688,-0.112342,-0.0323073,0.178164,-0.0891493,-0.093191,0.221366,0.284657,0.104347,0.167866,0.231371,-0.00754278,0.156153,-0.186281,0.0429898,-0.270288,0.00223772,-0.00741307,0.109939,-0.177599,0.0895325,-0.0880628,-0.132657,-0.103343,0.0397652,-0.0420757,0.0961765,0.364217,-0.0773294,0.0469552,-0.00967792,0.237295,0.275962,-0.123369,0.172839,-0.279644,-0.124606,0.10162,0.0281708,-0.154576,0.0799539,0.250046,-0.0940306,0.240954,0.0974005,0.153736,-0.0171638,0.323539,0.0527628,0.0599828,0.069908,0.0144338,-0.0121172,0.0628665,-0.245073,-0.287279,-0.0131217,-0.0560012,-0.0397932,0.0757991,-0.118749,-0.236729,-0.209583,0.0301202,0.0318687,-0.126801,-0.0159676,0.228236,0.0661558,-0.0213364,-0.118137,-0.231458,0.0658528,-0.0533476,-0.0886492,-0.238054,0.0124765,-0.0186245,-0.0250565,0.0394273,0.0966538,-0.247961,-0.114271,-0.0932675,-0.166416,0.0918783,-0.105499,0.244585,0.0555552,0.161091,0.0346254,-0.296076,0.0533613,-0.143866,-0.0525802,-0.14333,0.127854,0.0708498,-0.0580543,0.144295,-0.145193,0.0901566,-0.0738578,0.0653395,0.0490089,-0.136413,0.13142,0.472328,0.0347935,-0.176171,0.128082,-0.0542535,0.0399167,0.0552807,-0.124082,0.14612,-0.0544585,-0.0243249,-0.119327,-0.00153935,0.0654273,-0.1484,-0.0647794,0.0807975,0.0847309,-0.128213,0.150372,0.232337,0.176202,0.0342444,-0.019098,-0.381094,-0.074865,-0.0567487,0.26959,0.164458,-0.200862,-0.328295,0.0289122,0.141985,-0.0231512,-0.00848454,-0.146593,0.00227034,-0.0766894,-0.110531,0.121444,0.0286181,0.178869,-0.0263331,
-0.153702,-0.0207701,-0.140858,0.151919,0.163874,0.0384008,-0.11021,-0.0778287,-0.0554331,0.0639324,0.0281677,0.102451,0.0480761,-0.123535,0.206172,-0.0615688,-0.0807564,0.0783004,-0.00932987,-0.0168351,-0.219484,-0.102679,0.114632,-0.0375403,-0.0380957,0.0312098,-0.123917,0.109623,0.0316931,0.228355,-0.186974,0.141677,0.0912907,-0.0198608,0.182163,0.0618348,0.0756009,-0.107636,-0.188726,0.0314041,0.0157964,-0.00137363,0.227137,0.081371,0.139433,0.208515,0.0648384,0.159633,-0.197816,0.0244251,-0.103481,0.11311,-0.0806953,0.0252007,-0.0237469,-0.126719,0.29464,-0.283914,-0.00929154,-0.0920866,-0.176997,-0.0537786,0.0549203,-0.222534,-0.108225,0.248172,-0.214441,0.0051432,-0.283593,-0.159919,-0.0903488,0.0223162,-0.0995813,0.253352,0.0244989,-0.0602814,0.123926,-0.0302497,0.0542665,0.0412975,0.126997,-0.112295,-0.07629,-0.125079,0.092177,0.0570318,-0.18435,0.0383104,0.0963807,0.111873,0.0345044,-0.0675646,-0.0386285,0.0272946,-0.0354602,0.056202,0.154461,-0.0953576,-0.0640131,0.0321975,0.0862615,-0.0507917,-0.302057,-0.256819,0.11393,0.167818,0.018881,0.107849,-0.0711144,0.105164,-0.191827,-0.250501,-0.221235,-0.179219,-0.113808,-0.044233,-0.0405749,0.0954147,-0.0226111,0.101961,0.0454659,-0.159053,0.0305498,-0.0345758,0.0327535,0.143393,-0.0952358,-0.00906034,0.0427488,0.165473,0.00924241,-0.154804,-0.0835142,0.0568195,-0.0510372,-0.111753,0.128688,-0.0660036,-0.274709,-0.168097,-0.0803324,-0.212852,-0.285999,-0.353508,-0.0132104,-0.0464259,0.272477,-0.0380791,0.10927,0.127287,-0.222176,-0.274185,-0.213631,0.0384479,-0.0534869,-0.0465743,0.178549,0.046123,0.0103572,-0.0716271,
-0.0568392,0.0725246,0.000898924,-0.00193604,-0.141058,0.0982163,0.100104,-0.00990414,0.00393984,-0.0164491,0.00539442,0.0367742,-0.128923,0.109376,0.108657,0.0323542,0.0279291,-0.184213,-0.286844,-0.0808738,-0.21247,-0.253859,-0.096981,-0.0222593,-0.115128,-0.0400013,0.052565,-0.0330081,0.0376783,0.183485,0.0357285,-0.0311628,0.240536,0.100558,0.158473,-0.0926475,-0.102728,0.0279752,-0.0689949,-0.137762,-0.15718,-0.0913124,-0.030273,-0.0906703,-0.0641686,-0.074346,-0.0539067,-0.0757741,-0.0105802,0.121087,0.113272,-0.0614701,-0.0658435,-0.0100214,-0.283446,-0.30156,-0.207765,0.00559729,0.00711815,0.0430006,0.0669653,-0.183528,-0.157148,-0.167888,-0.173594,0.0827775,-0.0483579,0.0358593,-0.0560617,0.0932442,-0.21134,-0.0326216,-0.0788577,-0.126254,0.0958649,-0.0964464,0.0494722,-0.0608634,-0.0794149,0.0747344,0.1074,-0.0866718,0.235107,-0.224387,-0.00773054,-0.0469466,-0.0493797,0.093378,0.112894,-0.175866,-0.0587736,-0.0707849,-0.00295175,-0.0849481,0.0676705,-0.013754,0.247249,0.0491863,0.12314,0.036269,-0.132247,-0.103577,-0.140593,0.118953,0.226571,-0.0513405,-0.040614,0.0992674,-0.0797258,0.163895,-0.0540812,0.00943541,-0.086691,0.0193433,-0.0670254,-0.156854,-0.02164,-0.0355395,0.212281,-0.157767,-0.0513009,-0.166138,-0.0224313,-0.0686273,0.0282098,0.00160179,0.00610152,0.0207789,0.0742629,0.00593251,-0.133363,0.0742872,-0.00596876,-0.129997,0.0122867,0.0546873,0.052209,0.0583133,0.0436432,0.144241,-0.0243889,-0.153573,-0.21807,0.0635999,-0.0528258,0.0315104,0.186343,-0.0495273,0.07194,0.112274,-0.121238,-0.0162011,0.0231731,-0.0266568,0.177711,0.0446999,0.142714,-0.0370887,0.134729,-0.168862,
0.078484,-0.0439818,0.01012,0.0678989,0.01956,-0.00414578,-0.0941275,-0.0321152,-0.170198,0.224374,0.202608,0.0175479,-0.0368516,-0.0376607,0.142197,0.020292,-0.0380077,0.214901,0.118911,-0.0453571,0.0056063,-0.0440627,-0.0262213,-0.0862974,-0.0742965,-0.0674842,-0.0355095,0.010935,0.0571714,0.125341,-0.0822889,-0.0213626,0.208795,0.11256,-0.0636588,0.149917,0.261069,0.174081,0.093202,-0.0456712,-0.17717,0.150252,-0.0258403,-0.0200553,-0.105511,-0.174657,-0.0367132,0.0861977,0.0752917,0.0678218,-0.0831208,-0.0118567,0.0268043,0.151298,0.0128289,0.0138482,-0.0161444,-0.178827,0.177018,0.146114,0.142994,-0.0712923,0.00455279,-0.109949,0.0916037,0.0748461,-0.138945,-0.107596,-0.0233477,-0.0113866,-0.0981241,-0.0588194,0.0319668,0.0645755,0.103114,0.0873603,0.239135,0.0475504,0.147192,0.0520537,0.0456563,-0.159362,0.0931642,-0.312779,-0.227796,-0.0494671,-0.117507,-0.0684403,0.0975495,0.135643,0.286468,-0.0359456,-0.0561233,-0.044979,0.0245659,-0.304133,-0.0273835,-0.0546438,0.0208118,-0.0663144,0.212884,-0.0765185,-0.0582803,-0.0565696,0.0818008,-0.0918379,0.0967401,-0.109887,-0.0129746,0.0356261,0.104855,-0.0479498,-0.0356603,0.0308151,0.128252,0.175742,0.0336248,-0.0157803,-0.0621703,0.0889185,0.0372715,0.0432619,-0.134549,-0.00502653,0.149195,-0.0088208,0.00388347,0.0494424,-0.0916207,-0.0250244,-0.0143657,-0.180692,0.0245372,-0.0624163,-0.0231725,-0.265637,-0.129282,0.0420198,-0.12207,-0.0230311,-0.0550889,-0.021925,-0.12217,0.042125,-0.00157665,0.17311,0.00955969,0.127307,0.0394223,-0.073118,-0.0493078,0.0247178,0.131596,0.0366654,0.030998,-0.270945,-0.0609738,0.128851,-0.0147164,0.0676095,
0.130189,-0.0515233,-0.160741,0.0407588,0.0696819,0.0675108,-0.160783,-0.0787532,0.11979,-0.289901,0.169036,0.0398744,-0.234505,-0.0848504,0.0404111,0.161291,-0.120146,0.210398,0.183896,0.0583334,0.0263133,-0.0711635,0.0374627,-0.203628,-0.0238589,-0.156539,0.159938,-0.267028,0.118818,-0.286661,0.0327617,0.0691946,0.0135511,0.136944,0.0480601,0.0464453,0.0958229,-0.147764,-0.112344,-0.0804827,0.00170356,0.033519,0.00658397,0.0374941,-0.181495,-0.168274,-0.00978101,-0.0605491,-0.110432,0.109273,-0.200452,-0.23866,0.033295,0.105396,-0.0665741,-0.245155,-0.298257,-0.0609969,0.168225,0.175328,-0.101575,-0.0894651,-0.0963559,0.139543,0.115178,0.108837,-0.0873619,-0.207966,-0.154405,-0.0504307,-0.0719644,-0.00811605,0.197849,-0.036172,0.0969252,-0.247758,0.0785831,0.0866398,-0.0680354,-0.145994,-0.148133,-0.051405,0.0449017,-0.0725035,-0.171728,-0.210823,-0.139112,0.0732122,-0.0962331,0.135066,-0.13225,-0.0583568,-0.0351892,0.171808,0.016929,0.00104349,0.113656,-0.0849388,0.0103382,0.0780098,-0.158794,-0.139361,-0.0757794,-0.0678581,0.0422932,0.0513468,-0.108047,-0.00813954,0.0475468,-0.0870168,-0.0226192,0.0733372,-0.00180048,-0.0956915,-0.0046199,0.036233,-0.0983966,-0.00434262,-0.0732504,-0.0412635,0.0126692,-0.0276703,-0.033216,-0.131861,-0.0877711,0.13405,0.0983116,-0.116749,0.32988,-0.380555,0.140777,0.185095,-0.137174,-0.0052671,0.00821105,-0.0671405,-0.0385452,-0.189828,0.0238033,-0.0553239,-0.0352354,-0.0882497,-0.191819,-0.105175,-0.0905916,-0.0901924,0.0392997,-0.107185,0.20042,-0.0725052,-0.0473926,0.0252984,0.118154,0.0629929,0.174102,-0.177697,0.00761686,0.0643342,0.039662,-0.0274951,
0.073721,-0.0798595,-0.159969,0.0704468,0.0968837,0.170501,-0.235769,-0.0366681,-0.0682573,0.112205,-0.0192599,-0.104316,0.0210004,0.152748,0.127476,-0.120375,-0.00369624,-0.305893,-0.00950085,-0.256582,0.0405863,-0.308898,-0.0433459,-0.0406848,0.0460792,0.185191,-0.15619,0.0364663,-0.170389,0.213047,0.09873,-0.207216,-0.0457509,-0.0775187,0.0877348,-0.206633,-0.0302963,-0.115149,-0.00730836,0.0354106,0.0159339,-0.101867,-0.0777609,0.00171546,-0.0158135,0.325658,-0.345166,0.0834344,-0.00921754,0.0988807,0.0492011,0.0511121,-0.186989,0.110761,0.0138463,-0.0529876,-0.210657,0.144543,-0.0740265,0.00899846,-0.00251345,-0.310689,-0.0128602,-0.0908898,0.080903,0.044345,0.0135831,0.298074,0.176413,0.113861,0.0423544,-0.172426,0.0144324,-0.00326354,-0.0414557,0.0265224,-0.155821,0.0518421,-0.00145963,0.105243,0.0776424,-0.142024,-0.109098,-0.0181041,0.11205,0.124328,-0.424099,0.172393,-0.268056,0.408888,-0.0136322,0.0430424,-0.207519,-0.135609,-0.0129633,0.219606,0.0149933,-0.0610607,-0.0621224,0.0218862,-0.208438,-0.0258238,0.0717319,0.0249712,0.0503647,0.0184806,-0.14022,0.15769,-0.218539,0.133617,0.00254775,0.0144826,-0.0745456,0.000397972,-0.0352269,0.0275553,-0.195102,0.00633621,-0.0596515,-0.00455052,0.171743,-0.0413891,-0.227221,-0.177303,0.0261079,-0.00390458,-0.0575684,0.132324,-0.0892955,-0.00497818,0.0135374,0.0419891,-0.021981,-0.209213,0.060724,0.0283629,0.026498,-0.0344209,-0.119291,0.0304279,-0.0919329,-0.0578627,0.00876037,-0.118051,0.00864737,-0.0439464,0.0411272,-0.0239744,0.0194294,0.0652761,-0.0939641,-0.031403,-0.0668082,0.101457,0.00949948,0.167856,-0.0694854,0.0434394,-0.0814888,-0.0583251,
-0.0182787,0.108286,0.0190416,-0.123003,-0.0445189,-0.588038,0.329049,0.345563,-0.090502,0.026031,-0.0050274,-0.176606,0.0783812,0.0699143,-0.0263147,0.0637905,-0.17363,0.19799,0.0871405,0.0694279,-0.0062194,0.242893,0.0983177,0.0180606,-0.153569,-0.145222,0.316353,0.247523,-0.081309,0.062805,0.0385184,-0.0337379,-0.168652,0.0304557,-0.0722462,-0.151106,0.0101106,0.0945985,0.166376,0.142592,-0.131203,-0.0162212,0.199385,-0.190201,-0.0320668,-0.251717,0.379877,0.215683,0.0291483,-0.189104,-0.0194979,0.119817,0.118225,-0.0713514,-0.0976935,0.139966,-0.0831732,0.0274272,-0.057811,0.0879857,-0.167148,0.137761,0.135339,-0.184554,-0.123802,-0.268858,0.430769,0.115892,-0.0720184,-0.10395,0.0618666,0.151842,-0.0339554,0.122361,-0.0207443,0.174468,-0.0939509,0.155202,0.137994,0.121988,-0.0451354,-0.124832,0.0734245,-0.0341,0.0296928,-0.219947,0.0421134,0.131521,0.112767,-0.215649,-0.14748,0.124556,-0.0765365,0.0226315,-0.0664694,0.0135586,-0.0384857,-0.0680933,-0.0336828,0.00984079,-0.00872313,-9.97372e-05,0.0324241,-0.030863,-0.0369353,-0.040324,0.307631,0.154471,0.0339033,0.0101457,0.21423,0.184877,0.0099052,-0.0166828,-0.00329562,-0.099786,-0.0161606,-0.118099,0.0880854,-0.0517004,-0.227042,0.0545496,0.102813,-0.120952,-0.0112173,-0.036302,0.155113,-0.0796178,-0.0776776,-0.275655,0.0728797,0.277749,-0.0410694,-0.087557,-0.101965,0.109927,0.0922936,0.226013,-0.0826115,-0.0845454,-0.0224191,-0.271142,-0.0479419,0.0434936,-0.0664277,0.0687724,0.0679099,-0.0258561,-0.221945,-0.0783995,0.0682656,0.420226,-0.0528747,0.104959,-0.122498,0.0407332,0.256399,0.294777,-0.035103,0.0772964,
0.292319,-0.0161171,0.203991,-0.0666281,0.0106455,-0.118529,0.0717762,0.0585055,-0.0471526,0.00931695,0.0306434,-0.248113,-0.0491131,0.00415776,0.0711906,0.291373,0.155031,0.0547385,0.308731,0.0603823,0.19081,-0.0250327,0.0594235,0.0812057,-0.0111643,-0.250162,0.239721,-0.0815625,-0.113258,0.0374329,-0.0282254,0.0362947,0.0585051,0.17124,0.0622157,-0.133477,0.19111,-0.152682,-0.0340461,-0.0270249,-0.138623,0.0227682,0.0106695,0.0574729,-0.0435614,-0.188545,-0.0486478,-0.114088,-0.0703882,-0.0297403,0.246215,-0.0894561,-0.0610659,-0.243798,-0.0817017,-0.204663,0.148119,0.0273297,0.0524733,0.0403137,0.149214,-0.038979,-0.0717665,-0.0831555,-0.170702,-0.081648,0.0268811,0.0264879,0.0409733,0.0422,0.0869737,-0.0563365,0.0817106,-0.108193,-0.125059,-0.130991,-0.00557638,0.0570994,0.0346633,0.0165782,0.00821309,-0.049228,-0.0100485,-0.0660132,0.00545853,-0.200966,0.0264099,-0.0288598,-0.112981,-0.0736622,0.0454972,0.130763,-0.0924841,-0.0173089,0.232995,0.092642,-0.0876529,-0.120123,-0.0653077,-0.131746,-0.296258,0.051866,-0.146651,0.152138,0.0830073,0.0509496,-0.0541524,0.204386,0.0359368,0.0125258,-0.113049,0.116518,0.0662602,0.01921,-0.18763,-0.116651,-0.199493,-0.312962,0.0102345,0.11601,0.0169831,0.106579,0.152866,-0.03797,0.0884064,0.0281467,0.0851357,0.138044,0.0346568,0.163593,-0.101932,0.00614608,-0.0318198,-0.0531005,-0.163818,0.091851,-0.217955,-0.161894,0.11013,-0.122374,-0.0609349,-0.0402812,-0.117237,-0.170221,0.0519643,-0.0296597,0.112266,0.10559,-0.0469365,-0.0205233,0.0615004,0.0291913,-0.0861128,0.0236001,0.00298008,0.18846,-0.00666579,-0.143836,-0.0125415,-0.0904681,
-0.0908519,0.0992357,0.116932,-0.0763735,-0.413377,-0.593165,0.374715,0.241421,-0.0498619,0.0901629,-0.100997,-0.212336,-0.00684459,-0.0474691,-0.176912,-0.0491482,-0.230094,-0.157628,0.0940729,0.161044,0.0873428,0.114757,0.0650684,-0.105128,-0.514417,-0.434648,0.237822,0.171416,-0.0353774,0.0264959,-0.120532,0.120465,-0.0416994,-0.0235139,0.0031613,-0.0861765,0.0635834,-0.173448,-0.0566969,0.120018,0.102067,0.14532,0.0969793,-0.151553,-0.269119,-0.747651,0.190177,0.103454,0.237865,-0.149217,-0.029055,-0.140894,0.0474006,0.0581108,0.0519995,-0.0418847,0.0883013,-0.00170363,-0.00859142,-0.158388,-0.0746215,0.143233,0.201269,0.109048,-0.342037,-0.43716,0.244904,0.136677,0.0413769,-0.00871185,-0.235529,0.136659,0.164508,-0.0635168,0.105194,0.00220655,0.122229,-0.246969,0.0881415,0.0374661,-0.214286,0.0675623,0.158597,-0.037128,-0.130073,-0.425278,0.224002,0.0720918,-0.0681424,0.216846,-0.0474614,0.0947224,0.107636,-0.160255,0.168005,0.0534935,0.0433028,-0.00358224,-0.0139353,0.0474243,-0.219617,0.147753,-5.256e-05,-0.00438965,-0.0959955,-0.44351,0.0574001,0.108985,-0.136283,0.0864707,-0.177829,0.230272,0.232902,0.126292,0.0555357,-0.00233028,-0.125824,-0.0988165,-0.14991,-0.0104474,-0.201362,0.0915344,0.133247,-0.0337392,-0.232261,-0.261147,0.111422,0.0366599,0.0272826,0.227577,0.0336451,0.088251,0.16823,-0.100852,0.11444,-0.185986,-0.086203,-0.033873,-0.0130569,0.21594,-0.236822,-0.0630078,-0.0896126,-0.0695354,0.124017,-0.172923,-0.0256388,0.0271711,-0.0860472,0.126554,-0.0213372,0.168134,0.258705,0.266203,-0.0270141,0.042255,-0.313475,-0.178338,0.0101116,-0.168128,
-0.150728,-0.0156343,0.0077264,0.0646808,0.174189,-0.0523899,-0.133678,0.0643543,0.0958374,-0.218707,0.358607,0.145311,-0.00380669,0.00486891,0.175372,-0.157024,0.150153,-0.115355,0.0669575,-0.0550739,-0.190081,-0.0325363,0.00427497,-0.171721,0.0827118,-0.0104989,-0.214132,0.162653,0.18586,0.00302508,0.188384,-0.0928122,-0.161806,-0.112527,0.047494,-0.172269,-0.137026,0.115822,-0.0375763,0.0944842,-0.123724,0.116379,0.0496378,-0.019306,-0.0618427,0.07669,-0.0248542,-0.0404411,-0.0241056,0.0655052,-0.0542964,-0.0332654,0.0336496,0.179288,0.230818,-0.138145,0.048519,-0.0511101,-0.1173,-0.0468176,-0.056085,0.142783,-0.0766997,-0.169925,-0.107264,0.0191374,-0.0401436,-0.140002,-0.0233706,0.0247041,0.0194521,0.00205126,0.0718295,-0.0705014,-0.0362574,0.0194483,-0.121038,-0.0668912,0.0847085,0.13975,-0.0637916,-0.0147725,-0.0204177,-0.132633,-0.145859,0.135292,-0.0887601,-0.0416534,-0.0342873,0.0481197,-0.167312,-0.0856436,0.144173,0.0516307,0.109013,0.200604,0.156193,0.0560269,-0.135841,0.0700489,-0.0848938,-0.0982973,0.0897625,-0.14171,0.0749592,0.0823921,-0.132881,-0.0119558,0.00306762,-0.0534391,-0.00782328,0.0869205,-0.143113,0.00797909,0.0579943,-0.0168496,0.069096,0.105481,0.197863,0.00209236,-0.076358,-0.186553,-0.234867,-0.183331,-0.0477079,-0.058077,-0.00651284,0.0144761,-0.19076,-0.123761,-0.0011917,-0.0598553,-0.068279,0.103251,-0.17767,-0.133174,-0.0495787,0.0736387,0.0346015,0.0153332,0.0347108,-0.124976,0.097541,-0.0184804,-0.0914191,-0.038851,-0.129358,0.138211,-0.0332881,0.112945,0.0306563,-0.0802839,-0.0422366,0.200716,-0.0489708,-0.0428826,-0.15852,0.141363,0.128797,-0.0572961,
0.0608965,0.232417,0.205476,-0.122489,-0.170826,-0.635512,0.221941,-0.0165242,-0.000229277,0.0163582,-0.00794216,-0.354011,-0.238974,0.0482814,-0.146613,0.14283,0.0501752,0.291345,0.189975,0.0226569,0.0838941,0.183904,0.0862542,-0.0588575,-0.324361,-0.421707,0.216306,0.221543,-0.0865216,0.0308688,-0.0464056,-0.131589,-0.0470609,-0.0512408,-0.0878031,0.172727,-0.0812736,0.262843,-0.203887,-0.241872,-0.0588594,0.211468,-0.0411689,-0.305984,-0.0960442,-0.57982,0.264866,0.18233,0.07947,-0.105814,-0.033731,0.0229431,0.0924081,0.0886867,0.0254549,-0.0060308,0.20724,-0.0901799,0.0953281,-0.162521,-0.034373,0.103992,-0.185232,0.0188921,-0.0957434,-0.415637,0.380654,-0.104174,0.112543,0.15376,-0.0590931,-0.0130391,-0.0940908,-0.173181,0.187199,0.053172,0.0509291,0.151418,0.290364,0.0851248,-0.0797317,0.0561408,0.00117001,0.081784,-0.254994,-0.250869,0.426538,0.031251,-0.131076,-0.0454284,0.1411,0.0583572,0.13575,-0.2106,-0.0706568,-0.139299,0.0185656,0.0886342,0.0278996,0.00640582,-0.129004,0.0563456,0.0353929,-0.0211991,-0.102244,-0.301181,0.188508,-0.126868,-0.167028,0.0591495,-0.0248397,0.181425,-0.12009,0.0354525,-0.0287121,-0.105535,0.141042,-0.0689436,0.0655651,0.0286255,-0.0922935,-0.0664907,-0.0432055,-0.0820373,-0.0227317,-0.0978001,0.333421,-0.0618137,0.0406325,0.103605,-0.0971796,0.242431,-0.0661727,0.11985,-0.102744,0.233532,0.20816,-0.13707,0.217951,0.130923,-0.197069,0.268555,-0.0573438,0.198533,-0.00861132,-0.0649563,-0.104761,0.19672,-0.00892085,0.121048,0.165829,0.131945,0.0384959,-0.0377729,-0.0690985,-0.0261977,0.152749,-0.111248,0.0697082,0.0585083,
-0.043934,-0.0763964,-0.0656252,-0.0310927,0.0942074,-0.0728315,0.13788,-0.0354147,0.107831,-0.122678,0.204245,0.0671669,0.0968836,0.035705,0.0124815,-0.212566,0.111129,0.176928,0.326359,0.0130857,0.0476292,-0.00536195,-0.157302,0.107246,-0.134036,0.0868577,0.166846,0.105312,-0.0159469,-0.270699,0.0481625,-0.0113787,-0.151952,0.153702,-0.00650711,0.0155273,0.074819,-0.122554,0.205419,-0.0734638,-0.0978993,0.00802825,-0.43065,-0.0705095,-0.060595,0.0889285,-0.105849,0.108102,-0.0693612,0.0423513,0.122016,0.216177,0.0540218,-0.162926,-0.207017,-0.0973318,0.00581135,0.159823,0.188933,-0.0393468,0.0758122,-0.17647,-0.0822639,0.125476,-0.029022,0.0851441,0.00515994,0.172532,-0.105446,0.109279,-0.00933118,0.0651698,0.102573,0.0460473,0.0850246,0.0459915,0.139171,-0.119023,-0.0167985,-0.142168,0.0305432,-0.13611,-0.0159806,-0.0627144,-0.0129235,0.0330448,0.0852127,-0.153781,0.0873708,-0.582021,-0.0114312,0.126539,-0.113529,0.0926522,0.0430015,-0.0225731,0.246518,0.00406441,-0.0256977,0.0176065,-0.0482948,-0.225569,0.0256145,0.0670738,-0.0871264,0.0014532,0.0822189,0.0819884,0.298167,0.0276903,0.0488989,-0.138657,0.164415,0.082776,-0.0366203,0.0408511,0.150473,-0.210998,0.170642,-0.182129,-0.061209,-0.12811,-0.134997,-0.122267,0.141707,-0.0547228,0.18518,-0.0957261,0.040812,0.187863,-0.0762257,0.177394,0.0227632,-0.0447242,0.0952319,0.134083,0.0530615,-0.0906713,-0.0404521,-0.140144,-0.0284779,-0.082239,0.0143354,-0.0373815,-0.0379672,-0.00416557,-0.065018,0.140319,-0.167743,0.071897,0.0860649,-0.0750555,-0.0589771,0.0548646,0.0583127,-0.0977718,0.0358746,-0.0621582,0.158306,-0.0416999,
0.249693,0.348873,0.218826,0.155264,-0.496943,-1.04842,0.599285,0.416638,0.0849536,0.129193,-0.132252,-0.597935,-0.0731197,0.106058,-0.0300925,0.00478842,-0.0806855,0.170028,0.0106284,0.0649731,0.185228,0.343285,0.098365,-0.0126158,-0.393719,-0.666877,0.365689,0.327369,-0.206486,-0.103787,-0.105119,-0.281827,-0.18042,0.107913,-0.00685207,0.202037,0.0574945,0.116493,0.00200541,0.0814618,0.196795,0.187347,0.104963,-0.122096,-0.219109,-0.736214,0.243301,0.396466,-0.0480071,0.157801,0.0582524,-0.0521659,0.030425,-0.0628176,-0.000593073,-0.0343064,-0.084976,-0.184102,-0.197454,-0.0641348,0.0525866,0.132226,0.0165295,-0.0465427,-0.0155016,-0.525729,0.431989,0.267929,-0.143826,-0.0156613,0.132144,-0.0121782,0.123873,-0.0669754,0.0705511,0.22179,0.0500274,0.135702,-0.104631,0.237289,0.232196,-0.155045,0.00878345,-0.0984243,-0.0492772,-0.283011,0.202827,0.34391,-0.133299,-0.000277205,-0.0356763,0.0613731,-0.093141,-0.0625264,0.0111807,0.0245433,0.170166,0.0358186,-0.120099,0.096278,-0.108969,0.0401602,0.188785,0.207992,-0.0743673,-0.0233193,0.0242672,0.167738,-0.115942,-0.0187263,0.0352034,0.0406646,0.150944,-0.141516,0.140838,0.159022,-0.0376738,0.286928,-0.138157,-0.124411,-0.0117287,-0.0648005,0.111041,-0.0916757,-0.00658533,-0.0810928,0.043124,0.192987,-0.0505037,0.0394842,0.0826976,0.22472,0.198236,0.163448,-0.0150912,0.0121967,-0.185327,-0.151149,0.170092,0.0103752,-0.179041,-0.332942,0.0730356,-0.0548575,0.0737257,0.230884,0.050458,-0.066768,-0.0983618,0.0525104,0.129905,0.143425,0.129163,0.212833,-0.0453207,-0.0272327,-0.0338521,0.0300576,-0.12631,-0.124486,
-0.216665,0.0386354,-0.097383,0.0422638,-0.138305,0.0776589,-0.0120173,-0.0195007,0.0245218,-0.00138926,0.139448,0.0889382,-0.00544844,0.0121453,-0.191233,0.0372406,-0.153787,-0.0769673,0.076327,0.118282,-0.159531,0.10249,-0.163009,0.05807,0.0256031,0.064493,0.0374226,-0.174384,0.100484,0.14548,-0.136168,0.100664,-0.0757372,-0.120369,-0.0361846,-0.0164007,-0.144808,0.0520193,0.188319,0.00879387,0.104647,-0.0589315,0.146251,-0.139835,-0.123062,-0.121614,0.0891181,-0.00890179,-0.0484059,-0.0523592,-0.0122636,-0.0451244,0.081948,-0.0746826,-0.0353195,-0.0790739,-0.00662573,-0.18799,-0.137578,0.0521698,0.0734771,-0.0722185,-0.026325,-0.073875,-0.202436,-0.0921428,-0.146874,-0.297285,-0.137347,0.00275617,0.00414468,-0.0819073,-0.128444,-0.000388707,-0.181156,-0.0264476,0.0663337,0.0566579,0.0886525,0.132231,-0.0012127,-0.0043205,-0.189679,-0.150426,0.164613,-0.0281969,-0.00744465,0.0782868,-0.00578892,0.0761609,0.0305846,-0.0200383,0.0641016,-0.0710447,-0.0273705,-0.0469284,-0.104214,-0.247941,0.201967,-0.034496,0.176817,-0.173226,0.191913,-0.129207,-0.0505106,-0.0920886,-0.237072,-0.0904298,-0.0416101,-0.0214596,-0.0695176,-0.13656,-0.16193,0.162417,-0.0848448,-0.169803,-0.127907,-0.108914,-0.127561,0.035294,0.0205261,-0.119754,-0.094192,-0.12044,-0.0260581,-0.0786093,-0.0842557,-0.161741,-0.0122463,0.0743155,-0.178433,-0.159673,-0.0715593,0.221005,0.0581186,0.100506,-0.118207,0.0163248,0.112862,0.289978,0.00326975,0.135346,-0.0982336,-0.00286972,-0.147172,0.154397,-0.000449292,0.0295092,0.0601709,0.156447,-0.222162,0.0128328,0.0561358,-0.0243326,-0.0562172,-0.115816,0.00451181,-0.100844,-0.0974456,-0.123484,
0.115794,-0.0948401,0.010357,-0.0729006,0.172399,0.520072,-0.166863,0.00545749,-0.143772,-0.0969289,-0.225992,0.0235296,0.102934,0.081422,-0.0110535,0.0134162,-0.402723,0.115239,-0.218113,-0.0354192,0.0612826,-0.0580428,-0.169043,0.0915854,-0.0737326,0.356837,-0.267761,-0.0294683,-0.111773,0.175551,-0.045564,0.110136,0.122591,-0.0616807,-0.124757,-0.064369,-0.324595,0.0269195,-0.0227618,0.0956547,0.163974,-0.0569503,-0.0638312,-0.0647303,0.179345,0.349692,-0.15986,0.0229234,0.135618,0.173706,-0.0850965,0.0997846,-0.0186011,-0.00183814,0.134489,-0.144635,-0.220025,0.0177534,-0.300869,-0.263457,-0.148993,-0.279123,-0.0166701,-0.430504,0.0261984,0.271307,-0.287546,-0.0963641,0.0020966,0.0638687,-0.0144187,0.0848816,-0.209525,-0.178463,-0.0371715,-0.114838,-0.329762,0.293111,-0.158591,0.184772,-0.0610795,-0.0318669,-0.109311,0.0404807,0.130443,0.241666,-0.0378117,0.118002,-0.178153,-0.0199237,-0.119759,0.157835,-0.0794152,0.089347,0.0713336,-0.0942292,-0.422475,-0.133856,0.026938,0.0178402,0.0403904,-0.0934053,-0.259189,-0.0247865,0.0863796,0.15228,-0.0124569,0.101511,0.101571,0.143028,-0.0505657,-0.0749427,-0.0522995,-0.0339364,-0.0406764,-0.0180981,-0.349902,-0.0592052,-0.0622905,0.186171,0.0402861,0.178428,-0.192061,-0.102934,0.0966873,0.0489624,-0.0830842,0.310142,-0.113425,0.0379696,-0.240585,-0.0366974,-0.0965033,0.057913,0.0412063,-0.198923,-0.435816,0.0673323,0.0350379,-0.0897269,-0.0882693,0.0665787,-0.0948203,0.00753896,-0.0477112,-0.24027,0.0794478,0.19182,-0.0650249,0.00423716,-0.224079,-0.21413,-0.294219,0.0148933,0.0999136,0.000114734,-0.387951,0.0639918,-0.141901,-0.0581779,
-0.136185,-0.0285162,-0.0569129,-0.201439,0.192505,-0.102102,0.065708,0.0328695,0.0495583,0.00145737,0.177042,-0.0304622,-0.182821,0.0953978,-0.02747,-0.191457,0.242048,0.159516,-0.0104271,-0.0135334,-0.0611242,-0.0946503,-0.163448,0.252234,-0.186095,-0.164881,-0.12196,-0.0514343,-0.0130002,-0.205938,-0.118896,0.0701304,-0.260302,-0.0366647,-0.00817599,-0.0531882,-0.013704,0.0599927,0.0323499,-0.250302,-0.0618842,-0.0201137,0.0458016,0.160475,-0.16514,0.087842,-0.207523,-0.0407991,0.0917117,-0.0803539,-0.227707,0.117029,-0.0713103,-0.0665672,0.0936555,0.00795607,0.114471,-0.0310917,-0.0572041,-0.0996329,-0.123117,-0.148725,-0.0816102,0.0742563,-0.017327,-0.0322851,0.00470893,-0.136241,0.202747,0.0993727,-0.0690676,-0.0484823,0.0422689,0.163031,0.0315959,-0.0971051,-0.0685402,-0.217737,0.00237555,-0.126308,0.106439,-0.0434056,0.0734925,0.0773574,0.111994,-0.0211455,0.172698,0.143221,-0.0913438,0.245476,-0.00723521,0.145092,-0.061832,-0.189589,-0.109265,-0.220441,-0.033702,0.018826,0.0337419,-0.210354,0.0874587,-0.0115244,0.139128,-0.126568,0.00495767,0.0195591,0.00431316,0.14752,-0.0879864,0.0035626,-0.00717951,0.0553665,0.00956949,0.0802177,0.00488421,-0.0255983,-0.283451,0.0631875,0.0194293,-0.077106,0.0498064,-0.0395348,0.191357,-0.125402,0.0870823,-0.0432092,-0.127201,-0.165902,0.157101,0.2381,0.10681,-0.110274,0.096808,0.175187,0.0247298,0.00610907,-0.0453401,0.0849244,0.0452044,-0.0113559,0.124355,-0.162385,-0.0293319,-0.106294,-0.0935881,0.0110755,-0.209316,0.047641,0.0596764,0.170269,0.310112,0.0622145,0.0648904,-0.102761,-0.10878,-0.13078,0.122473,0.056933,0.0216893,-0.0849439,
0.194723,0.523981,0.0839867,-0.322845,-1.16068,-2.13712,0.832583,0.539197,0.180417,-0.355548,0.201383,-0.459391,-0.491285,-0.00441207,0.0319045,-0.150909,-0.156736,0.438079,0.358635,0.0959714,0.151938,0.670955,-0.0172692,-0.379359,-1.10699,-2.30208,0.767065,0.438731,-0.0619917,-0.0597859,0.143815,-0.401539,-0.315241,0.0823257,-0.146767,-0.0205083,-0.130617,0.222556,0.260605,-0.00349969,0.0215566,0.580276,-0.0497332,-0.264624,-0.915541,-1.79804,0.701691,0.212147,-0.0785767,0.0515149,0.198751,-0.145087,0.0404157,-0.0223823,-0.149944,-0.0229573,0.0832666,0.231714,0.195996,0.0768042,-0.217201,0.751819,0.158921,-0.239466,-0.759189,-1.5709,0.857391,0.0983044,-0.212432,-0.0466698,0.222812,-0.0229648,-0.110841,-0.0661147,-0.0116831,-0.0556493,0.0983203,0.0740299,-0.0791615,0.110492,-0.265362,0.404269,0.100927,-0.197112,-0.892553,-1.25482,0.466861,0.0359585,-0.421725,0.321266,-0.0997057,0.129549,0.0605323,0.079381,0.0676812,-0.0789793,0.0325412,0.0657111,0.0582633,0.0101865,-0.194372,0.567311,-0.139959,-0.264204,-0.415508,-1.10538,0.611894,0.00594297,0.0812234,-0.113544,0.237911,0.171766,0.0650632,-0.0602847,0.0652678,0.147642,-0.0902162,0.0398804,0.120079,0.0542686,-0.352247,-0.0500167,0.152283,-0.0285,-0.325205,-0.847596,0.232546,-0.206328,-0.0412205,0.00525644,-0.199599,0.291731,-0.153373,0.0438394,0.0186328,-0.0925483,0.169711,0.218617,0.0611553,-0.0339834,-0.289172,-0.00442093,-0.214409,0.179635,-0.113107,-0.593016,0.267945,-0.564462,-0.251867,-0.0154457,0.000453775,0.559848,0.303247,0.138533,0.102225,-0.0758593,0.10326,-0.00719518,-0.0426923,0.0356548,
0.265257,0.309208,0.150597,-0.25999,-0.588492,-1.57932,0.679352,0.405936,-0.0944648,0.138894,0.0613463,-0.589939,-0.830927,-0.115028,-0.0549205,0.0532363,-0.00950074,1.09156,0.0526853,0.158054,0.187959,0.277378,0.146153,0.0129574,-0.448746,-1.37195,0.794572,0.212693,0.0822121,-0.129326,0.0580643,-0.317328,-0.412228,-0.0535183,-0.0173371,-0.12,-0.163187,0.631097,0.128217,0.0732828,0.108966,0.257809,0.312626,-0.0456019,-0.374045,-1.16397,0.587853,0.107043,-0.0946635,0.135896,-0.203753,-0.242528,-0.197896,-0.155761,-0.188723,-0.0525761,0.228009,0.895836,0.402343,-0.018808,0.172562,0.257546,-0.06919,-0.105148,-0.395439,-0.947327,0.616162,0.127637,-0.0664789,0.0647938,-0.0807282,-0.0816425,-0.211377,-0.107616,0.130057,-0.34101,0.0851918,0.572959,0.22029,0.000908667,-0.0893964,0.286814,0.0808825,0.210604,-0.386419,-0.772079,0.346092,-0.160419,-0.105615,0.140213,0.0819802,0.127566,-0.0672941,0.119981,0.109236,-0.0768459,0.12684,0.580159,0.21262,-0.00782057,-0.124657,-0.0964249,0.0735612,-0.05207,-0.15205,-0.595027,0.225044,-0.0200345,0.0147525,0.0665154,0.038792,-0.0858955,0.0686437,0.108249,-0.109385,0.0966393,0.246549,0.414901,0.126875,-0.110702,-0.270355,-0.119676,0.0778985,-0.0462256,-0.0741414,-0.337127,0.450446,-0.304572,-0.343464,0.0794603,-0.124527,0.25832,-0.0407402,0.0733398,-0.0390036,0.0528383,0.46515,0.272899,0.142489,0.0354494,-0.53752,-0.382468,-0.0680448,-0.0605781,-0.103334,0.235221,0.22745,-0.322014,0.000292419,0.080383,-0.0156223,0.47698,0.221762,-0.0459541,-0.116788,-0.0687992,0.593617,0.463538,0.0342858,0.0583504,
0.0425371,0.497942,0.123671,-0.297303,-0.731675,-1.35613,0.664049,0.319057,-0.250901,0.215286,-0.062563,-0.319187,-0.291656,0.0263698,0.0946013,0.185834,0.181687,0.0784619,0.111394,-0.0486657,0.156437,0.527811,0.0637589,-0.00399196,-0.654112,-1.33048,0.428155,0.316807,-0.327026,0.45677,-0.0257505,-0.302182,-0.347374,0.0250571,0.153476,0.0582978,0.20231,0.0856777,-0.0248969,-0.0525496,0.074296,0.473947,0.0235523,0.0606994,-0.631323,-0.940258,0.499665,0.27884,-0.169904,0.31635,-0.0118201,-0.0934954,0.0323069,0.383366,0.103807,-0.205311,0.125414,0.113012,0.200391,-0.00804625,0.106219,0.34468,-0.0395187,-0.188324,-0.485066,-0.798656,0.436469,0.165196,-0.131617,-0.0598516,-0.157199,-0.0123301,0.140643,-0.115711,0.11284,0.0480278,0.348147,0.0303314,0.075537,-0.134572,-0.12342,0.259785,0.0351813,-0.0106069,-0.22413,-0.56748,0.36284,0.201235,-0.00595986,0.10134,0.117895,-0.216042,-0.00562067,-0.00418034,-0.0313718,-0.0728851,0.194833,0.120118,-0.00653131,0.0704932,-0.175036,0.281508,0.00609379,0.0853029,-0.181805,-0.432748,0.101531,0.0315322,-0.0994078,0.0868627,0.0494296,0.229784,0.165663,0.145249,0.0268184,0.00117107,0.36756,-0.0865074,0.228905,0.126274,-0.01524,-0.108892,0.12267,-0.358654,-0.170591,-0.247228,0.382491,-0.150662,-0.166444,0.32888,-0.0929717,-0.11466,0.0642525,0.122455,-0.158068,0.128298,0.535763,-0.0457012,0.140324,0.136423,-0.368372,-0.235915,-0.187516,0.0982731,-0.0453571,0.00392603,0.0331583,-0.100838,-0.0141407,0.0763916,0.0851044,0.0661297,0.184368,0.0807285,-0.129254,-0.0196139,0.301935,-0.241014,-0.174305,0.1439,
0.0330798,-0.14059,0.0632952,-0.258633,0.129432,0.0271714,-0.220554,-0.134483,0.0193499,0.085804,0.0663431,0.0940666,-0.00490529,-0.0224141,-0.00620575,-0.285353,-0.0147276,0.0453119,0.0157908,0.149455,-0.0268892,-0.0955758,-0.115424,-0.0643204,0.159026,-0.0423262,0.228569,-0.0285765,-0.0919075,0.169076,-0.101892,0.0839228,-0.0630868,0.0818305,-0.201167,0.111691,-0.0566785,0.102419,-0.103386,-0.0888504,-0.0914947,0.245924,0.145123,0.122916,-0.184192,0.276523,0.0829732,-0.0132541,0.0160708,0.178296,-0.290002,-0.172883,0.119454,-0.21869,0.129375,0.25879,-0.235136,0.282458,-0.130678,0.137701,0.0630664,-0.0365694,0.000106341,0.0317537,-0.0389664,-0.0465203,-0.10283,0.0637546,0.00710978,0.0177925,0.0773035,-0.104979,-0.0236478,0.0210999,0.0696187,-0.135588,-0.0262764,-0.0226448,0.0738727,0.0130655,-0.11919,-0.112513,-0.177057,0.0172079,-0.0511184,0.0682945,0.0814477,-0.144243,-0.0699744,-0.0470893,-0.0869092,-0.0604451,0.0361472,0.0720518,0.0991701,0.0422426,-0.235125,0.0491927,-0.021614,-0.085793,-0.0529185,-0.181846,-0.093299,-0.0599384,0.0962457,-0.143213,-0.0817346,-0.0991893,0.102501,0.179971,-0.00349485,0.00376928,0.0563533,-0.0184983,-0.00740117,-0.0805404,-0.235109,-0.008584,-0.222003,-0.0178475,-0.0510339,-0.0404299,-0.230867,-0.0547277,-0.0132479,-0.0632396,-0.0155844,-0.0488952,-0.0941711,0.0618127,-0.178026,0.0703697,-0.203072,0.0305046,0.12907,0.00712055,-0.284419,-0.0556443,-0.0050464,-0.113942,0.0670607,0.0467315,-0.014597,-0.144491,-0.0429968,-0.138205,-0.0387806,-0.239629,-0.0235453,-0.0017237,0.106105,-0.0162958,0.0170624,-0.0259481,-0.0288536,0.0957675,-0.0876438,0.0967553,-0.0392165,0.0916118,
0.525229,0.628132,0.435704,-0.0636393,-0.503776,-1.74892,0.80089,0.516411,-0.127776,0.0825173,-0.0684064,-0.637396,-0.415253,-0.0809328,0.18398,0.055785,-0.314961,0.474246,0.14684,-0.223247,0.237082,0.521973,0.0411953,-0.147949,-0.433136,-1.36178,0.883592,0.430117,0.0761935,0.105411,-0.191172,-0.552606,-0.0353268,-0.217804,-0.234468,0.234877,-0.298143,0.533906,0.0564058,-0.0723209,0.239239,0.331654,0.224876,0.0290006,-0.544122,-1.02109,0.680609,0.552283,-0.0826655,0.0342813,-0.120071,-0.181815,-0.177551,0.106542,0.0304779,0.073867,-0.188865,0.558167,0.32604,0.122931,0.36651,0.363442,0.193684,-0.0614959,-0.313495,-1.01679,0.581589,0.349611,0.0443754,0.120935,-0.0538895,-0.0242493,-0.159741,-0.101081,0.0890707,-0.09794,-0.134776,0.472946,0.0445929,0.0688345,0.281435,0.323575,0.1927,0.0208907,-0.0366484,-0.869474,0.605855,0.212197,-0.0470962,0.0512719,-0.139087,0.234461,-0.0685816,-0.122424,0.0799737,0.158684,-0.0241977,0.5019,0.0876156,0.0357113,0.0719216,0.199319,0.145741,0.0775328,0.0416991,-0.329158,0.420308,0.0267256,-0.154167,0.0212833,0.0128096,0.259915,-0.121218,-0.0488933,0.065126,-0.10818,-0.0095749,0.187137,-0.0753909,0.026814,0.139657,-0.266426,0.083852,0.123979,0.0546098,-0.0250182,0.264514,-0.0208136,-0.0464034,0.0952981,-0.0421324,-0.206877,0.210954,-0.085397,-0.0624718,0.0134594,0.0868067,0.323578,-0.179509,0.0838519,0.0190758,-0.172946,0.119267,-0.0506139,0.252906,0.4474,0.163422,-0.0288485,0.0194452,-0.115388,0.177328,0.407531,0.196174,-0.0465415,-0.102514,0.088285,0.314847,0.242814,-0.228322,0.202463,
0.0576127,0.0372993,-0.0489855,-0.0733126,-0.081043,0.00459529,0.120276,-0.0711685,0.0523795,0.228235,-0.115991,0.109813,-0.0710446,-0.106446,0.0145101,-0.0832418,0.173113,-0.0880239,-0.0824912,0.0197422,0.0642982,0.0320744,-0.0044718,0.023893,0.00808089,-0.060219,-0.0809212,0.209349,-0.00472703,0.171546,-0.0649024,-0.210618,0.11446,0.191022,-0.0514372,0.0553121,0.0679509,0.122838,0.035352,-0.033289,-0.0212293,0.109274,-0.153114,0.0694911,0.0102867,-0.117773,0.298426,0.0822638,-0.170291,0.0561673,0.104544,-0.106001,-0.0077126,-0.0863985,-0.114272,0.0268276,0.0357214,0.0849012,-0.154849,-0.201492,-0.058147,-0.144495,0.032083,0.0647199,-0.144809,-0.0729643,-0.166601,-0.0358123,0.118141,-0.0206369,0.111668,-0.056309,0.0200806,-0.00187571,-0.016494,0.074867,0.16068,-0.0274161,0.0575345,-0.105124,0.0618308,-0.101013,-0.0171842,0.0262934,-0.0791613,0.00903808,0.00928279,-0.0788046,0.133918,-0.377778,0.019465,-0.0770416,-0.0887868,-0.00422811,-0.0978896,-0.0115352,-0.0604036,0.0559362,0.0401563,0.189036,-0.0474692,-0.0526436,-0.067343,0.0742318,-0.0114888,-0.0681431,0.154575,-0.0978106,0.199794,-0.0803176,0.0868935,0.165624,-0.153972,-0.114839,0.00967773,-0.0198186,-0.0208844,-0.05833,-0.0604978,-0.217346,0.0428947,-0.0818464,-0.234159,-0.100618,-0.22697,-0.0899867,-0.0551583,-0.0193156,-0.0103104,0.142366,0.00977526,0.0266562,-0.111679,0.0433373,0.00364691,0.154399,0.0604075,-0.0155896,0.0364609,0.0566666,0.109421,-0.0842201,0.0335566,-0.199236,0.00190541,0.017549,0.106759,-0.187525,0.261868,-0.152187,0.125253,0.277159,0.0194431,-0.194604,-0.0404325,-0.315658,-0.120742,-0.307275,0.0686852,0.116427,
0.100327,-0.0766673,-0.0461999,-0.214113,0.0625925,-0.117002,0.0146832,-0.121273,0.0491049,-0.00430353,0.027382,0.147069,-0.0975834,-0.0036746,0.102409,0.119089,0.00481269,-0.101722,-0.0957741,-0.0206737,-0.130041,-0.141531,-0.109212,0.0174397,-0.173315,-0.171192,-0.251194,-0.0605475,0.079821,0.259758,-0.0752718,0.246905,0.02867,-0.164314,0.0327024,0.0298046,0.0364316,-0.0915519,0.185119,0.0566367,-0.065808,0.203437,0.0209126,-0.0202619,0.158687,-0.0202338,-0.00962572,0.0764666,0.00565641,-0.0428154,0.00691783,0.00964702,0.146576,-0.240841,0.0973723,-0.149201,0.102195,-0.177558,-0.0636782,-0.136025,0.108206,-0.162132,0.0904314,-0.0896082,-0.204547,0.0350255,0.122201,-0.0447744,-0.0891866,0.041049,0.055366,-0.0110676,0.107876,0.0284963,0.114117,0.0798517,-0.0931125,-0.00881395,0.123209,0.0231097,-0.205511,-0.021789,0.0229826,-0.00780772,-0.0324712,0.232748,-0.153639,-0.0242408,0.064483,0.123708,-0.0603164,-0.12301,0.118417,-0.130469,0.0940786,0.150562,-0.0999111,0.0391236,0.0435023,0.0291212,-0.02162,-0.101342,0.0311435,-0.157453,-0.158126,0.0420872,-0.0394417,-0.257224,0.205632,0.0520388,-0.0821602,0.130022,-0.208318,0.0321938,0.000504444,0.220522,0.0404322,-0.0494371,0.0124931,0.139623,-0.0335222,-0.0915701,-0.0625056,-0.0260874,0.341144,-0.0508807,-0.0856811,0.0374062,-0.0365989,0.0295301,-0.0214742,0.0353244,-0.0566147,0.220598,-0.0685502,0.0187773,-0.131691,-0.0205666,-0.129909,0.077778,-0.234,-0.0415026,-0.094934,-0.0384451,-0.0612259,-0.14798,0.0681115,-0.180039,0.0653984,-0.0824607,-0.0654105,0.13716,-0.13739,-0.0493224,0.0368244,-0.102487,0.109746,0.131577,-0.0436156,0.0818031,
-0.00290075,0.0290463,-0.0426935,0.151,0.0927777,0.156211,-0.152991,-0.00723061,0.0520954,0.0793405,-0.105143,-0.0202953,-0.00860078,0.113335,0.193649,-0.101051,-0.0792758,-0.0188614,0.255641,-0.114624,-0.0119254,-0.0933362,0.0792337,-0.00127668,0.243894,0.128682,-0.228933,-0.0680297,0.00600755,-0.0180858,-0.0565265,-0.151941,-0.144426,-0.282334,0.0231006,0.163317,0.0455111,-0.0453151,-0.0731676,-0.00680378,0.0604228,-0.0368815,0.0606346,0.0958374,0.00930908,-0.0414742,-0.143765,-0.126769,0.120797,0.206078,-0.26408,0.00374235,-0.130029,-0.140019,0.089212,0.0138804,0.0407625,-0.23607,-0.0663104,0.204982,0.169685,-0.0755696,-0.0521402,0.0307682,0.229252,0.109855,-0.0356837,0.0709341,-0.206185,0.145533,-0.115933,-0.233421,0.0960554,-0.0289708,-0.0356073,0.0019564,-0.0495302,-0.0316173,-0.247019,0.0495622,-0.0415234,-0.10815,-0.101147,0.142283,0.21085,-0.0653319,-0.0444209,-0.137086,-0.0185429,-0.0645258,-0.111405,-0.0700125,0.0381718,0.299418,0.200561,-0.128598,0.0798773,0.0146602,-0.0838553,-0.0957629,0.124634,0.0607142,-0.176254,-0.0437415,-0.00379078,0.223331,-0.28883,0.149655,-0.103574,0.0276967,-0.00771561,-0.0526859,0.0454167,-0.146328,0.177754,0.0348618,0.0177628,-0.181413,0.00286404,-0.0462891,0.14532,-0.271281,0.0841725,-0.0640214,-0.0355923,0.134425,-0.112941,0.0343799,-0.0825582,-0.0487409,-0.00439382,0.0706776,-0.00559682,0.0723956,0.0536609,0.0868292,-0.102226,0.0700612,-0.0739541,-0.00160246,-0.01903,-0.310264,-0.05161,0.204224,0.0138076,0.0799297,-0.131783,-0.145144,-0.0289409,0.0305839,-0.0525265,0.0890113,0.063428,-0.0323286,0.20921,0.108801,0.037753,-0.0585146,0.167878,0.119386,
-0.218986,0.275991,-0.146399,-0.000922421,0.1112,0.047429,0.00372918,0.161372,0.000159302,-0.0943181,0.105958,-0.146371,0.008971,0.093717,-0.216284,-0.0232598,0.191515,0.138746,-0.157071,0.104677,0.017213,0.0352181,0.0252968,-0.113472,-0.0161074,-0.129086,0.0824114,0.00613207,-0.0744119,0.0924835,-0.10541,-0.0649869,0.0279355,0.0595418,-0.0262369,-0.0675742,0.0852388,-0.0821228,-0.054953,-0.162472,-0.0769383,0.137465,-0.315454,0.0160598,0.0817044,-0.126868,0.065302,-0.123817,0.0358517,-0.221765,-0.0598533,-0.19483,-0.0598524,-0.273129,0.0113105,-0.101553,-0.00832387,-0.151219,0.144679,0.183947,-0.00200061,-0.139075,-0.0655211,-0.0147163,-0.153695,0.0676724,-0.00219709,0.0892016,0.0179431,0.172304,-0.154677,-0.0599292,-0.00863469,0.0513264,-0.323096,0.144761,0.232603,0.284481,-0.0493323,0.045704,0.121188,0.0116363,-0.0728175,-0.117818,-0.113128,-0.101868,-0.260109,0.111167,0.00231823,0.0550698,-0.205504,0.0316031,0.231799,0.178866,0.0736495,-0.0133558,0.119969,-0.279098,-0.0294256,0.00963971,0.124531,-0.0320555,-0.0833249,-0.117229,-0.125189,-0.266643,0.0799484,0.0791011,-0.0209531,0.227458,0.000349143,0.205773,0.0290503,0.0352198,-0.120729,-0.163736,-0.0200511,0.256077,-0.15609,0.188567,-0.0546056,0.0282417,-0.276518,0.000275104,0.239174,0.00369317,-0.0236857,-0.261222,0.199734,-0.102774,0.0379497,0.0266329,0.0300778,0.214821,-0.114418,-0.0985407,0.0146161,0.0271178,-0.171792,0.105417,-0.0329419,-0.189738,-0.0401901,-0.0124989,-0.0908283,-0.106298,0.00737801,-0.0011449,-0.255726,-0.0191981,0.245218,0.0910612,-0.0470353,0.00240626,-0.158136,0.0467133,0.0377134,-0.0948436,-0.0817114,0.0532014,
-0.311137,-0.0100018,0.167093,-0.0247492,-0.297154,-0.412287,0.0979373,0.0726169,-0.0274908,0.0893595,0.137324,-0.186891,-0.130966,0.223385,-0.0384697,-0.198861,-0.026641,-0.172858,0.079666,-0.00342303,0.0631131,-0.102152,-0.11635,-0.171535,-0.292897,-0.268279,0.122611,-0.0413807,-0.0854175,0.124705,0.108447,0.0242023,0.0419807,0.0437398,-0.112101,-0.0339736,0.0203373,-0.343116,0.0384565,0.102163,-0.0966472,0.216179,0.0709115,-0.074075,-0.376559,-0.13017,0.212495,-0.0359277,-0.0805519,-0.00482672,0.0777035,0.251097,0.00209914,0.0326591,-0.146297,-0.0320132,-0.175926,-0.402383,-0.00170104,0.0820753,-0.165623,0.0411262,0.107191,0.019034,-0.0202928,-0.080452,0.171541,-0.202253,-0.161342,0.127029,0.112588,0.213274,0.0578248,0.065809,0.0231479,0.020627,-0.112113,-0.17219,0.110584,-0.0987683,0.144681,-0.218045,-0.312637,-0.247135,-0.0512413,-0.252206,0.0814719,-0.144981,-0.152607,0.00852255,-0.0813241,0.102424,0.104948,0.0276395,0.101019,-0.101956,-0.224221,-0.311712,-0.0697067,0.00245766,-0.274729,-0.0566337,0.185467,0.0689775,-0.0858709,-0.088755,0.149369,0.248438,0.11922,-0.036472,0.227419,-0.041589,0.170842,-0.0753405,0.0734622,-0.0836822,-0.187727,-0.260467,0.0592982,-0.140297,-0.0935794,-0.276634,0.156216,-0.0821013,-0.106458,-0.144849,-0.0118275,0.138394,-0.0924475,0.203735,0.133064,0.206514,0.187434,0.0107114,-0.00568899,-0.00902586,0.0451137,-0.1557,-0.00531667,-0.0494933,-0.0943402,0.00928109,-0.0291594,0.0113648,-0.280156,-0.127795,0.116132,-0.15994,-0.00935518,0.000563592,-0.166868,0.101469,0.141953,-0.0997194,0.0405206,-0.0597475,-0.0324229,-0.241299,-0.0992851,0.116395,
0.0114291,0.124567,0.0803376,-0.148449,-0.536197,-1.09995,0.819433,0.320299,-0.193284,0.0224243,0.0502704,0.114577,0.0640056,-0.171181,0.238966,0.0251669,0.041473,-0.041317,0.0947808,0.0841218,0.081634,0.327143,0.160381,0.115127,-0.630544,-0.977536,0.606422,0.296856,-0.214486,0.28932,0.150315,0.102147,0.193296,-0.222916,-0.151786,0.115671,-0.174571,0.0459298,0.0820586,0.0606813,-0.15327,0.458738,0.145897,-0.0537239,-0.492151,-0.740768,0.759709,0.23671,0.0407806,0.0505533,0.00233109,0.254127,0.137909,-0.190744,-0.114889,-0.0692841,0.0498926,0.218698,0.342127,-0.0621763,-0.017089,0.177564,-0.0385117,0.146013,-0.351609,-0.714776,0.739588,0.127785,-0.262612,0.0659615,-0.125209,0.298675,0.12428,-0.040151,-0.0272109,0.100666,0.00557688,0.0771706,-0.00985157,-0.0119142,-0.0171715,0.0563648,0.0120038,-0.166974,-0.334673,-0.632752,0.492556,0.0695919,-0.142731,0.161183,0.0560761,0.488423,0.0627645,0.0744858,-0.215359,0.010972,-0.0739638,-0.0136167,0.309435,-0.0423709,-0.278644,0.139062,0.108616,-0.125051,0.0206572,-0.577006,0.530517,0.0826677,-0.0496403,-0.0252928,-0.0489997,0.433983,0.211968,-0.0204452,-0.254122,-0.0050804,0.15468,0.115921,0.142163,-0.100321,-0.324764,-0.199321,0.168023,0.119901,-0.0880388,-0.163249,0.423177,0.0434013,-0.0867316,0.0169605,-0.15767,0.337699,0.20882,-0.0775205,-0.0882246,0.176114,0.0971604,0.162064,0.194347,0.125769,-0.308043,-0.333393,0.106391,-0.0981617,0.112793,0.0609445,0.321305,-0.309264,-0.176917,0.17463,-0.0224046,0.612168,0.171274,-0.12585,0.123827,0.123924,-0.066562,0.130228,0.0673329,-0.19014,
0.23851,0.186732,-0.108716,-0.102431,-0.226538,-0.41049,0.363691,0.0986367,0.114513,-0.0969411,0.173157,-0.105554,0.0731082,0.0755538,-0.127603,0.101968,-0.0239714,0.301093,-0.102172,0.189835,0.146868,0.0598114,0.04619,-0.035811,-0.0336699,-0.358226,-0.00369098,0.175008,0.0424997,0.0639987,-0.0221538,-0.0507002,0.039671,-0.132129,0.194831,-0.0815534,-0.0695678,0.221572,-0.0229975,0.277129,-0.126853,0.136919,0.192872,0.0364672,0.021662,-0.408596,0.176976,0.134,0.110619,-0.0631854,-0.0568449,0.0760348,-0.00307466,-0.0430112,0.0657749,-0.0043374,-0.0373293,0.0475249,0.0184488,-0.0986547,-0.121648,0.13838,0.0572856,0.0353106,-0.0405766,-0.320714,0.141435,0.114289,0.137078,0.00499074,0.0187734,0.24486,-0.0261234,-0.158859,0.0282463,0.135337,-0.0643469,0.109359,0.101083,-0.0271086,0.0902361,-0.160831,-0.091275,-0.0260026,-0.112271,-0.251393,0.205368,0.181494,-0.0118202,0.223859,0.116007,0.176431,-0.0191252,-0.0934802,0.125696,-0.119373,0.0480009,0.28214,-9.27706e-05,0.0162787,-0.0390493,0.000721646,0.0431176,-0.0922504,-0.128436,-0.0726469,0.249568,0.269746,-0.151366,-0.00475537,0.036455,0.321506,0.0555,-0.00224945,0.028593,0.0579962,0.0907275,0.056477,0.0901347,0.0549264,0.0375832,-0.00516371,-0.100308,-0.0493128,-0.067785,-0.0412047,0.312938,0.0893611,-0.0978118,0.0403558,0.0273143,0.19368,0.0566615,0.0352515,-0.0480886,0.151111,0.0970118,0.266916,-0.0137399,0.201551,-0.106617,-0.114058,0.116054,-0.0571374,0.0925339,0.03401,0.127742,0.00908165,-0.155795,0.1215,0.0224158,0.25829,0.0903679,-0.222133,-0.171412,-0.108067,0.201433,0.139465,-0.104287,0.119712,
0.259652,-0.26735,-0.12783,0.0805321,-0.085279,0.225865,-0.275964,-0.035048,0.127647,0.205951,-0.0212806,0.258034,0.0896064,0.183355,-0.0508979,-0.270397,-0.0617546,0.0266786,-0.245339,0.035792,0.0501587,-0.190041,-0.365555,-0.164385,-0.0271332,0.437133,-0.395605,-0.0310428,-0.0738959,0.133117,0.0806085,0.134861,0.0729605,0.0224834,0.231576,-0.224034,-0.0675344,0.132414,0.00347049,-0.154354,0.0278363,-0.282013,-0.0539109,0.0208748,0.333304,0.381466,-0.252715,0.307366,0.0394262,0.196099,0.102119,0.0416113,0.117151,0.0970179,0.219992,-0.0763166,0.00597853,0.11341,-0.106137,0.155781,0.0177241,-0.341015,-0.205776,0.0778991,0.0563441,0.298228,-0.144354,0.0970287,-0.0327461,-0.0855553,0.0772116,0.00711604,-0.0699963,-0.00496219,0.167642,-0.00416237,0.0344146,-0.00647636,-0.0868011,-0.0521796,0.0671323,-0.0486874,0.098551,0.0241852,0.23623,0.157142,-0.0657649,0.259221,0.105028,0.168252,-0.0268572,-0.0600537,0.0426538,0.207069,-0.1251,0.00969113,-0.130586,-0.0939903,-0.050141,-0.0775638,-0.0571716,0.204578,-0.0227193,0.0122537,0.0369815,0.065153,-0.0472742,0.367226,0.0511856,0.086743,-0.0433874,-0.0593715,-0.208994,0.0894429,-0.169452,-0.00626447,-0.135492,0.0078405,-0.0837218,0.0467384,0.14549,0.0922046,-0.132697,0.107791,0.143583,-0.175268,-0.108858,0.385169,-0.207308,0.101456,-0.182507,-0.214308,-0.0879043,-0.0062189,-0.0757811,-0.110052,-0.128863,-0.0169675,-0.16085,0.0141014,0.102119,0.0840602,0.0412229,-0.0991399,0.0533074,-0.095636,0.0703206,0.326723,-0.101293,0.133264,-0.0215323,-0.339374,-0.0962775,0.168139,-0.0282122,-0.115954,-0.12441,-0.0431767,-0.272595,-0.0272855,
-0.0101008,0.0403894,-0.0411598,-0.075479,-0.143109,0.169546,-0.0812756,-0.148342,0.125877,0.431648,0.0614325,0.0297416,0.0621852,-0.11325,0.215666,-0.248492,-0.0362966,0.0601961,0.154334,-0.0278223,0.0555476,0.0261758,0.0413574,-0.0880891,-0.0436549,-0.1898,-0.0850309,-0.0958645,0.144123,-0.0385337,0.100144,-0.13295,-0.133624,-0.010602,0.0507925,-0.0348802,0.109505,-0.237764,-0.00610703,-0.00725448,0.0937818,-0.0229746,0.0876717,0.0601256,-0.125302,0.0288486,0.160677,0.0050635,-0.00954408,0.100499,0.287065,0.0534403,-0.113889,0.0888356,0.148364,0.125527,0.0404249,0.0328311,-0.188849,-0.172682,-0.123037,-0.12221,0.0422617,-0.162863,0.13205,-0.0650421,-0.00230051,0.108096,-0.00759412,-0.0401297,-0.0152992,0.0387303,0.0785942,0.155622,0.104959,-0.0209072,-0.131837,0.0260808,-0.153199,-0.000990481,0.0822805,0.118226,-0.0767931,-0.143671,0.180747,-0.0097115,0.023892,-0.0526266,-0.220994,-0.167657,0.111972,-0.0200555,0.176215,0.141402,0.0884287,-0.120853,-0.0163153,0.0528207,-0.156391,-0.123549,-0.0454755,-0.152097,-0.0252119,-0.0765862,0.0642949,-0.20565,0.00752003,-0.137024,0.217239,0.030525,0.084634,0.00753719,-0.0409329,-0.0160831,-0.0227354,0.0542211,-0.109196,0.012176,0.117029,0.152911,-0.0136117,0.0458616,0.0475187,-0.0157864,-0.148961,0.0994401,0.00265914,0.037815,-0.0613847,0.146284,0.0328934,0.0602255,-0.0296916,-0.146272,0.116194,-0.102192,0.192495,-0.0320788,-0.0316149,-0.00399113,0.0219218,-0.0700969,-0.0344588,-0.0879232,-0.0695498,0.179869,-0.133406,0.0065437,0.0506805,-0.0392157,-0.0180943,0.207963,-0.0569577,0.0235843,-0.0157882,0.0870286,-0.0995172,0.0723477,-0.101898,-0.0886072,
-0.0165586,-0.0612363,0.00867653,-0.0337227,-0.0184305,-0.137442,-0.102178,0.0226631,-0.0834726,0.0296597,-0.00467021,0.0517405,-0.097175,0.00905855,0.0480132,-0.045519,-0.042127,-0.102387,-0.0917255,0.0807322,-0.0554077,0.136476,0.0266461,-0.115237,0.0239724,0.144741,-0.0487728,-0.124251,-0.089437,0.0207487,0.026937,0.129894,-0.0860363,-0.136174,-0.284837,-0.0506811,-0.0944101,-0.0219967,-0.00774803,-0.0117675,-0.0168879,0.0711173,-0.176474,-0.00117365,-0.0629509,-0.245876,-0.111256,-0.135174,-0.176205,-0.0361223,-0.0744527,-0.122173,0.0329007,-0.0460677,-0.0124076,0.0469263,0.171151,-0.0398772,0.00248818,-0.0614948,-0.0222153,-0.0266533,-0.0209491,-0.126697,0.0459744,0.12088,-0.0826367,0.0518161,-0.0662822,-0.16617,-0.0739239,-0.116414,-0.148828,-0.0769262,0.00603519,-0.291247,-0.0361522,-0.251779,-0.0887039,-0.00412942,-0.200835,-0.144823,-0.0110175,0.114211,0.052871,-0.0823409,0.134359,0.00708089,-0.112842,0.159104,-0.0607167,-0.0942569,-0.0985665,0.09777,-0.140069,0.0279612,-0.172913,0.100774,-0.153777,-0.0138204,-0.0442225,-0.0715112,0.193692,-0.119914,0.0694914,-0.00802638,0.0980533,0.0126076,-0.157758,0.127252,-0.00129827,-0.123067,-0.106624,0.0189585,0.066744,-0.0394086,-0.00747676,-0.0502917,0.220002,0.234727,0.0744117,-0.113334,-0.209162,-0.0414537,0.128294,-0.0794214,-0.120107,-0.236615,0.121986,-0.19265,-0.0312467,0.17768,0.116751,-0.0449525,-0.18997,-0.0873356,0.00631072,0.007331,0.0979993,-0.10774,0.00610676,-0.0163677,0.0025951,0.174673,0.0123073,0.0236936,0.0616735,-0.115678,-0.0890374,-0.32431,-0.0477141,-0.042932,0.0587965,-0.0146721,0.110984,-0.0462917,-0.027354,0.0516394,-0.124278,-0.220815,
0.0902245,0.0336038,-0.0559908,0.114817,0.0886279,0.0117319,0.154238,-0.145596,-0.135354,0.0491654,-0.0668731,-0.0213267,-0.0971632,-0.0586741,-0.0529185,-0.144735,-0.0986424,-0.0808867,-0.00140746,-0.0344932,-0.0835966,0.0602486,-0.293874,-0.258727,-0.0427503,-0.0976302,-0.0328743,-0.0833867,0.031819,-0.252675,-0.181116,-0.0413421,-0.108219,-0.122904,0.0133603,0.0488193,0.0801929,-0.00949648,0.123269,-0.0478247,-0.068616,-0.18175,0.208744,0.0129061,0.0463701,-0.102955,-0.00507515,-0.0932824,-0.0784375,0.0501051,-0.195597,-0.0808308,0.0741782,0.0426057,-0.0068175,-0.0162612,-0.0342621,0.015358,0.024975,0.0950407,-0.00305764,0.163104,-0.0722905,0.0814532,0.0383576,-0.0149401,0.00544593,-0.131891,-0.0709679,0.0523668,0.0142294,-0.109359,-0.134473,-0.0664151,0.114881,-0.0589622,0.241677,-0.132299,0.107287,-0.131029,0.0685846,-0.0519352,0.0208657,0.00949439,-0.130367,-0.125734,0.0947377,-0.179088,0.169824,-0.179722,0.0136439,0.0877197,-0.200731,0.0738594,0.108003,-0.0803505,-0.114694,-0.24396,-0.128525,0.106888,-0.180003,-0.0618886,-0.0612269,-0.211993,-0.187688,-0.200559,0.054425,0.145021,0.119868,-0.072229,0.131224,-0.0474584,0.00294163,-0.0897733,0.0796792,0.0208179,-0.0252065,-0.123583,0.282682,-0.0340589,0.0323296,-0.137615,-0.117629,-0.0671064,-0.00647621,0.128627,0.137993,0.0903895,0.209726,0.00869243,-0.0787974,0.102323,-0.00521982,-0.0317553,0.0597365,-0.0254737,0.0968851,-0.12762,0.107965,-0.116685,0.0578542,0.0940581,0.0140846,-0.134769,-0.129363,0.107823,-0.0681591,0.0950206,0.0560672,-0.0197799,0.039259,-0.0886922,-0.0218452,0.182176,0.0828468,0.052704,0.0743464,0.0121544,0.0252372,0.0922509,
0.139193,0.0749379,-0.0480246,0.00403521,0.0657716,-0.345621,-0.0651654,-0.0156875,0.0816711,0.104276,-0.107316,0.187927,-0.0934947,0.220592,0.0341856,-0.081423,0.207899,0.219234,-0.0543759,-0.0753723,0.10961,0.201477,0.100776,-0.128876,0.0160128,-0.313726,0.161786,-0.0528491,-0.0908599,0.18455,-0.0204244,-0.0917362,-0.0910018,-0.0791731,-0.045707,0.0865123,0.0519281,0.210182,0.239152,-0.176536,-0.0126491,0.118508,-0.104944,0.0159145,0.00889472,-0.246292,-0.00718648,-0.0433016,-0.153119,0.0339827,-0.264951,0.0954768,-0.0344214,-0.0181607,0.115905,0.147605,0.129553,0.236588,-0.0658484,0.195946,0.0369852,0.228433,0.0213646,0.00701893,-0.095924,-0.3704,0.120741,-0.0320496,-0.255511,-0.138599,-0.0588267,-0.130249,0.347231,-0.0368904,0.074155,-0.114633,0.0524654,0.23781,-0.0997798,-0.0742385,0.107204,-0.0361011,0.0428478,0.139834,-0.116094,-0.380282,0.0191342,-0.142045,-0.0047042,0.0382037,-0.0404638,0.0873745,-0.0371959,0.00643061,-0.0647033,-0.114419,0.0238275,-0.0857197,0.110626,-0.0455307,-0.198624,-0.117627,0.0604994,0.0323556,-0.101484,-0.233788,-0.00279089,-0.0664785,-0.128383,0.0636517,-0.137829,0.056443,0.0151026,0.0242687,0.19207,-0.127514,-0.0234926,-0.089917,-0.0318355,0.221377,0.0291684,0.0192422,-0.031621,0.0858161,-0.102875,-0.309371,-0.0249571,-0.214501,-0.157212,0.0674848,-0.159798,0.00863566,0.277807,0.077998,0.0222642,0.0731303,0.064348,0.0729845,0.060082,-0.234557,0.0409744,0.0866899,0.0331252,0.0825935,-0.0830354,-0.019827,-0.177448,-0.295534,-0.0454588,0.0682066,-0.144031,0.145474,0.0405158,0.00516069,0.00709168,-0.318613,0.156828,0.115524,-0.0552487,-0.120463,
-0.0670083,-0.011587,-0.0839214,0.0211761,-0.0813905,-0.162951,0.0880883,0.003035,0.0653931,0.209492,-0.0676517,-0.149464,-0.261302,0.245885,-0.223541,-0.175057,0.0384535,0.150014,-0.0216165,-0.00464715,-0.0417021,0.115272,-0.250981,0.0758993,-0.0272404,-0.138424,0.148946,-0.0718089,0.0486435,0.120077,0.00601326,-0.104565,-0.0825167,0.0343888,-0.0575764,-0.012811,0.0447072,0.0689964,-0.0357758,-0.0785133,-0.0798627,-0.0401605,-0.0805966,-0.0428743,-0.158068,-0.16212,-0.084997,0.0644911,0.238794,-0.0644888,-0.0191591,0.0413416,0.0258968,-0.0372129,0.0889171,-0.0368774,0.0314492,0.276801,-0.154405,0.0703767,-0.069609,0.0594023,-0.0525383,0.141291,0.149798,-0.0522415,-0.0394312,-0.196793,0.104332,0.0619247,-0.241803,-0.195149,-0.133708,0.0652478,0.0121512,-0.0222565,0.0103685,0.0588821,-0.129339,0.176299,0.190352,-0.0336991,0.0641325,0.11919,-0.0894653,-0.0340857,0.00320374,-0.129325,-0.110376,0.206305,-0.0180129,-0.0486021,-0.0407757,-0.0240138,-0.0411422,-0.11183,-0.069179,0.082816,0.0769339,-0.0940111,-0.0870367,-0.0126825,-0.0180718,-0.0892199,-0.0753767,0.0561814,0.144185,-0.00772627,-0.064444,0.146801,0.17266,-0.00876731,-0.0457115,-0.0813649,-0.0415791,-0.1222,0.105587,0.113625,0.0700907,-0.0941937,0.0391465,0.151105,0.0911537,0.12316,0.121486,-0.17842,-0.131599,-0.270739,0.356925,0.0686009,0.17107,-0.10939,0.18637,0.0324429,0.0728805,-0.0633828,-0.00199651,-0.0263399,0.0124143,-0.217021,-0.0418533,0.0609968,-0.0572408,-0.0302426,-0.015573,-0.188839,0.0525057,-0.0793441,0.0778541,-0.11384,0.198527,-0.077823,0.0941133,0.0753969,0.0160304,0.116469,0.0516766,-0.0183626,-0.0280561,0.20395,
0.0786844,0.162714,-0.116075,-0.0259175,-0.0219419,0.107752,0.0557742,-0.184419,0.150289,-0.0127102,-0.0643705,0.118992,-0.11125,-0.0114646,0.164032,-0.0485968,0.320085,0.00028797,0.0505712,-0.0106641,0.0512434,-0.0955314,-0.30608,0.0301328,0.0871226,0.072838,0.114825,0.211263,-0.0725626,-0.0273053,0.120295,0.158003,-0.070398,-0.0103518,0.0374323,0.0643238,0.0811771,-0.0225788,0.0788639,-0.112158,0.116923,0.0140555,-0.350084,0.0805382,-0.137375,-0.175107,-0.0173123,0.13937,-0.0283813,0.0953074,-0.0420225,-0.0186948,0.0187369,-0.0854019,0.0414333,-0.174392,0.0208521,-0.138668,0.0573899,0.0227422,-0.0172932,-0.0645824,0.00723931,-0.187239,0.0601215,-0.170995,-0.00347195,-0.130183,0.00578435,-0.118232,-0.0134236,0.0584187,-0.177641,-0.07039,0.131723,0.114831,0.108657,0.0904842,0.103181,-0.0298992,-0.0508498,-0.0114313,-0.0671858,-0.128512,-0.0634643,0.242941,-0.121859,-0.0795256,-0.0973926,0.126762,0.0935506,-0.0229377,0.0464292,0.231692,0.0562294,0.238423,-0.00617889,-0.0493453,-0.0345815,0.0440005,-0.0370891,-0.0220883,-0.131294,-0.174888,-0.272745,-0.0461243,-0.138092,-0.143254,-0.0672913,0.018576,0.194797,-0.0147904,-0.0723138,0.205318,-0.197076,-0.0575175,0.0522008,-0.00175154,0.0223656,-0.128458,-0.0485127,-0.0412051,0.142099,-0.0310877,0.0407856,0.021315,0.103531,-0.103719,-0.17145,-0.0368912,-0.15195,0.0107807,0.116492,-0.0415696,-0.0212105,-0.0902848,0.0219606,0.0567062,-0.0187965,0.0177471,-0.171869,-0.0893879,0.158501,0.0795232,-0.0753642,0.24107,0.187597,0.210102,0.168844,0.0162158,-0.039734,0.0978865,0.036904,0.0157767,-0.121908,-0.14891,0.198521,-0.0634213,0.1129,0.0665119,
-0.183204,0.165594,0.0170821,0.147273,0.0546011,0.410552,-0.0948057,0.0405971,-0.00370897,0.179025,-0.08475,0.211873,0.543949,-0.0279139,-0.101556,0.0241119,0.568308,0.257798,-0.168764,0.0657986,-0.157442,0.0611188,0.0722612,0.120754,-0.164937,0.366185,-0.0612422,0.042257,-0.151472,0.0118505,-0.113492,0.343414,0.190108,-0.0778731,0.0143993,-0.187918,0.846719,0.0120886,-0.031005,0.0325885,-0.241863,0.105422,0.0224718,0.0390473,0.000534639,0.208664,0.146951,0.00209707,-0.116769,0.0425777,-0.0695593,0.30045,0.219481,0.194701,-0.104578,-0.0888008,0.689268,0.186247,0.106144,-0.230753,-0.0157674,-0.0475669,0.12564,0.0438555,-0.194648,0.283577,0.067468,-0.00711093,-0.0363618,0.0626042,-0.0395063,0.222833,0.232204,-0.00148064,-0.0134356,0.00230455,0.614952,0.259458,-0.0313559,-0.0847763,-0.151209,0.141514,0.0455079,-0.0739493,0.208388,0.222171,-0.117544,0.302757,-0.0937785,0.180202,-0.0837095,0.108603,0.506457,0.120935,-0.16194,0.0332409,0.714956,0.23668,-0.0860278,-0.133196,-0.088341,0.00754272,0.00987033,-0.110343,-0.108847,0.125019,0.0634419,0.088959,-0.0133447,0.0528871,0.0188347,0.0319031,0.351753,0.0858694,0.0815447,-0.00942865,0.813895,0.229109,0.0810709,0.00464523,-0.039134,0.134303,0.153963,-0.117183,0.122322,0.0953284,0.0332491,0.0727971,-0.223398,0.248123,0.106416,-0.0670244,0.596791,0.00876601,0.0931098,-0.138868,0.563884,0.42165,-0.171121,0.0918649,-0.0417108,0.112793,-0.0785668,-0.0287552,0.0216262,-0.00109163,0.053775,0.104161,-0.162507,0.00939847,0.0969032,-0.107381,0.464655,0.185061,-0.0127837,-0.0262235,0.588403,0.475296,-0.0176546,-0.0864146,
0.0255216,-0.0184472,0.140842,-0.0670329,-0.216711,-0.69276,0.452069,0.16376,-0.142884,0.0833307,-0.166043,0.27044,0.102968,0.0898395,-0.053716,0.0188897,0.0766494,-0.254092,0.284281,-0.0101323,-0.164405,-0.0639525,0.0535311,0.0536531,-0.294676,-0.5361,0.564964,0.124221,-0.17491,0.186871,0.173684,0.126684,0.104527,0.0501997,-0.181252,0.0151541,0.0747979,-0.280424,0.23492,-0.0747385,-0.138699,0.160921,0.25253,-0.0694631,-0.391901,-0.496371,0.556188,0.344098,-0.227017,-0.206486,0.0328057,0.345333,0.0494196,0.108647,0.200364,0.0757415,0.00331205,-0.127458,0.238037,0.0181015,-0.196267,0.14951,-0.0632261,-0.0404057,-0.277399,-0.655882,0.489163,0.243135,-0.183437,0.00352579,0.0118124,0.333263,0.156106,0.146094,0.0643173,-0.00545808,-0.084589,-0.184496,0.308659,0.0245484,-0.0473985,0.060442,-0.14429,0.273897,-0.51066,-0.409965,0.292021,0.0758561,0.00901593,0.104766,0.167977,0.435606,0.262074,-0.0500708,-0.276344,0.0755965,0.210092,-0.0853982,0.213027,-0.154741,-0.123352,0.0322602,-0.117689,-0.141791,-0.206471,-0.27775,0.327283,-0.0284533,-0.293819,-0.162144,0.178732,0.281381,0.334345,0.0167732,-0.030091,0.162353,-0.164018,0.0670377,0.0877185,-0.0133358,-0.160089,-0.0397848,0.0869409,-0.00599625,-0.000192313,-0.0545656,0.325655,-0.146202,0.0127789,0.00802689,0.161578,0.22975,0.0403346,-0.116024,0.100672,0.0193332,-0.169977,-0.289118,0.0137489,-0.160386,-0.233809,-0.0277305,-0.139818,-0.214441,-0.0292566,-0.125154,0.214027,-0.129247,-0.035377,0.00592465,0.0410447,0.542278,0.221907,0.110032,0.116481,-0.0643567,-0.176539,-0.105676,0.390853,-0.028197,
-0.11411,-0.0448125,0.0422724,-0.0743899,-0.150152,-0.13807,0.0342194,-0.0459285,-0.166162,-0.0972712,-0.16795,-0.035054,0.00988361,-0.0998401,-0.0901653,0.0962583,0.0488082,-0.0127644,-0.123258,0.0820705,0.0256142,0.120368,0.011126,-0.113365,-0.0277208,-0.0864294,0.043726,-0.00251687,0.0335894,-0.0816599,-0.152472,0.00653621,-0.000151259,-0.060489,-0.0337904,-0.138429,-0.0282635,-0.0215737,0.12273,-0.175989,-0.033643,-0.087346,-0.0684498,0.0910438,-0.0181052,-0.1096,-0.0271086,0.0614942,-0.0563235,0.177701,0.0305722,0.021478,0.0380149,-0.07877,0.102159,0.183954,-0.12139,0.116291,-0.0515926,0.00770785,0.0680112,-0.0156678,-0.0993618,-0.136606,-0.00173136,0.0307746,0.0334793,-0.0814723,-0.131135,-0.113838,0.165746,0.0208241,-0.00950839,-0.00103748,-0.0782712,0.0688548,-0.101987,-0.00432815,-0.114262,-0.073034,0.107383,-0.227353,0.130604,0.0230021,0.0499101,-0.0394757,0.0156185,-0.18287,-0.115804,0.0388782,0.0582917,-0.0787093,-0.130939,0.0738262,0.0251074,0.00571781,0.0712719,0.00248457,0.0706083,0.219112,-0.0728012,0.0128895,0.0755065,-0.210193,-0.0483352,0.0317669,0.165317,0.0484673,0.0398512,0.101582,-0.115549,0.0690281,-0.087183,0.187968,0.0435509,0.0704597,0.0884801,-0.0285865,-0.0699883,0.047204,-0.147792,-0.0307419,-0.0356115,-0.149432,-0.234735,0.0178684,-0.0364593,-0.113002,-0.164497,-0.0731398,0.0168734,-0.207835,-0.124969,-0.0865023,-0.0327056,0.148719,0.160662,-0.0252011,-0.0430513,-0.03235,-0.257434,-0.081226,-0.0228046,0.161574,-0.0656446,0.113945,-0.0474125,0.105412,-0.0809346,0.0979727,0.230241,-0.14086,-0.0563095,-0.0370966,-0.100436,-0.0339977,0.0947197,0.228969,0.00566005,0.0375596,
-0.0634541,-0.233777,-0.0877358,-0.0035601,-0.323115,0.0201559,0.0791568,0.192409,-0.0190978,-0.154707,-0.18781,0.0230171,-0.320105,-0.0796037,0.0915655,-0.0700699,-0.06881,-0.0324352,-0.200108,0.201554,0.00898184,-0.061706,-0.0228014,-0.0608106,0.20258,0.19935,0.166245,-0.0396748,0.250695,-0.00646977,0.171576,-0.0169975,0.0344126,0.110213,0.211282,-0.201315,0.0417243,0.0507013,-0.03503,0.00130536,-0.148889,-0.00766104,-0.00320745,0.0831028,-0.0294578,0.0726306,-0.175733,0.0142517,-0.370155,0.130657,-0.0757884,-0.123398,-0.0334325,-0.142478,-0.000412997,-0.188188,-0.0314732,0.0945339,0.0249476,-0.0362205,0.163507,0.0607776,-0.0248832,-0.125651,0.0273786,0.0779388,-0.224109,-0.0765885,-0.104086,0.0141902,0.0770223,-0.124762,0.0576074,0.00248047,0.209866,0.077893,-0.125913,-0.128163,0.196529,-0.177276,0.0163095,-0.0945919,-0.0109236,0.00746037,0.122184,-0.291158,-0.140866,-0.147785,0.209181,-0.415591,0.150476,0.119039,-0.0288633,0.0993299,-0.0051114,-0.0673127,-0.193272,-0.115181,-0.0772903,0.023173,-0.0902636,-0.276055,0.073959,0.0289138,-0.128162,-0.087091,0.0160037,0.0778944,-0.096067,0.246743,-0.198399,0.150361,0.109336,-0.0221617,0.0487022,-0.17095,-0.0427151,0.125472,-0.163396,-0.18405,-0.16018,0.0688038,-0.170128,-0.0682877,-0.0660334,0.0184527,-0.16786,0.00214594,0.0253344,-0.296419,0.0119722,-0.0997594,0.00377004,0.253653,0.0193798,-0.15931,0.140751,0.204216,-0.109318,-0.000740501,-0.0660235,0.0509729,0.0222264,0.0765496,-0.0828361,0.00463153,-0.0291167,0.0880555,-0.119281,0.0225977,0.243889,-0.0508533,-0.200138,-0.106656,-0.0788335,0.0983966,0.160671,0.115254,0.0946261,-0.0463479,
0.144171,0.0487618,0.00123719,-0.075756,-0.0389426,0.188969,-0.0340238,-0.0501934,-0.0311808,0.123565,-0.130097,0.106373,-0.00144551,-0.16585,0.133296,-0.0255817,-0.135751,0.0870635,-0.0110996,0.153593,0.00890534,0.130499,-0.11214,-0.12965,-0.1148,-0.0122502,-0.0641147,-0.00381415,-0.00792149,-0.00238852,0.0151977,0.0113261,-0.0533118,0.0137164,0.0372225,0.164591,0.0744297,-0.0713792,0.15254,-0.0318545,0.0334161,0.0412895,0.0960528,-0.202495,0.0620005,-0.250146,0.100828,-0.0794833,-0.259017,-0.0339507,0.012049,0.150157,-0.0980197,-0.133336,0.0138871,-0.206146,0.0199898,-0.169151,0.0401605,-0.0507028,0.0814419,-0.104846,0.0774629,-0.238855,0.168502,-0.0642884,0.0319412,-0.0276028,0.0219754,0.016648,-0.0738762,-0.000546302,-0.106914,0.111406,-0.128195,-0.0402672,-0.177601,0.134088,0.00035692,0.0329706,-0.0909111,0.0915954,-0.0992262,0.0183263,-0.00563499,-0.105033,-0.0169785,-0.124783,0.066232,-0.210861,0.0697136,0.0311745,0.0178991,0.152816,0.186578,-0.192209,0.0994923,-0.115824,-0.0889231,0.173307,-0.0293993,0.0556753,0.0191101,0.0595065,-0.0523718,-0.205287,-0.141358,0.10388,-0.0706017,0.137924,-0.0690718,-0.0966125,-0.0328597,-0.127515,-0.0796428,0.136659,0.0605729,-0.00138615,0.224196,-0.208526,-0.0146266,-0.0319104,-0.00933599,0.199318,-0.0504704,0.195906,-0.0870733,0.0218876,0.0177592,0.0853507,-0.123642,0.0845032,0.0392325,-0.0365436,-0.0179337,0.0352256,0.0547275,0.0633268,-0.153594,-0.074326,0.100757,-0.147252,-0.0332042,-0.309183,0.0812876,0.210889,-0.000562269,-0.152187,0.144516,0.138337,-0.128144,-0.0767816,0.0330306,-0.000934135,-0.0174976,-0.112379,-0.16264,-0.154406,-0.0139912,-0.0695506,
0.0499044,0.127718,-0.0121932,-0.239523,-0.190364,-0.385121,0.0324671,0.114881,-0.0628505,-0.000971517,0.153957,-0.121322,-0.276724,-0.0582476,-0.107638,-0.190778,0.0964323,0.148886,0.09458,-0.214448,0.00970267,0.0996547,-0.0448239,-0.145795,-0.293561,-0.563618,0.0202827,0.107624,-0.0681645,-0.00889767,0.0715071,-0.127208,-0.182422,0.0561409,0.165933,0.0350235,0.131226,0.239199,-0.0580648,0.144813,0.132663,0.251982,0.0223903,0.0602531,-0.0928828,-0.616465,0.308021,0.179556,-0.169889,-0.0386753,0.0139808,-0.0437127,-0.0563692,0.0514967,0.132896,0.00299471,-0.0845988,0.261704,-0.207306,-0.107381,-0.0719088,-0.0484292,-0.0302672,0.100098,-0.10282,-0.34743,0.0911963,0.144328,-0.101219,0.0888392,0.231993,-0.280536,-0.19911,-0.0382889,-0.0915374,-0.0759606,0.0897128,0.206726,-0.0593214,-0.112646,-0.0294858,0.00735712,0.0179729,0.0805692,-0.185589,-0.468448,-0.171903,-0.0650027,-0.101805,-0.0195232,-0.189735,0.0433358,-0.0415311,-0.0160858,0.0120026,-0.0449837,0.180082,0.207325,-0.0696358,-0.0345999,0.104783,-0.164292,0.0513818,-0.00262998,0.00255967,-0.433423,0.0432794,-0.0358632,-0.188421,-0.0844613,-0.0392058,0.0355869,-0.0588551,0.0556941,-0.103879,0.0645591,0.135428,0.0863722,-0.120514,-0.170941,-0.198887,0.176089,0.174237,-0.0345933,-0.162954,-0.226464,-0.0852491,0.0490393,-0.0967331,0.0726257,0.0573418,0.00794181,0.0536401,0.055344,-0.0709802,0.163631,0.0764714,-0.205252,-0.0423561,-0.060712,-0.0976817,-0.114017,-0.0937711,0.211847,-0.0389689,-0.257821,-0.042409,-0.189379,-0.127913,0.159987,-0.0409938,0.0695014,-0.135621,-0.0320945,0.0674668,0.173273,0.15325,0.108286,-0.164502,0.0143355,
0.00647,-0.143477,-0.0638496,0.0379775,0.0932687,0.224837,-0.0186226,0.142201,-0.0755458,0.0976884,-0.0957764,0.0474531,-0.0537528,-0.0243503,0.0720509,-0.134878,-0.0891418,0.0844764,-0.272311,-0.16662,0.158512,-0.176593,-0.170727,-0.0146834,0.102788,0.23074,-0.0740118,0.0508605,-0.183547,-0.119026,-0.101452,0.0662215,0.0228771,-0.0831633,0.140429,-0.238955,-0.0329002,0.0451697,-0.205194,-0.106758,0.0608025,-0.153467,-0.107042,0.0443695,0.23205,0.297814,-0.192853,0.0961099,0.0833662,0.138705,-0.0731977,0.130241,0.013518,0.133787,0.102341,-0.102395,-0.0417732,0.255352,0.14447,-0.162428,0.426974,-0.0689412,-0.233614,0.0372092,0.0506095,0.0822451,-0.27085,0.158688,-0.0817294,-0.045448,-0.131941,0.0747084,-0.155757,0.0516542,0.00613661,-0.184625,-0.0751822,-0.0837457,-0.0493582,0.0888572,-0.0633536,-0.0163787,-0.135204,-0.0180651,0.167096,0.0948376,-0.255543,-0.263345,-0.0651842,0.0875511,-0.0399649,-0.189283,-0.199247,0.199852,-0.080087,-0.146475,0.0236907,0.0415321,-0.168783,0.123919,0.0438227,-0.247644,-0.0504978,0.0382668,0.0413286,0.0884842,-0.31068,0.204382,-0.158425,0.153431,-0.143309,0.0534455,-0.156202,-0.0195643,-0.197451,-0.25942,-0.194623,0.0306267,-0.176808,-0.00727383,0.0354988,-0.12284,0.0335204,-0.0969618,0.161828,0.10873,0.117097,0.235073,-0.0705262,0.0787221,0.00420985,0.012485,-0.0965105,0.00975144,-0.0807076,-0.242683,0.0688508,-0.0407984,-0.0854168,-0.0966337,0.151596,-0.186436,0.132186,0.00588482,0.107823,-0.031677,-0.288253,0.106191,-0.140048,0.0168696,-0.0525916,-0.169915,-0.29002,-0.006323,0.106831,0.0451347,-0.0222717,-0.0988847,-0.0488851,-0.00898629,
0.291371,0.184187,-0.0561238,-0.000113566,-0.331873,-0.269908,0.222103,0.392227,0.00182589,0.0001329,0.112602,-0.24357,-0.179919,-0.0606859,-0.171917,0.306316,-0.0515733,0.194493,0.108871,-0.0605658,-0.00556559,0.39825,-0.115287,0.0594508,0.00243114,-0.443085,0.309712,0.177917,-0.217138,-0.173042,-0.0852854,0.147613,-0.123419,-0.0450572,0.0669896,0.0680264,-0.183076,-0.0420367,-0.212512,-0.176748,-0.0578211,-0.133297,-0.0320232,-0.089228,-0.220758,-0.451944,0.434993,0.31841,-0.0798842,0.0280856,0.0486048,0.223599,-0.0182794,0.123694,-0.0438959,0.109747,0.0411643,0.29988,0.0577351,0.104697,0.0546422,0.198493,-0.226726,0.147985,-0.196544,-0.0357694,0.276888,0.178339,-0.0937282,0.00587475,0.0763641,0.0560046,-0.0395965,-0.0669131,-0.172929,0.249996,-0.195107,0.136298,0.0640837,0.102253,-0.0776153,0.143782,-0.0834814,-0.078036,0.0361399,-0.168313,0.13519,0.249028,-0.120988,0.0627611,0.00230809,0.172061,-0.134597,-0.170131,-0.0416409,0.00915054,0.0250028,0.109929,0.0119337,-0.100339,0.0631772,-0.265272,0.0370187,-0.0175552,-0.15776,-0.153931,0.0529217,0.184135,-0.0228482,0.110185,0.24373,0.352773,-0.098873,-0.0441212,-0.0563436,0.082497,0.142688,0.132909,-0.0108042,0.158647,-0.0766291,-0.0596814,-0.0069066,0.154983,0.132319,0.00350413,0.167868,0.0703249,-0.0379792,-0.02331,0.191756,0.119647,0.0771334,0.0279243,0.0287374,0.094181,0.0781492,-0.0299831,-0.072193,-0.074711,-0.262297,-0.262651,-0.193382,-0.0963723,0.169345,0.107421,0.201723,0.252464,-0.0490893,-0.0370743,0.113323,0.437884,0.0702284,-0.117242,-0.0656506,0.0243827,0.216011,0.116572,0.0016783,0.0909204,
-0.0657376,0.00808249,-0.141813,-0.142559,0.0644098,0.120917,-0.0422256,-0.0986938,-0.0789711,0.218613,0.0521616,0.0705375,0.0192464,0.0306982,0.0936559,0.00217156,0.133684,0.0401967,0.206621,-0.0292323,-0.101924,0.073533,0.0935375,0.0452468,0.0212589,0.0618274,0.0302741,-0.112646,-0.116361,-0.00410139,0.0328853,-0.174661,-0.249992,0.0298257,-0.0366296,0.107191,-0.105608,-0.0372015,0.0421597,-0.141776,-0.17079,0.00666442,-0.0645581,0.200703,-0.0788378,-0.0502171,-0.00434326,-0.11155,0.0969158,-0.0541759,0.186091,0.0164136,0.141019,0.0902394,0.226286,-0.111439,-0.195113,0.0880246,-0.0660717,0.0106859,-0.00382718,-0.00222515,0.00640541,0.140103,-0.0865015,-0.0383173,-0.347338,0.0111209,-0.0198762,0.0603528,0.0701958,0.155895,0.0181859,0.0706528,0.102109,-0.186332,0.153082,-0.13117,0.216048,0.111063,-0.0953974,-0.140693,0.0136486,-0.0351284,-0.0446086,0.157532,-0.212749,0.0143904,-0.0896886,0.110097,-0.145554,-0.0789963,0.0668536,-0.117724,0.225458,0.155274,-0.176768,0.226574,-0.0422411,0.0643611,-0.0035319,-0.0289457,-0.0994009,0.116203,0.0427079,0.0312495,-0.120288,-0.012029,-0.15731,0.12823,-0.031082,0.00724166,0.148855,-0.101069,-0.0961479,0.109835,0.0434436,-0.0545528,0.211424,0.159359,-0.0027227,0.0251377,-0.21251,0.0910827,-0.258854,-0.125224,-0.0307302,-0.202335,-0.107928,0.17325,-0.131283,0.241181,-0.00821674,0.113547,0.211006,0.110611,-0.0890475,0.11854,-0.305499,-0.0181752,-0.158249,0.0459588,-0.088964,0.0322107,-0.253949,0.152547,-0.0754545,0.090469,0.0496689,-0.172407,-0.0465168,-0.104384,-0.0665725,-0.200535,0.0664388,-0.108727,-0.00729163,0.127594,0.132073,0.00825199,
0.267857,0.282348,-0.00778735,0.0571144,-0.480798,-1.10755,0.726716,0.565937,0.0445662,0.0539373,-0.184567,-0.153945,-0.369186,0.0398379,0.281004,-0.00918659,-0.084911,-0.12287,0.00400513,-0.164446,0.15221,0.379931,0.0419082,0.0279802,-0.52176,-0.770784,0.458932,0.199058,-0.152253,0.0255253,-0.0641488,-0.346183,-0.00550591,-0.00485345,0.0544088,0.0538332,0.0721352,-0.134085,-0.0641894,-0.171212,0.308521,0.184626,0.343554,0.00573944,-0.297379,-0.701003,0.442815,0.317008,-0.0640868,0.127953,-0.21882,0.0072307,-0.123902,-0.0375084,-0.204594,-0.026768,-0.000333472,-0.17195,0.237069,-0.0393704,0.25731,0.304738,0.0977046,-0.117285,-0.430857,-0.697142,0.229986,0.238814,-0.00284099,0.0885703,0.0492252,-0.0497061,-0.27251,-0.0416548,0.218025,-0.0116405,0.0229334,-0.244889,-0.190275,-0.0472127,-0.173735,0.220332,0.0759084,0.0154249,-0.216097,-0.416575,0.400286,0.399474,-0.17205,0.150532,-0.269789,0.0401817,-0.0688136,-0.0352282,-0.0805045,-0.183823,-0.0670253,-0.0506483,0.0983751,-0.0115323,0.19429,0.0595559,0.147427,0.0585825,-0.0375043,-0.414999,0.327264,0.0655534,0.0329664,-0.137662,-0.0155499,0.034037,0.0703695,-0.112955,0.0460397,0.0292224,-0.105626,-0.0698646,0.0733355,-0.0351881,-0.164231,0.0718391,0.0353377,0.0444998,0.010218,0.0233785,0.0749852,0.0398047,-0.0165423,0.10756,-0.00308611,0.0980979,-0.018871,0.057052,0.13439,0.0318897,-0.0260644,-0.0703773,-0.0871926,-0.0783529,-0.292485,-0.0499111,-0.231016,0.0537751,-0.0706754,0.306171,-0.052613,-0.134564,0.0209939,0.0695601,0.181794,0.268313,0.00542987,0.206721,-0.0362385,0.183751,0.0986806,0.045253,-0.126464,-0.145922,
-0.0121476,-0.0809538,0.0747643,-0.251151,-0.180068,-0.00730229,0.00578955,-0.0178263,-0.106668,-0.0770629,-0.0339083,-0.0437554,0.0512415,-0.159779,0.104743,0.0243652,0.0648801,-0.227153,0.0674312,0.143466,-0.031465,-0.0153476,0.0411977,0.0543519,-0.101324,-0.0804898,0.112589,-0.0573857,-0.0315931,0.257901,-0.00219821,-0.0523243,-0.142741,0.125778,-0.159791,-0.0131323,0.122235,-0.056739,0.0976526,0.132179,-0.162058,0.127504,-0.326876,-0.161829,0.0871533,-0.180307,0.147802,0.136679,-0.0284139,-0.0198479,-0.0516876,0.0191124,-0.112838,-0.0733268,-0.0281161,-0.255548,0.0189235,0.179446,-0.017099,-0.23268,0.000227466,0.043867,-0.011477,0.215592,-0.106863,-0.0163282,0.0200689,0.0250384,-0.0731209,0.0252322,0.0788241,0.0716193,0.0621326,0.065674,-0.0432145,-0.11829,0.0244443,0.126262,0.0124087,-0.0405725,-0.00749886,-0.0498373,0.0599265,-0.148493,-0.0322802,0.130737,-0.0139281,-0.0088361,0.139072,-0.146778,0.0695621,0.0104435,-0.0592072,-0.0246178,-0.00663963,-0.254204,0.168166,-0.192997,-0.0538615,0.026971,0.0190398,-0.0877837,0.0216705,0.174847,-0.0634758,0.000504317,0.00859901,-0.134522,-0.11258,-0.215658,-0.0543114,-0.0966071,0.0952253,-0.0669459,0.00661541,-0.103323,0.0394901,0.0232528,-0.0851073,0.219138,0.13233,-0.111674,0.0372237,0.0874903,0.0027555,0.0360021,-0.100177,0.0627152,-0.0792667,0.175235,0.148346,-0.00330614,0.0151045,-0.0958272,-0.0473861,0.0320378,-0.240405,0.211191,-0.0681605,0.13528,0.0901483,-0.216445,0.00946714,-0.064815,0.0687508,0.0245409,-0.0942751,-0.0235998,-0.187314,-0.0676149,-0.0947386,-0.13284,-0.224822,0.0411034,-0.0121541,-0.0389265,-0.163422,0.0400709,0.00416854,0.0404072,
0.202506,-0.0457889,-0.0421319,0.113061,-0.165433,-0.483218,0.122004,0.205513,-0.0608289,0.0331946,0.0985454,-0.246049,-0.0132589,-0.10382,-0.147337,-0.0066262,-0.18292,0.192124,-0.165924,0.113806,0.00774721,0.1064,-0.0361204,-0.117353,-0.194156,-0.366348,0.212565,0.109919,-0.0331397,-0.000506386,0.0108331,0.000212925,0.0105121,0.113067,-0.0646092,0.284293,0.111164,-0.117295,0.341381,-0.02423,-0.0803416,-0.115448,0.14611,0.0326724,-0.219528,-0.231911,0.162555,0.0717839,-0.147143,0.0726852,-0.298027,0.0182591,0.226442,0.0334918,0.153995,-0.134083,0.0999953,0.0327495,0.30305,-0.158541,0.0736575,0.194951,-0.0458629,0.123194,-0.0332917,-0.273359,-0.1367,0.24216,-0.0489845,-0.0401799,0.132909,0.283136,-0.156704,0.00876328,0.0866782,0.223653,0.0906605,0.0758973,-0.0752751,0.109694,-0.00475877,-0.0450927,0.0454871,0.0025561,0.155151,-0.202292,0.0465239,-0.043995,-0.267617,-0.1117,0.143215,0.0384717,-0.0399543,0.0790908,-0.112796,0.0132065,-0.0453012,-0.161296,0.192228,0.0307498,0.13115,-0.0471936,0.0843982,-0.0187259,-0.228153,-0.0258789,0.152725,0.0340146,-0.103187,-0.0918171,0.0268661,0.0447589,0.0299274,-0.221989,-0.19193,0.158058,0.00658324,-0.0390255,-0.105304,-0.0346082,-0.0475237,-0.0753604,0.174189,0.0778404,-0.208861,-0.119462,0.207794,-0.00351205,-0.0966713,-0.0386875,0.00393581,0.135888,0.0750397,0.0552364,0.20933,-0.160959,0.0232617,-0.0359575,0.00448231,-0.142455,0.00524799,-0.0689563,0.0119404,0.161799,0.113809,0.0105274,-0.0272575,-0.10331,-0.230467,-0.163731,0.00664854,-0.022924,0.0847593,0.0384801,-0.00576907,-0.112923,0.101761,-0.336239,0.154252,-0.00134395,
0.2632,0.340258,0.00610831,-0.00452436,-0.357065,-0.721954,0.1029,0.183481,-0.0401975,0.0733153,0.0162839,-0.370243,-0.699966,0.0171571,-0.120204,-0.0635452,-0.415834,0.990857,0.156102,0.109571,0.309787,0.0907526,-0.237872,0.0520879,-0.335284,-0.759297,0.157972,0.368899,-0.0356543,-0.0149736,-0.0327244,-0.324066,-0.32412,-0.00106789,0.111675,0.135224,-0.18141,0.7341,0.0156802,-0.0158588,0.122582,0.217576,0.203072,-0.175726,-0.123877,-0.722514,0.28953,0.104576,-0.133396,0.171771,0.165089,-0.292193,-0.134564,-0.0666775,0.0569294,0.10387,-0.0850969,0.724934,0.23261,0.0900079,0.0984236,0.0436655,-0.0468253,-0.215766,-0.34407,-0.539807,0.0983601,-0.0200241,-0.0192913,0.0276404,-0.109116,-0.177633,-0.0926537,0.0580205,0.279064,-0.0777041,-0.102932,0.809617,-0.0918878,0.119802,0.230921,-0.256071,0.0281485,-0.0770494,-0.263333,-0.391477,-0.0948713,-0.116811,-0.097551,0.00161207,-0.0838573,-0.228052,-0.20947,0.0278637,-0.0799112,0.0549437,-0.142602,0.487253,0.137249,0.177582,-0.0506538,-0.0867195,-0.052175,-0.0601034,-0.104291,-0.234036,0.124483,-0.00930389,-0.0203268,0.0978728,0.0750701,0.115306,-0.123336,0.00187385,-0.0212518,0.142743,-0.0857747,0.49239,-0.00626529,0.0438816,0.120284,-0.137774,0.0393222,-0.136401,-0.14894,-0.0491735,-0.112117,-0.0240388,-0.0964852,0.18761,-0.0212063,-0.0203065,-0.15694,-0.271093,-0.00840405,-0.198272,-0.112994,0.455154,-0.102463,0.0263272,-0.217059,-0.30081,-0.146168,-0.0470454,0.0228918,0.0609678,-0.135407,-0.0752188,-0.173847,0.0383592,-0.0382029,0.157741,-0.0391473,-0.112294,0.0954033,0.0924547,0.162395,0.321001,-0.123943,-0.155438,
-0.0522462,-0.206833,0.296691,0.00894938,-0.0264857,-0.0342867,0.119226,0.040021,-0.0567828,0.0328298,-0.078112,-0.259209,0.0476385,0.0366739,0.142493,0.00237301,-0.00476896,-0.0421815,0.0262872,0.0448094,-0.0227289,-0.0924729,-0.0807665,0.0329541,-0.0179173,-0.00453296,-0.136891,-0.14307,0.0188172,0.176963,-0.194449,-0.0900787,-0.253079,0.14127,0.0429938,-0.0840452,0.163227,-0.222876,0.0908082,-0.0846883,-0.114751,0.137599,-0.0362567,0.246302,0.208997,-0.133032,-0.0208023,-0.0983993,0.109746,-0.0781612,-0.0256805,-0.051294,0.0274248,-0.0612896,-0.122059,0.0372862,-0.0836092,-0.241798,-0.243608,-0.110512,0.0658192,0.0538291,-0.1446,0.102089,-0.0804331,-0.0921822,0.0418122,-0.206158,0.169579,0.0533633,-0.121458,0.0849635,-0.109093,0.206265,-0.0578714,-0.0725428,0.199166,0.0278077,-0.0733194,-0.0670352,0.109645,0.126282,0.0717683,0.00477314,-0.0437787,-0.128975,-0.141094,0.0358656,-0.287684,-0.0927476,-0.149255,-0.174477,-0.177078,0.131766,-0.0107101,-0.0236806,0.10956,-0.0572261,0.103183,-0.0425557,-0.0585554,-0.0388858,0.0727393,0.109399,-0.0150571,0.00937848,-0.236276,0.0768256,-0.0367023,0.0764106,-0.0347041,0.00744668,0.00299886,-0.303982,0.0998804,0.0291047,0.11688,-0.0526035,0.269465,-0.0158615,0.0231272,0.12524,-0.0893495,-0.0903201,-0.0240179,-0.044582,0.053099,0.174366,0.0720411,-0.100023,-0.0404308,-0.258043,-0.0593612,0.0682605,0.134769,0.175653,-0.107297,-0.0618142,0.0170651,0.0227438,-0.132586,0.0298194,0.157792,-0.204149,-0.267009,0.0721279,-0.116599,-0.0165947,-0.205061,0.0407193,-0.111517,-0.0671628,-0.0830078,0.0494906,0.0127651,0.107288,-0.0165792,0.159014,0.2526,0.0089619,
0.295276,-0.0611402,-0.277903,0.200623,-0.288779,-0.404204,0.113923,0.244269,-0.279529,-0.00933904,0.0124723,-0.556352,-0.324611,-0.0393144,-0.0979503,0.0643352,0.0393932,0.58445,0.224417,0.0846104,0.10658,0.223549,0.102587,-0.0351082,-0.0591595,-0.243557,0.132243,0.284048,-0.15493,0.304487,0.129104,-0.214772,-0.15326,-0.163578,0.0883332,-0.00286208,0.226006,0.358162,0.135759,0.116305,0.170115,0.214351,0.089246,0.168571,-0.235374,-0.298632,-0.119765,0.303903,-0.0763155,0.0297628,0.180057,-0.416461,-0.103929,0.0473848,-0.0486188,0.141151,0.265997,0.255448,-0.0123409,0.0215802,0.0409163,0.188447,-0.138353,0.130607,-0.0719216,-0.170226,0.0280421,0.0749396,-0.0802627,-0.0635331,0.0622706,-0.0533717,-0.217438,0.0702626,0.0465617,-0.0785121,0.244929,0.311866,-0.0738644,-0.0802471,0.0336632,0.0124142,0.0614452,-0.0443414,-0.0213833,-0.232538,-0.0353779,0.0859262,-0.0785183,-0.034748,-0.206266,-0.286877,-0.0818511,0.106337,0.104819,0.0602254,0.267099,0.411886,0.0352458,-0.0154744,0.118325,-0.139213,-0.154661,0.155232,-0.146527,-0.0451053,0.0912415,-0.0263064,-0.0650391,0.067799,-0.130058,-0.158474,0.0815093,-0.0908913,0.0537389,0.0222853,0.232953,0.300443,0.375298,-0.156504,0.0408625,-0.324414,-0.104337,0.0963073,-0.0017274,0.131879,-0.154746,0.0460098,-0.291326,0.135699,0.182359,-0.0239942,-0.0865468,0.179549,-0.206422,0.270425,0.275519,0.142801,0.0526941,-0.115205,0.0270832,0.0708736,0.0118934,0.0340114,0.0648462,0.165486,0.0737588,-0.0730644,0.0851953,0.171492,-0.132088,0.0902615,0.061863,-0.0344436,0.232999,0.00704962,0.346543,0.166678,0.0165908,0.0556706,
0.00330353,0.511721,0.392466,0.143954,-0.684086,-1.62826,0.686266,0.326776,-0.160636,0.365957,0.00424101,-0.440617,-0.255346,0.00627356,0.0640112,0.0432435,-0.190699,0.494931,0.23919,-0.115843,-0.0609994,0.55113,0.347028,-0.0204804,-0.434885,-1.16937,0.672383,0.496854,-0.499521,0.293469,0.261041,-0.379346,-0.27635,0.0890154,0.0930692,0.162989,0.0513221,0.497598,0.211671,-0.0391024,-0.202713,0.131874,0.402216,-0.0285377,-0.537824,-1.17431,0.276896,0.125571,-0.0206346,0.0524681,0.190823,-0.143901,-0.0374013,0.107691,0.101821,0.0410105,-0.0878237,0.3975,0.194534,0.0611042,-0.0329847,0.393968,0.257237,0.0343732,-0.330458,-1.04275,0.529066,0.263657,-0.110158,0.110045,-0.119554,0.0993123,-0.0560536,-0.0639664,0.0988472,-0.0252765,0.0111551,0.43797,0.148117,-0.121186,-0.300269,0.16249,0.0841913,0.0429868,-0.19094,-0.613274,0.513173,0.0614753,0.00916144,0.111518,0.0134955,0.367064,0.141451,-0.0456372,-0.192363,0.032344,0.405392,0.380478,0.0571282,0.16237,-0.254019,0.107059,0.135181,-0.112273,-0.331137,-0.531018,0.367259,0.228594,-0.0917886,-0.0127947,0.0130717,0.3085,0.0361263,-0.106673,0.12624,0.131083,0.228644,0.430634,0.205715,-0.171115,-0.16089,-0.135699,0.0884432,0.0399769,-0.150172,-0.10257,0.38992,-0.00173889,-0.0960641,0.185719,-0.025871,0.394091,-0.0112767,-0.0540607,-0.189901,0.00533247,0.101255,0.242937,0.161854,0.0890146,-0.39437,-0.145796,0.0389664,-0.022539,0.0799467,-0.0378043,-0.10555,-0.198378,-0.359524,0.0232299,0.113262,0.663877,0.0615937,0.148618,-0.122056,0.0938275,0.336104,-0.0820963,-0.00372639,0.169103,
0.213264,0.265335,0.0819952,-0.0232032,-0.517166,-1.17737,0.558933,0.298676,-0.0594935,0.00292123,-0.0949876,-0.523502,-0.248852,-0.152619,0.180063,0.129881,0.0649638,-0.496643,-0.262419,-0.0253545,0.120398,0.312144,-0.000721641,-0.173884,-0.518596,-1.02736,0.167346,0.394414,-0.292062,0.0375939,-0.0326486,-0.146597,-0.226744,0.0821379,-0.0353709,-0.0911525,-0.0196541,-0.545353,-0.106455,-0.194396,-0.0106131,0.123974,0.0969288,0.140673,-0.507323,-0.671271,0.44073,0.293486,-0.0976475,-0.00390725,0.0127188,-0.174143,-0.0418028,-0.0856417,0.0486529,0.0638038,-0.0997686,-0.199448,0.0190935,0.244027,-0.00527312,0.306496,-0.0136129,0.0309862,-0.279155,-0.558984,0.358181,0.273425,-0.00764409,0.111371,0.298807,-0.325032,0.143029,0.0564507,0.0386427,-0.119075,-0.134195,-0.352331,-0.0197868,-0.0464967,-0.162825,0.279838,0.312874,-0.186221,-0.173292,-0.447974,0.292574,0.0752377,-0.190539,0.00875107,-0.0187565,-0.0443091,-0.133452,-0.048537,0.145552,0.0721084,-0.069377,-0.163533,0.0667355,0.0572399,0.0132051,0.0174503,0.0472977,0.0811914,0.0186375,-0.175189,0.140416,0.0597287,0.0561984,0.139962,-0.115002,-0.186608,0.00513865,-0.154555,-0.0160306,-0.163713,-0.286584,-0.418396,-0.124921,-0.164647,-0.143118,0.127081,0.0390875,-0.0611097,-0.0552724,-0.0275344,0.157612,0.210133,0.00895723,0.276309,0.13898,0.244254,0.0830009,-0.128209,-0.050539,0.0173418,-0.123576,-0.224614,0.00160032,0.0878249,-0.144202,0.0929427,0.116837,0.154465,0.0490273,0.101984,0.0561623,-0.0228165,0.213271,-0.0522797,-0.010506,0.210118,0.149079,-0.0508406,-0.022888,0.0703664,-0.113368,-0.402677,0.088111,-0.023812,
-0.156562,-0.0772363,-0.105321,-0.0646652,0.187346,0.23978,-0.333256,-0.120474,-0.206137,-0.0481596,-0.106517,-0.00450505,0.064318,0.254503,0.195211,-0.141862,0.0602776,-0.00109993,-0.0946639,-0.207986,-0.258936,-0.129181,0.0769259,0.0770368,0.17297,0.0290909,-0.256644,-0.244339,0.0956613,0.180153,-0.121213,0.0983126,0.214018,0.110166,0.0446779,-0.00634107,0.0602721,-0.0457769,-0.0322514,0.0760373,-0.109418,-0.186342,-0.0611791,-0.191606,0.0477028,0.0859349,-0.108731,-0.0139581,-0.0822892,0.110851,-0.227151,0.114725,-0.325341,-0.012934,-0.0480186,-0.0759428,0.0384424,-0.0596042,-0.0926399,0.0145159,0.0132958,-0.0118275,0.0855159,0.00819577,0.254476,0.34934,-0.151768,-0.056477,-0.0039722,0.144711,-0.217245,-0.0728616,0.000111032,0.0471109,0.0843439,0.0447978,0.10039,-0.000728425,-0.0382019,-0.136169,-0.170396,-0.016159,-0.01094,-0.174942,0.0744794,0.309807,-0.289385,-0.116135,-0.224441,0.170656,-0.103322,0.153536,-0.0634479,0.0637872,0.0864594,-0.0989566,0.215096,-0.090415,-0.013378,0.0642333,0.0679372,-0.144111,-0.365281,-0.0997964,0.0136402,0.120209,0.0276895,0.0940867,0.0747767,0.127495,-0.0726006,0.0853563,-0.0168842,0.0205316,0.126644,-0.0399448,0.0169239,-0.113901,0.0880518,0.065662,-0.118462,-0.168242,-0.213773,-0.0463584,-0.0641812,-0.0879254,-0.129601,-0.147758,-0.0600816,0.102223,0.00616097,0.0208591,-0.226736,0.0678547,-0.0477868,-0.0523274,0.13671,0.0474758,0.057165,0.111687,0.0867675,-0.0938734,-0.0251737,0.0307261,-0.0802927,0.0827072,-0.157737,0.10303,-0.0565717,0.0154804,-0.136296,-0.0286836,-0.0957043,0.0945597,-0.171085,-0.170404,0.0695143,-0.0284491,-0.217851,-0.148532,
0.0333467,-0.0844389,-0.0121121,-0.016081,-0.123528,-0.00418355,-0.0359215,-0.118414,0.11825,0.00989091,-0.0422834,0.0638868,-0.016846,0.10658,-0.13782,-0.00188839,0.142188,0.0137571,-0.108327,-0.0746951,-0.150336,0.0411002,-0.0196672,0.0753199,0.153842,0.16214,-0.0951659,-0.0665795,-0.129648,0.0365649,-0.0602253,0.0676967,-0.0543586,-0.0390807,0.180021,-0.0912581,-0.0471227,-0.233223,-0.0403781,0.097844,0.0303719,-0.0933416,0.00473806,-0.0464277,-0.231344,-0.0337372,-0.170385,0.0507081,-0.302225,0.0981438,0.168975,-0.124331,0.100971,0.090515,-0.110543,0.059468,0.0516963,0.179481,-0.075631,0.158527,-0.100965,-0.010227,-0.274543,-0.109779,-0.0530057,0.127963,-0.0351277,0.282781,0.0258859,0.196004,-0.114812,0.0128253,-0.0583695,0.207825,-0.0877736,0.247484,-0.0332499,-0.0707214,0.157012,0.0648648,-0.166767,0.0150215,0.00309274,0.0899609,0.0177683,0.115249,0.0949891,-0.18124,0.0120506,0.0656484,-0.0840454,-0.0434718,0.0302957,0.0286536,-0.0653141,-0.139271,-0.189006,-0.0219292,-0.0162929,0.0234202,0.033396,0.194177,0.0311942,0.0341458,-0.262368,0.092169,-0.0530962,0.117132,-0.0136486,0.0848644,-0.209752,-0.0922263,-0.00729361,-0.197398,0.0110754,0.0729707,0.288371,-0.103922,0.00362235,-0.214599,-0.147556,-0.0954925,-0.0653193,-0.0344602,0.120184,-0.158243,0.0408549,-0.132212,-0.0467302,0.0989973,-0.0695749,-0.0734185,-0.229896,0.0193362,-0.0354844,-0.00892396,0.219099,0.165887,0.211087,0.0999377,-0.128995,-0.0731195,0.122046,0.00716429,0.0702537,-0.113112,-0.0346077,0.0493418,-0.0689543,-0.0604281,-0.00753162,-0.0889492,0.197125,0.051796,0.216065,-0.232522,0.0275433,0.0534584,-0.0313504,0.199082,
0.171931,0.831973,0.122281,-0.346302,-1.31162,-2.50473,1.04227,0.751024,-0.0990207,0.0730949,0.137416,-0.758837,-0.697432,0.020696,0.00593511,-0.0723285,-0.0638286,0.641269,0.253649,-0.042935,0.0891374,0.906621,0.203065,-0.197179,-0.984202,-2.30877,0.918541,0.438644,-0.0660699,-0.0331244,-0.0173605,-0.220784,-0.230735,-0.0675834,0.138875,0.0339988,0.141345,0.502805,0.236471,0.282601,0.140142,0.638358,0.289321,-0.228793,-0.775499,-1.81525,0.962591,0.394712,-0.367385,0.214826,0.0995446,0.0378408,-0.0366596,0.0419197,0.113762,0.199476,0.157985,0.407579,0.315906,-0.0696777,-0.00734695,0.603931,0.202492,-0.256811,-0.823281,-1.52729,0.879882,0.413606,-0.0261264,0.0909017,-0.262603,0.104668,-0.140305,0.0228176,-0.00273262,-0.151065,0.226797,0.559404,0.00195811,-0.0793248,-0.117343,0.351156,0.253751,-0.142321,-0.646556,-1.38492,0.822495,0.386657,-0.463413,0.280053,0.0513712,0.1497,-0.0789948,-0.171973,-0.0471545,0.1704,0.323984,0.395246,0.0548581,0.0210396,-0.363299,0.275769,0.252652,-0.0306438,-0.387756,-0.929848,0.723443,-0.0923536,-0.133651,-0.0819437,0.0501748,0.223135,0.211684,0.0826155,0.159875,-0.118384,0.243207,0.343996,0.02567,0.153833,-0.333312,0.0130849,0.0237126,-0.0991028,-0.210556,-0.6122,0.604951,-0.0854153,-0.322038,0.349212,0.0241267,0.292598,-0.016998,0.192052,-0.135035,-0.0789491,0.291077,0.18638,-0.0196722,-0.151146,-0.524976,-0.207864,0.0671365,-0.00566663,0.0661081,-0.246456,0.504393,-0.116829,-0.037432,0.0950752,-0.0386985,0.717333,0.464179,0.181626,0.0478203,-0.0235495,0.37601,0.244992,0.188377,0.0378309,
0.215259,-0.121555,-0.0607002,-0.0592543,0.0129012,0.220063,0.0534831,-0.133767,0.0587467,-0.115583,0.0108712,-0.0356364,0.157458,0.0833486,-0.0713228,0.0169692,-0.171446,0.0395307,0.0105837,0.0958102,-0.0583281,0.0328349,-0.0444387,0.0269924,0.00569414,-0.000155325,-0.234333,-0.162774,0.00937505,-0.29957,0.0858168,0.227108,-0.00631078,-0.145985,-0.208498,-0.189944,0.148468,-0.0492185,0.144944,0.0854372,0.11188,-0.0266375,0.0151609,-0.00816368,-0.0541585,-0.0122013,-0.0770288,-0.0619781,0.0221691,-0.188376,0.0605596,0.00393388,-0.182757,0.0346195,0.0272619,-0.1994,0.0750262,0.0933077,-0.17875,-0.071598,0.154946,0.0984644,-0.0568763,0.169978,-0.0603032,0.00424375,-0.116243,-0.0683243,0.0880139,0.0394969,0.0396805,0.256937,-0.169107,0.0861844,-0.124898,-0.0267539,-0.13307,-0.015578,-0.257402,0.0549166,-0.250727,-0.118732,-0.135228,-0.108596,-0.164892,-0.0774444,-0.0158682,-0.0615951,-0.145619,0.0457722,0.0385087,0.00971825,-0.0463562,0.0381146,0.0152589,0.0691242,-0.0334486,-0.0600556,-0.0862673,-0.0750516,-0.152481,-0.0154503,-0.157269,-0.181181,-0.0331534,-0.00815407,-0.0707266,0.0878371,0.203323,-0.0759281,-0.0504118,0.07933,-0.183792,0.161556,0.184521,-0.240409,0.0126302,-0.0231282,-0.102769,-0.0288896,0.0647223,-0.107327,0.0925153,-0.14486,-0.0628319,-0.0524279,0.139997,0.0248132,-0.228382,0.0072397,0.197092,-0.0894924,0.112497,-0.0787768,0.00246046,-0.203236,0.0309169,0.0107509,-0.0138512,0.124753,0.145562,-0.13284,-0.0850295,-0.110817,-0.266852,0.0285254,-0.234726,0.0930812,-0.154191,0.0676024,0.16053,-0.00534528,0.123187,0.0259191,-0.0336018,-0.0453158,-0.00248581,0.165309,0.0974085,-0.0696088,
0.0097067,0.512231,-0.036096,0.0152357,-0.922082,-1.44181,0.771038,0.470133,0.0335104,0.130012,0.123692,-0.19582,0.0573588,-0.00707049,-0.0520192,-0.13714,-0.132564,-0.816889,0.100846,-0.0221092,-0.0305474,0.328686,0.0834339,-0.192385,-0.647278,-1.08714,0.589056,0.315635,-0.0178839,0.0159099,0.127893,0.377075,0.0955136,-0.123034,-0.0361674,-0.0812446,-0.131349,-0.637561,0.231468,0.281906,0.00688628,0.38063,0.247622,-0.153373,-0.472948,-1.10138,0.682356,0.294608,-0.310206,0.217901,0.0289155,0.351059,0.241736,-0.114262,0.187377,0.103175,0.0722525,-0.767851,-0.00450502,-0.0946395,-0.107302,0.0975323,0.36788,-0.089315,-0.593326,-0.883215,0.520983,0.375504,-0.0836014,0.0966055,0.00146699,0.361999,0.137516,0.0306026,-0.12796,0.0527269,-0.14737,-0.864789,0.0825352,-0.0102251,0.0139152,0.209763,0.00262906,0.0948281,-0.367232,-0.712464,0.591968,0.354233,-0.176962,0.47527,-0.0383558,0.493458,0.155936,-0.10111,0.0144812,-0.238261,-0.190266,-0.515193,0.108902,-0.0331436,-0.0299519,0.178321,-0.0322061,0.0435892,-0.113368,-0.583155,0.574266,0.265793,0.0845027,0.103891,0.0526193,0.304329,0.247063,-0.119191,-0.174288,0.139904,-0.431865,-0.52161,0.140431,-0.00740746,-0.253204,-0.123471,-0.160619,0.0312476,-0.254454,-0.144629,0.201206,0.0112999,-0.0942742,-0.0687825,0.0108103,0.301879,0.0196904,0.253601,0.269117,-0.0720716,-0.384252,-0.56581,0.144717,0.0682597,-0.237089,-0.0991868,-0.224959,-0.22113,0.104179,0.0862063,0.154247,0.338661,-0.111096,-0.0218454,0.199941,0.600334,0.150935,-0.0374249,0.0968529,-0.0799736,-0.389507,-0.380678,0.180958,0.164809,
0.0756313,-0.161156,0.0167863,0.0595011,-0.0795037,-0.10946,-0.0100157,0.0234284,0.00955781,-0.198495,-0.0874277,0.00565074,-0.132576,0.049897,-0.113131,0.00856369,0.00785602,0.0536667,-0.041896,0.0485028,0.0576785,0.0563916,0.104042,-0.0519773,-0.0266599,0.0235356,-0.0719464,-0.0185327,-0.119008,0.00182261,0.000487165,-0.247756,0.0380566,-0.211345,-0.0937927,-0.0255752,-0.0402558,0.0977811,0.023542,-0.145621,0.312422,-0.0947257,0.0866453,0.0971597,0.00368793,-0.0844885,-0.0925707,-0.0542396,0.102158,0.139241,-0.123127,0.0556677,-0.0230431,-0.117494,-0.281931,-0.0386562,-0.0592465,-0.0640307,0.159279,0.132056,0.0511456,0.0449573,0.257085,-0.119465,-0.103688,-0.109745,0.08457,-0.0375293,0.0566939,-0.10925,-0.0571121,0.0113225,-0.0271694,-0.0858745,0.283412,-0.173364,0.0661969,0.0136601,-0.0328488,-0.187594,-0.00577033,-0.000750106,0.016406,-0.0670583,-0.140094,0.0222293,-0.110783,-0.0113083,0.07292,0.0364358,-0.113942,0.112175,0.0962872,-0.0220092,0.10642,0.0869314,-0.0109311,0.0389262,0.0594539,-0.143381,0.0898255,0.101681,0.0249289,0.0706146,-0.0649865,-0.0493369,0.0529421,-0.0130044,0.136719,0.00905458,-0.0683249,-0.0575993,-0.0651281,0.0167761,-0.0861874,-0.0014031,-0.220044,0.145345,0.0215358,-0.0689607,-0.0438291,0.069828,-0.0038635,-0.282331,-0.175744,0.0411292,-0.0394867,-0.0095996,0.0880815,0.0614388,0.157751,-0.073822,0.036051,0.0189229,-0.0322277,0.0354372,-0.0281535,-0.129786,0.234173,-0.0626235,-0.294737,0.123001,-0.0862714,-0.162323,-0.210894,-0.0939978,-0.0636444,0.0709267,0.0572704,0.0577877,0.0796827,-0.102042,0.0949942,-0.110128,-0.11402,0.167343,0.0905031,-0.0292801,-0.0076202,-0.0166533,
-0.341138,-0.259877,-0.0518347,0.118408,0.0335155,0.446617,-0.17708,-0.00571475,-0.096445,0.150172,0.0794468,0.186548,-0.0575321,-0.0610579,0.323107,-0.0626581,-0.454572,0.221466,0.0131435,0.13461,-0.103132,-0.286845,-0.388335,-0.10368,0.0740363,0.197325,-0.168806,0.0533629,0.108146,-0.0300585,0.103147,-0.0707635,0.0424882,0.156765,0.239115,-0.0820621,-0.555372,0.145184,-0.0185748,0.125056,-0.226609,-0.28527,-0.170231,-0.157627,0.16263,0.547439,-0.207155,-0.057586,0.0269512,-0.143187,-0.128936,0.187819,0.116561,0.0621195,0.0169029,-0.0383279,-0.510295,0.0191327,-0.278636,-0.0285299,-0.426322,-0.0390477,0.00844251,-0.0128226,0.166071,0.197108,-0.0934832,0.0798762,-0.136717,0.0371269,-0.0397745,0.218434,0.0463374,-0.124504,0.167689,0.0298961,-0.565448,0.399174,-0.148936,-0.194561,-0.0914049,0.106793,-0.244264,0.0238099,-0.00612452,0.274974,0.0268302,0.214574,-0.0475835,0.0550336,-0.166039,-0.010001,0.191758,0.247666,-0.205822,-0.353832,-0.661799,0.097986,-0.119622,0.0202954,0.116964,0.182864,0.109088,0.144647,-0.0914738,-0.0403093,-0.0244738,-0.000709317,0.0512303,-0.113992,0.0746235,-0.169498,-0.00646686,-0.126056,0.173765,-0.155006,-0.297485,-0.0289419,-0.00859456,-0.0805432,-0.118483,0.0548515,-0.27744,-0.00440783,0.0151229,0.0453717,0.0433953,0.0704727,-0.0561058,0.100066,-0.116864,-0.412996,-0.162251,0.0883403,-0.0216777,-0.334047,-0.503194,-0.13299,-0.0449917,0.128378,-0.0402533,0.157678,0.0439931,-0.104552,-0.112038,-0.0866777,0.0665103,0.0840958,-0.165248,-0.0141004,-0.0385842,-0.306432,-0.261385,0.144635,-0.0115012,-0.107236,-0.705922,0.0172119,-0.110781,-0.025595,
0.102293,-0.0239941,-0.140507,-0.068698,-0.0149873,0.00198722,-0.287324,-0.0866046,0.221158,-0.187363,0.139357,-0.0208545,-0.135368,0.11638,-0.158772,-0.295522,-0.0274664,0.0347012,0.111662,-0.0910062,0.0888489,-0.288418,0.157616,-0.0325402,-0.101943,-0.225667,-0.0805099,-0.11754,0.0196913,-0.217436,0.123829,0.134777,0.0976646,0.13634,0.00900823,-0.0836243,-0.100494,0.309816,0.123697,0.0214269,0.0372829,-0.0724759,-0.253797,-0.0460734,0.0442402,0.0585311,-0.183925,-0.171141,0.0774502,0.160304,-0.0351819,0.0499399,-0.149694,-0.172689,-0.0494047,-0.00894503,-0.0394722,0.0202102,-0.0509272,-0.122745,0.0436426,0.194336,0.16411,0.0546311,0.081989,0.141072,-0.191215,0.00927806,-0.105955,0.0389702,0.0577264,0.0680888,-0.0373274,0.0338023,0.151695,-0.175673,0.0499863,0.0624956,0.0958423,0.0162353,-0.0149117,-0.0409364,0.01028,-0.16146,0.0866771,0.00674086,0.0955024,-0.136621,-0.0334916,-0.0207637,0.0216225,-0.0446654,-0.068551,0.0657133,0.00941148,0.0105546,0.195259,-0.0503321,0.0262641,-0.0529894,-0.119427,0.00384781,0.00357131,-0.102621,0.170117,-0.0113727,-0.192553,-0.102527,-0.220874,-0.0148232,0.212092,-0.177732,0.130363,0.0799088,0.22987,0.0885936,-0.0369173,0.00570286,0.0299013,0.0981868,-0.0777339,-0.0551591,-0.201318,0.267999,-0.145434,-0.0979536,0.106139,-0.126606,-0.0307703,0.117552,0.314703,0.0677097,-0.0334547,-0.217557,0.0837185,0.1211,0.13698,-0.0215954,0.0488643,-0.0169801,0.17356,0.148417,-0.188945,-0.0830498,-0.167174,-0.0033147,-0.006161,-0.141743,-0.0874919,0.0787435,0.0549941,0.0765887,-0.0531489,-0.103597,0.0162731,-0.148417,0.0601603,-0.0449246,-0.121393,-0.266192,
-0.0181968,-0.0107007,-0.020937,0.0951629,0.0577101,0.0365547,-0.039637,0.120271,-0.191613,-0.0478095,0.0886133,0.109553,-0.120467,0.158176,-0.159015,-0.158191,-0.151302,0.0601657,-0.137514,-0.174568,-0.0784748,0.0557633,0.0984318,0.0031927,-0.0450308,-0.155841,0.0984866,-0.0371182,-0.0407156,0.11757,0.0109963,-0.00907148,0.154226,0.170726,-0.109182,0.120098,0.0721069,0.0600552,-0.0724623,0.0895679,-0.115692,-0.00311956,-0.0608365,0.150635,0.114027,-0.0582531,0.0388541,0.185996,0.000199329,0.0152861,-0.0482197,-0.0480941,0.0729317,0.303322,-0.240316,-0.152818,0.0202279,-0.127739,-0.0408007,0.0272346,-0.0189838,0.155955,-0.167836,0.180866,0.00292769,0.105524,0.20047,0.0144883,0.0237929,0.040155,-0.10187,-0.137739,0.00697605,0.0894996,-0.103493,0.0912504,0.0511177,0.0615718,-0.0427687,-0.0218789,-0.0380803,-0.0740062,-0.122105,-0.205216,0.021958,-0.149833,-0.127359,0.0925552,0.129298,0.0116315,0.212275,-0.121828,0.172173,-0.187581,-0.115975,-0.0650467,0.00221022,-0.179061,-0.102661,-0.021631,-0.00415014,0.18057,-0.0429367,-0.161172,-0.0066696,-0.116276,-0.067773,0.0172793,0.0205208,0.0667303,-0.225664,0.0802898,-0.0772521,-0.221376,0.229805,-0.00822003,0.067899,0.120147,0.136637,-0.0463406,0.0716095,-0.137655,0.221145,0.0278689,-0.210482,-0.0602269,-0.01812,-0.0191539,0.0990325,-0.0751026,-0.178208,-0.0299904,0.146992,-0.0330239,-0.13426,-0.158568,-0.303321,0.0989156,0.0496462,0.0410216,0.0109297,0.0375985,-0.149754,0.0545793,-0.0952967,-0.0498652,0.023355,-0.0983217,0.109261,0.229712,0.0552408,-0.0633366,-0.110766,0.0612164,0.0967848,-0.211682,0.201075,-0.065167,0.10945,-0.103696,
-0.0919151,-0.50937,-0.194934,-0.171078,0.0858867,0.171808,-0.38853,-0.0531107,-0.0210249,0.108095,-0.121044,0.0378137,0.0930855,0.0105538,0.0413454,-0.145015,-0.205037,0.221734,-0.1979,0.105849,-0.202749,-0.0463206,-0.115172,-0.0934498,-0.072546,0.310524,-0.215076,-0.0349568,-0.113247,0.114891,-0.185505,0.0826757,-0.152704,0.157866,0.0614537,-0.166358,-0.346392,0.193849,-0.0811651,0.0523313,-0.0705645,-0.139937,-0.21077,-0.215401,0.0326086,0.405053,-0.280719,0.0129454,0.215035,-0.239631,0.00795031,-0.206875,-0.094316,0.15985,-0.0189127,-0.322124,-0.322516,-0.022225,-0.179785,-0.0911068,0.0607095,-0.0881917,-0.19819,-0.0219731,0.146935,0.275725,-0.287958,0.00941425,-0.0550453,0.0297587,-0.161146,-0.00202111,-0.124195,-0.108939,-0.0752195,-0.256181,-0.306336,0.20146,-0.109314,0.0417317,-0.133692,-0.0969613,-0.155089,-0.154086,0.229137,-0.0290294,-0.255986,-0.0126818,-0.0406871,0.265657,-0.0952705,-0.0661965,-0.0262291,-0.126001,-0.0239746,-0.173302,-0.20093,-0.0989432,-0.0872594,-0.0760755,0.129892,0.0139374,-0.0715868,-0.0889485,-0.158575,0.0709068,-0.0471695,-0.0403758,-0.035101,0.216865,-0.14355,-0.144276,-0.263707,-0.220746,0.0379483,-0.162957,-0.267119,0.171581,-0.111621,-0.0332216,0.0577964,-0.297317,-0.22866,-0.0575821,0.0288065,0.0396591,0.0234164,0.0567375,0.0266832,0.163254,0.163912,-0.100865,-0.107966,0.0282486,-0.0443729,-0.140426,-0.253366,0.0207659,-0.113193,0.0220768,-0.0138785,-0.169556,-0.0524669,-0.105804,-0.0729331,-0.0468996,-0.215934,0.00256601,0.0905023,0.142513,-0.00774653,0.00498041,-0.387925,0.214358,0.0655293,-0.114703,-0.38928,0.0297587,-0.0857529,-0.00773476,
0.0416623,0.0657012,0.11523,-0.118424,-0.139538,-0.148124,0.165477,-0.0251526,0.0417925,0.086851,0.0120473,0.152677,-0.0884183,0.00541444,-0.0541516,-0.14667,-0.174976,-0.0584389,-0.00476401,0.25509,-0.0943789,-0.119741,-0.0819086,0.0300175,-0.132054,-0.212375,0.221097,0.0758196,-0.119555,0.0708583,-0.0363273,-0.10114,-0.0273709,0.0646243,0.0458307,-0.0334135,-0.0155675,0.19191,-0.152567,-0.0901664,-0.0157676,-0.276714,-0.15295,-0.148363,0.110811,-0.0132067,-0.156571,0.147208,0.00181845,0.0147973,-0.0253279,0.0329552,0.0635895,-0.245328,0.0371713,0.00930647,-0.0429787,-0.198544,0.353654,0.104448,-0.195391,-0.115912,0.082294,0.166362,-0.110844,0.00255813,0.14378,-0.0344941,-0.143673,-0.129706,0.062511,0.0345643,0.175655,-0.280202,-0.0216149,0.161315,-0.0535748,-0.102069,-0.110638,0.0664053,-0.126049,0.0488962,-0.157906,-0.152196,-0.127809,0.135873,-0.036047,0.10568,-0.145858,-0.0500424,-0.0406847,-0.101517,0.018192,0.0904797,0.0170982,0.00932603,0.0120282,0.104574,-0.0320168,-0.0219541,-0.120059,-0.106274,0.0298112,-0.243263,-0.109463,-0.094628,0.0394158,0.0167153,-0.056244,0.0316167,-0.0677641,-0.0891391,0.000440454,0.0529912,0.118091,-0.0259184,0.0113378,0.0378549,0.00747401,-0.0318533,0.049139,0.0519828,-0.0758195,0.106883,-0.0435017,-0.0522246,-0.195761,-0.128204,-0.066606,0.0267035,0.00294269,-0.0283751,0.216507,0.0693768,0.0213865,0.026255,-0.0812137,0.0059323,0.134029,0.0396165,0.308528,-0.0759021,-0.0530619,0.167377,0.0824412,0.197524,0.032152,0.0613094,0.223973,-0.0154787,-0.0141077,0.0503296,-0.03326,0.0736842,0.0119181,-0.0701877,0.059499,0.0111702,-0.0111344,-0.0923654,
0.0421921,-0.219172,0.0447443,-0.105637,-0.180424,-0.107349,0.0177578,0.0734037,0.0620142,-0.168505,-0.00391899,0.00514478,-0.0321736,0.0622489,-0.0987823,0.0864304,0.0424042,0.0660818,0.00194779,-0.0494435,0.112494,-0.0120992,0.0642369,-0.00643519,-0.0762964,0.00143837,-0.0703156,-0.105443,0.0350136,-0.179114,-0.0437469,0.1476,-0.0216452,-0.165783,0.032663,0.0699714,0.163729,0.391336,-0.0584331,-0.223346,-0.0181825,0.0867964,-0.0842863,0.0660845,-0.342215,0.0522284,-0.123997,0.0402462,-0.14069,0.183439,0.0419202,-0.0315819,-0.0693629,-0.0516192,0.0280607,-0.225634,-0.00880882,0.0911066,0.202189,0.0697825,-0.195802,-0.0674102,-0.184782,-0.273348,-0.0151766,-0.117471,0.21269,-0.117147,0.0093494,-0.152055,-0.0934804,0.000153555,-0.0389405,0.150036,0.0640557,-0.102487,0.213678,0.0765115,0.117909,0.315329,-0.0790388,0.0401928,0.046502,-0.09967,0.0816942,0.0921639,-0.140736,-0.0901116,-0.0793909,0.066676,-0.0365021,-0.060745,-0.202393,0.140527,0.0309434,-0.0339106,-0.0395073,0.0501375,0.0524733,0.00953511,-0.0246101,-0.0752177,-0.153301,-0.0608853,-0.0226776,0.0544493,-0.196088,-0.0973813,0.0368046,-0.0161858,0.0395959,0.170761,0.0441711,-0.0866827,-0.164656,-0.211533,-0.0113504,0.0387488,-0.10436,0.0825572,-0.020518,-0.123854,0.0592582,-0.151403,-0.0860325,-0.100256,-0.0647378,0.0728719,-0.145864,0.0348504,-0.0570212,0.0281712,-0.0479472,-0.252125,-0.0252607,-0.0468126,-0.0426535,0.138359,0.0130205,-0.0154327,-0.120787,-0.123759,0.0549431,-0.0485771,-0.0186672,0.0928501,-0.109083,-0.0656404,-0.121067,0.0364072,-0.00912244,0.0596976,-0.154503,0.038058,-0.186733,-0.054605,-0.0216281,0.139038,0.065018,0.1589,
0.0353587,-0.0118771,0.069357,0.0721177,0.0490473,0.037559,0.103621,0.137987,-0.158992,-0.101986,0.102583,0.13917,0.10018,-0.0615014,0.144959,0.081323,0.139759,-0.282164,0.093025,0.0870913,-0.0995283,-0.330438,-0.16548,-0.13329,-0.154787,-0.0628835,0.101609,-0.23904,-0.176913,0.0309363,-0.117078,-0.0686474,-0.206621,-0.0313245,-0.0177618,-0.106345,-0.163416,-0.0156445,0.315864,-0.182913,0.0757767,-0.0999306,-0.0530811,-0.238861,-0.0363282,0.0999199,-0.0517932,-0.127553,0.276263,-0.24049,0.124203,0.000647543,0.038831,0.138881,-0.0914189,-0.00555171,0.291727,-0.0803848,-0.121392,0.176278,0.075483,0.00291811,-0.166509,-0.127424,0.202996,0.0246563,-0.0875171,0.018422,-0.134646,0.0185958,0.0520782,0.0241722,-0.131134,0.192584,-0.214798,-0.00781431,0.0334731,-0.0555711,0.229,-0.0776031,-0.0939994,-0.0277644,0.0163804,-0.0205701,0.179455,-0.0454028,-0.0948354,-0.0908875,0.142681,-0.261137,-0.0628086,-0.0484979,-0.0942578,-0.166135,0.0205271,-0.0919207,-0.00694892,-0.101997,-0.00934852,0.0160476,0.0236622,0.0884261,-0.018531,-0.0645456,0.0501415,0.151604,-0.0414033,0.101343,-0.122585,-0.0395338,0.0752682,0.130314,-0.026562,-0.131285,0.0734874,0.072972,0.131927,-0.217446,-0.0102377,0.0861425,0.0185605,0.0625926,-0.0147476,-0.22031,0.149063,0.154364,-0.0645644,-0.0664205,0.0716491,-0.107009,-0.097219,0.138509,0.0670193,-0.127616,-0.156817,-0.0521552,0.134565,0.0122931,0.177725,0.0449968,0.349355,-0.0814394,0.137618,0.188861,0.0725667,0.0353231,0.15424,0.181043,-0.0625144,0.221958,-0.00264972,0.124231,0.0767963,0.125082,0.108606,0.0222547,0.0428508,-0.137219,0.000500105,-0.0326876,
0.127569,0.105895,-0.0993721,0.00106749,-0.061745,-0.360169,0.00497925,-0.00786853,0.0374157,0.0606984,-0.246915,0.0142333,-0.232614,-0.0182021,-0.0634805,0.111043,-0.0789845,-0.225215,0.0887671,0.100942,-0.112198,-0.240569,0.116539,-0.00916921,-0.0470046,-0.195791,0.148861,-0.0533162,0.0262498,0.0812197,-0.105005,0.167112,-0.142877,0.054809,0.0128082,0.115434,0.021188,-0.351295,-0.0953665,-0.133048,0.0702085,0.181572,0.368896,0.0254582,0.0787199,-0.356348,-0.0654444,0.169453,0.115538,0.170392,-0.00737436,-0.138232,0.064347,-0.0390632,-0.348166,0.0428672,0.190818,-0.312712,-0.0191805,-0.136709,0.0356504,0.255406,-0.00276008,0.0130865,-0.0764009,-0.13414,-0.0725631,-0.0510179,-0.110715,0.147489,0.00663888,-0.224338,-0.06565,0.0493972,-0.0100502,-0.0415864,0.146745,-0.155357,-0.0771961,0.193928,0.172599,-0.237228,0.082557,0.100361,0.0556262,0.0413076,0.00339763,0.0453156,0.0341312,-0.17089,-0.0903157,0.0171774,-0.0188791,0.0737792,-0.0751371,-0.00981514,-0.207706,0.000423085,0.128473,0.0754083,-0.0404717,0.13,0.0216322,-0.0801915,0.113825,-0.0983798,0.0246048,-0.247526,-0.0574667,0.0530012,-0.19311,-0.199885,0.0154286,-0.0666906,-0.010573,-0.0493299,-0.0219209,-0.25749,-0.0930256,-0.105147,-0.083432,0.126145,0.101007,0.0289356,0.0960985,-0.0837195,0.0717738,0.0424013,0.0939664,-0.0840794,-0.0480859,0.054609,0.0484057,0.0935177,0.279685,0.233736,0.0186044,-0.346089,-0.0280521,-0.0243454,-0.152005,-0.146415,0.090295,0.17243,-0.038955,0.160058,-0.11891,-0.112052,0.00206832,0.0792102,0.0159397,-0.128241,0.00193317,0.0305889,0.200527,0.120146,-0.103369,-0.128699,-0.0466221,-0.0257391,
-0.0127421,0.0893799,0.114861,-0.175974,-0.182313,-0.611353,0.243029,-0.024463,0.00812519,0.197807,0.0321474,-0.0507945,-0.206905,-0.0559564,0.0577606,-0.14248,0.0059363,-0.255797,0.114692,0.110363,-0.0443388,0.0229394,0.119211,-0.141783,-0.482046,-0.388208,0.152662,0.0350547,-0.203629,0.301475,0.103246,-0.0619073,-0.0703356,-0.108416,0.00574548,-0.163608,0.10705,-0.0913186,0.116153,0.0601667,-0.0141794,0.31645,0.0725651,-0.0856042,-0.278935,-0.627942,0.122894,0.0748389,0.0413628,-0.215099,-0.0989356,0.0557832,-0.0163764,-0.0712706,0.0826456,-0.0784645,-0.0879142,-0.00708983,0.079688,-0.17739,-0.0364079,0.131211,-0.144173,-0.136258,-0.351761,-0.238605,0.0831461,0.0263101,-0.0551366,-0.183448,0.215571,0.0562555,0.172823,0.00590862,0.0198704,0.1115,-0.096086,-0.129607,0.107038,0.118791,-0.0275152,0.164523,0.189857,-0.199752,-0.173491,-0.369268,-0.174452,0.128459,-0.224425,0.25527,0.00936926,-0.062475,-0.104083,-0.0247173,0.122741,-0.112043,-0.223089,0.0710277,0.00244203,-0.159828,-0.264612,0.229355,-0.216465,0.0563681,-0.214567,-0.481535,0.099158,-0.0111789,-0.0409278,-0.014314,-0.111659,-0.169826,0.225645,0.0537894,0.0622716,0.0347703,0.039176,0.0240814,0.0852085,0.0824496,-0.0898849,-0.0639974,0.181385,-0.052407,-0.384699,-0.028435,0.029317,-0.04324,0.204509,-0.247803,-0.138238,0.070049,-0.0682168,-0.101185,-0.0318156,-0.168024,0.100195,-0.295868,-0.192061,0.0166208,-0.391108,-0.111389,-0.051961,-0.129373,-0.0562968,-0.186373,-0.0618262,-0.0807341,-0.00191032,0.00658516,-0.0847741,-0.0454995,0.224808,0.0299104,0.0337826,0.189972,0.0434982,-0.164044,0.0836543,0.109581,
0.127322,0.20875,0.0255347,0.0687092,-0.0660181,-0.383931,0.261568,-0.123009,-0.079922,0.0650344,0.0627858,-0.536701,-0.138988,-0.0147252,0.0473465,0.015819,-0.137717,-0.121965,-0.0688729,-0.00979359,0.124604,0.0779008,0.167082,-0.178152,-0.123774,-0.242941,0.260917,-0.0260827,0.0488256,0.185496,0.120334,-0.0183861,0.12349,0.0905961,-0.0649344,-0.0845592,-0.222541,-0.489168,0.0487518,-0.0584447,-0.133058,0.135403,-0.120629,0.0912132,0.0183814,-0.267868,0.146705,-0.0307385,-0.247304,-0.11226,-0.101383,-0.0640179,0.0969779,-0.104568,0.146635,-0.0465143,0.0942626,-0.501371,-0.0482765,0.0287014,0.0509948,0.0606645,0.0452925,-0.00125603,-0.240326,0.0523798,0.0160865,-0.0590474,0.212855,0.104828,0.054556,-0.00994728,-0.26637,-0.148495,0.0427501,-0.0131979,0.0564155,-0.613198,-0.0887625,0.170673,0.222218,0.000387557,0.241867,0.0796933,0.0217584,-0.0559717,0.336808,-0.118462,-0.175573,0.0360759,0.231208,-0.0338825,0.0998912,0.0527357,-0.0677263,0.00761792,0.0231412,-0.27978,-0.143353,0.0318647,-0.0199506,0.0364579,0.078437,-0.00111499,0.00427091,0.0115745,0.134825,-0.214365,0.144612,0.254667,0.00599911,0.0387806,0.0662075,-0.15864,-0.0889803,0.312118,-0.0389549,-0.235874,0.0821827,-0.0502508,-0.0144814,-0.0296747,0.155607,0.119238,0.00552375,0.00494098,-0.0751236,-0.144787,0.335128,-0.000595869,-0.0895164,-0.0104308,0.240363,0.0431407,-0.0942088,-0.0258581,-0.0468183,-0.181,0.179918,0.058336,-0.0371843,-0.210716,-0.142577,-0.0414389,0.192455,0.0404812,0.166353,-0.112158,-0.0562594,-0.00595284,-0.0283203,0.0545696,0.205491,0.238032,-0.0974984,0.0243666,0.100223,-0.234652,0.0927806,0.0546384,
0.21975,0.321339,-0.0888095,-0.170098,-0.668512,-1.17408,0.329314,0.112566,-0.233943,-0.0115588,0.331528,-0.498205,-0.273642,0.0651373,0.112223,-0.0593369,-0.112006,0.206215,0.110815,0.00974404,0.207705,0.314218,0.0397226,-0.234556,-0.65953,-1.19389,0.372321,0.232466,-0.320132,0.217538,-0.104306,-0.106588,-0.211978,-0.0509359,0.00718201,0.0249804,0.285243,0.294841,0.119386,0.0655416,-0.082637,0.414957,0.200769,-0.118342,-0.670487,-1.01405,0.389244,-0.0467991,-0.0186301,0.142065,0.108265,-0.087779,-0.375236,-0.0208724,0.187822,0.0319174,0.14809,0.353011,0.114025,-0.142728,-0.212018,0.235844,0.0575527,-0.222426,-0.502015,-0.769841,0.240673,0.0391703,-0.0136934,-0.00314704,0.0637284,-0.222034,-0.0905362,-0.0650579,0.0486252,-0.00337855,0.128496,0.277903,0.00727516,-0.0305561,-0.0699382,0.356561,0.017956,-0.0582818,-0.369855,-0.576507,0.145266,-0.042824,-0.313508,0.0533058,0.148407,-0.158183,0.118674,-0.0461168,0.0863729,0.0583984,0.0848541,0.440551,-0.117056,0.0902684,-0.139864,0.145371,-0.10041,0.089845,-0.486141,-0.523574,0.331725,-0.0937211,-0.0249938,0.0984668,-0.0237223,0.0358752,-0.0927528,-0.163615,-0.00195011,0.0627234,0.200934,0.328734,0.214227,0.0834389,-0.249827,0.167458,0.098938,-0.117064,-0.0903438,-0.341343,0.0276183,-0.0188709,-0.189037,-0.0455267,-0.148843,0.251761,0.0776276,0.176803,0.0553129,-0.054784,0.18878,0.321746,0.151158,-0.016334,-0.214733,-0.176667,0.032031,-0.0740441,-0.154255,-0.0926745,0.133395,-0.397744,-0.0951016,0.129386,0.0834612,0.441269,0.149802,0.0997677,0.0123278,-0.0134216,0.461044,0.254442,-0.0508575,-0.0213649,
0.246187,-0.00153003,0.0850738,-0.0505104,-0.422995,-0.906084,0.295903,0.316068,0.0829477,-0.268915,0.203037,-0.549664,-0.244827,0.109941,0.00306208,0.0703192,0.190627,0.581728,-0.0860172,-0.125207,0.0614232,0.124411,0.13106,-0.027676,-0.290135,-1.01791,0.397638,0.0217808,-0.0399491,-0.121574,0.241021,-0.350631,-0.24808,-0.269145,-0.0308177,0.0153612,0.088628,0.259444,-0.148268,-0.0114262,0.303352,0.0193537,0.22351,-0.280412,-0.310066,-0.611459,0.0626046,-0.00215097,0.281644,-0.175696,-0.0582803,-0.167297,-0.244978,-0.00233341,-0.044543,-0.162232,0.288761,0.355728,-0.0688665,0.154962,0.141488,0.126869,0.0112735,0.0367126,-0.0169899,-0.661842,0.231401,0.115166,0.00298676,0.174114,0.0410082,-0.17292,-0.288228,0.0642296,-0.0662477,-0.0452793,0.43507,0.337649,-0.0410332,-0.0785248,0.0798401,-0.0337382,-0.136934,-0.139143,-0.342616,-0.465874,-0.00653959,0.00550635,-0.072609,0.053589,-0.0397384,-0.191609,-0.17625,0.0628534,0.00967947,0.0468422,0.420343,0.432144,0.00406801,-0.00405506,0.124303,-0.107456,-0.247017,-0.171391,-0.23091,-0.521721,0.168885,-0.010576,0.0160664,0.122835,-0.0506059,-0.0700344,-0.257804,-0.000957532,-0.161609,0.0400112,0.221558,0.425748,-0.12706,-0.0108616,0.202446,-0.147974,-0.121697,-0.0495964,-0.0966119,-0.343256,-0.0943516,-0.112767,-0.346351,0.40342,-0.0440056,0.216123,-0.120835,0.145866,-0.19532,-0.293807,0.334161,0.241088,-0.130612,0.101016,-0.0900852,-0.113805,-0.282618,0.0535663,-0.152207,-0.0637432,0.069977,-0.304033,-0.177018,0.129236,0.020559,0.165749,-0.0218228,0.104437,0.2214,-0.000722758,0.378555,0.367286,-0.186517,-0.098427,
0.197561,0.214168,0.0840753,0.0235607,-0.271802,-0.456906,0.235029,0.0202099,-0.110207,-0.0238881,-0.0710596,-0.339531,-0.124495,-0.0543831,0.1306,-0.0797236,-0.189942,-0.303548,0.163772,-0.120311,0.201309,0.235561,-0.0402117,-0.0326775,-0.215173,-0.358678,0.140188,-0.0173158,0.00752108,0.0551228,0.0989002,-0.0778239,-0.0886041,-0.0597073,-0.21515,0.0534398,0.385303,-0.4242,0.158686,0.0533828,-0.0821027,0.299897,0.0757306,0.0457921,-0.0832504,-0.267848,0.148197,0.0695048,0.172086,0.0589918,0.174135,-0.238911,0.0337718,0.0675662,0.0869941,-0.0143381,-0.166588,-0.422447,-0.0135988,-0.12844,0.0581864,0.113788,0.134578,-0.0579214,-0.046097,-0.322773,0.298481,-0.149461,0.0366225,0.0962122,0.128912,-0.144913,0.137491,-0.0387021,0.0578456,0.173383,-0.0173437,-0.371664,-0.171606,0.0318097,-0.0321341,-0.0133486,0.0781946,-0.0464673,-0.0366033,-0.189948,0.0387558,-0.18566,0.279354,-0.207037,0.0942868,0.134212,0.102798,-0.0790533,0.0814192,0.153112,-0.0106106,-0.204752,0.0323888,-0.0194118,-0.00104616,0.0432672,0.208862,-0.0910144,0.0507838,-0.0975477,0.282719,0.0524695,-0.139163,0.0107603,0.0786082,-0.0869062,0.0754053,-0.015544,0.13813,-0.122517,-0.0169169,-0.132665,-0.0539875,-0.122211,0.0476748,0.0799719,0.0752752,-0.145197,0.0524011,-0.0924108,0.15231,-0.250578,-0.0499976,0.195016,-0.137141,-0.0379367,0.210846,-0.0864476,-0.0907138,-0.100005,-0.144203,-0.371977,0.00618736,-0.0727913,-0.125444,-0.080029,-0.115669,0.177044,-0.254872,0.0605961,0.0781357,-0.244517,-0.0394638,0.030816,0.1663,0.206046,0.306514,0.043201,0.143985,0.108528,-0.286409,-0.167033,-0.16031,0.335876,
-0.106955,-0.053449,-0.174265,0.00623369,-0.00146987,0.172407,-0.0839616,-0.140908,-0.00854738,-0.150559,0.0855092,-0.0515768,0.0621179,0.0395972,-0.179833,0.064152,-0.238062,0.101275,0.17613,0.0214428,-0.0380892,-0.0314402,-0.0255452,-0.0311992,-0.146185,-0.147524,0.041641,-0.12197,0.21563,0.0542253,-0.117559,0.0874804,-0.054669,0.0455496,-0.193619,0.207442,-0.0100741,-0.231322,0.126289,-0.0178495,-0.156989,-0.0304512,-0.150703,0.0378272,-0.0988284,0.209354,0.0495316,-0.0163483,0.273513,0.0695836,0.0723372,-0.0905444,0.0222562,-0.070961,0.045146,-0.0988941,0.103285,-0.0478098,-0.0349915,0.0972565,-0.0184303,-0.0569217,-0.0337165,0.108194,-0.16048,-0.00173925,0.0849415,-0.0263026,-0.111125,0.173256,-0.0633496,0.0371381,-0.202667,0.0532268,0.0389293,0.139361,0.114143,0.0213009,0.0538831,-0.00978709,-0.0774065,-0.153777,0.00367075,0.0502886,-0.0842728,-0.104611,-0.248659,-0.0620791,-0.120338,0.105617,0.00345222,-0.0228353,0.0213681,0.196317,-0.0657677,0.177863,-0.0292126,0.118446,0.0249365,-0.141723,0.062548,-0.138335,-0.131159,-0.0121636,0.0550051,-0.0109181,-0.0257591,-0.0537516,-0.0124524,-0.024345,0.119854,0.0536966,0.00458042,-0.133845,0.0255171,-0.156638,-0.120839,0.0450118,-0.0481729,-0.14592,-0.0790108,-0.230447,-0.0663978,0.246332,-0.033214,-0.0352502,0.00776526,0.0553496,0.0456275,0.0900911,0.0981224,-0.0142447,-0.0544619,-0.020807,0.0206306,0.125261,0.00435808,-0.156097,0.0100719,-0.0634573,-0.0265654,-0.0388227,-0.238709,-0.260164,-0.0101195,-0.118106,0.106248,0.0387634,-0.0533553,0.0392046,0.1521,-0.0965253,0.0171886,-0.0435483,0.0257476,-0.131117,0.0540418,-0.18024,0.0838072,-0.151749,
0.0285933,0.0556532,-0.180418,0.104865,-0.128181,-0.0252279,0.0199997,-0.137853,0.0468932,-0.0387193,0.262784,0.0822874,-0.220013,0.0285085,0.0576197,0.0314848,-0.16678,-0.139966,0.0437469,0.192703,-0.0954857,0.0985451,-0.151533,0.00498525,-0.0244858,-0.232276,-0.172075,-0.0185763,0.0805616,0.181931,0.0183299,-0.0452365,-0.124624,0.0269623,-0.0556718,-0.0310942,-0.0641075,0.0146517,0.0160064,0.00710152,-0.105639,-0.180624,-0.0829054,-0.0426738,-0.0698023,-0.0489893,0.177622,0.0179933,0.106128,-0.338338,0.0322318,0.120326,0.166092,0.232098,-0.153466,0.00849753,-0.0365677,0.0797095,-0.00143881,0.0413585,0.0254645,-0.0577497,-0.105597,0.0239862,0.00250887,-0.0200835,-0.0572066,0.00727453,0.1594,-0.0528507,-0.131559,-0.212395,-0.0631815,-0.350379,-0.120055,-0.0835634,0.0731379,-0.0780709,-0.233072,0.0697895,-0.192277,0.0744921,-0.199154,-0.152265,0.218765,-0.0189765,0.100709,0.0777918,-0.110215,0.0400574,0.0283007,-0.201016,0.0144953,0.230553,-0.134248,-0.0959715,0.0447139,-0.0135288,-0.12472,-0.0862119,-0.0865864,0.0180813,-0.111477,-0.104239,-0.07793,-0.0675348,0.176147,-0.112739,-0.259182,0.0932792,0.0838282,-0.0736544,-0.0131994,-0.0640413,-0.100775,-0.0197781,0.0799925,0.0373347,0.0813334,0.136387,0.0443136,0.0180524,-0.0520628,0.0274995,-0.116741,-0.0334251,0.0802437,-0.0226129,0.117792,-0.280331,-0.116612,0.239097,0.0116359,-0.0358488,0.0577599,0.0388362,0.014117,-0.130127,-0.182037,-0.118251,-0.16582,-0.0353128,0.0241169,-0.143069,-0.0607175,-0.0473332,-0.0664504,-0.186086,0.0483054,0.0932777,-0.0824356,0.0578909,-0.107789,-0.0497559,-0.0222138,0.0354727,0.0404224,0.185287,0.152929,0.0214516,
-0.164133,-0.126509,-0.0752017,-0.115292,-0.0570405,0.0290039,0.03445,0.0714204,-0.106816,0.0573319,0.101473,-0.0151008,-0.238912,0.0721111,0.0681881,-0.0633663,0.0300607,0.0922823,0.105808,0.0683913,-0.080122,0.0245606,0.134619,0.000806464,-0.0922936,0.137224,-0.135056,0.0298161,-0.0654678,0.179329,0.0892983,0.140318,-0.034075,0.106269,-0.00260744,-0.0605824,-0.147518,0.190447,-0.105117,-0.0611763,-0.128339,-0.0400352,-0.00934325,0.0162679,-0.068826,0.0453634,-0.0164052,-0.124549,-0.131365,0.152757,0.00933693,-0.165968,-0.135866,-0.0299051,0.139351,0.228171,-0.0599918,-0.158535,-0.111728,0.00987984,0.0434424,-0.112789,0.055176,-0.143246,0.123687,0.0421182,-0.15028,0.0200054,-0.00290484,0.0293527,0.186248,-0.0882737,0.208892,0.0415086,0.0868922,0.041971,0.193306,-0.102284,0.00718563,-0.00488409,0.139943,-0.0402924,0.0647267,-0.00590423,0.114893,0.11649,-0.123994,-0.0842384,0.067549,0.196325,0.152229,-0.0750835,0.038565,0.192573,0.109478,0.0930246,-0.0580467,0.0713091,-0.0605739,-0.00244775,0.0225783,-0.163229,-0.0627243,0.0510718,-0.029165,0.072986,-0.213087,0.386993,-0.0617304,-0.00126634,-0.0719894,0.135215,0.00170896,0.0385143,0.0564974,-0.00228211,-0.109674,-0.0245478,-0.103595,0.00486205,0.0743484,-0.224548,-0.199584,0.0387606,-0.0188519,-0.0678638,-0.105641,-0.0513824,-0.218941,0.11142,0.184414,0.0347898,-0.0562678,0.334478,-0.19133,0.225945,-0.0310942,-0.0500555,0.0840983,-0.0107825,-0.115642,-0.293271,0.0654115,0.0468141,-0.0756569,-0.0650222,-0.188967,0.110566,-0.0305084,0.0527121,-0.0166808,-0.0203874,-0.259122,-0.0355752,0.161439,-0.0538131,0.0958878,-0.0933654,-0.00434182,-0.0182963,
-0.115415,-0.1392,-0.132602,-0.00927255,-0.172102,0.00879289,-0.231497,-0.0451003,-0.372115,0.00295911,-0.024174,0.062958,-0.0452122,0.153109,-0.036427,0.0190427,0.0466347,-0.0150074,-0.214849,0.0594355,0.10749,-0.199769,0.0660196,0.00681243,0.100167,0.152055,-0.17931,-0.0293645,0.0843097,-0.272249,0.00970383,-0.0843183,-0.00937864,-0.177438,0.0856467,-0.171527,-0.0350454,-0.0335872,-0.0967904,-0.122919,0.133027,-0.122265,-0.140648,0.241599,0.14663,0.171895,0.0542861,-0.106433,-0.0989585,0.0840985,0.237006,-0.0235749,0.228453,-0.00917619,0.0435642,-0.109452,0.207149,0.137618,-0.0343915,0.0337621,0.106553,-0.295707,-0.112401,-0.026216,-0.181492,-0.0124651,-0.142041,-0.194406,0.130305,-0.0960999,0.0957581,-0.203214,-0.145037,-0.00187628,0.00608609,-0.150644,0.0220675,-0.0456183,0.0756686,0.157438,-0.10789,0.0908866,-0.0029758,-0.209443,-0.13741,-0.0999178,0.174809,-0.0156264,-0.13181,-0.0907404,0.02731,-0.123015,-0.0426516,-0.0260329,0.0152384,0.205031,-0.143343,0.112121,0.107625,-0.139857,-0.135674,0.139764,-0.0452664,0.0574996,0.0820438,0.0180587,-0.112517,0.0020137,-0.203713,0.182581,-0.0368759,-0.111369,0.0238719,0.00407097,0.0247554,0.075201,0.128498,-0.116219,-0.154558,0.134451,0.0381614,-0.184625,-0.130409,-0.133669,0.0458307,0.0470626,-0.00128127,-0.0441251,-0.00473684,0.0559616,-0.139535,-0.0919398,-0.0728174,-0.0563892,0.105023,-0.100795,-0.125937,0.00468992,0.0992105,0.0264565,0.17152,-0.0979354,-0.224947,0.0339588,0.0485795,-0.0963307,-0.0955176,-0.0303649,0.233099,-0.147727,0.190007,0.0811315,-0.318376,-0.0152463,0.116332,-0.0539384,-0.0861433,0.0925655,0.0636766,-0.0901479,
0.0498893,0.0560401,0.193125,0.0632091,-0.0853805,-0.16555,-0.222108,0.0654236,0.1455,0.0332965,-0.0537997,0.0812167,-0.0854496,0.00835318,0.144133,0.0253433,0.0838755,-0.15341,0.0184988,-0.15322,0.0585896,0.159264,-0.106387,-0.0365761,-0.155255,-0.112432,-0.0321423,0.237279,-0.128024,0.167861,-0.0106665,-0.00228093,-0.0865153,-0.128899,0.205059,-0.0582605,-0.0551639,-0.0460476,-0.025435,-0.110791,0.0325759,-0.109998,-0.123734,-0.0593165,-0.0559308,-0.08536,0.115125,0.157272,0.217009,-0.026839,-0.0836658,0.0448236,0.0141819,0.228063,0.26201,0.0627782,-0.0916607,-0.034648,-0.0857055,-0.173299,-0.0763688,-0.0254126,0.159688,0.123576,-0.0961201,-0.0252464,0.191325,-0.0790257,0.125322,0.114127,-0.050329,-0.152602,-0.132547,0.193583,0.178825,-0.180141,-0.0392296,0.183846,-0.193302,0.0225504,-0.150882,-0.0831575,-0.0445739,-0.105873,-0.142663,0.0072165,-0.236806,-0.0770117,-0.218535,0.14969,-0.164328,-0.0505238,0.0921646,-0.0303293,0.0327956,0.00648267,-0.0593647,-0.101761,-0.0771991,0.00699956,0.0634255,0.0365725,-0.0799272,0.0463578,-0.0339567,-0.0503422,-0.000290551,0.0105475,-0.0875962,0.21932,-0.0137607,0.073845,0.041134,-0.0280213,0.12033,0.0149549,0.0574674,-0.0134946,0.203599,-0.150255,-0.0162584,-0.0943796,-0.0194647,-0.114655,-0.155502,-0.0770123,0.00776006,-0.0209975,-0.100467,-0.0172321,-0.105713,-0.127987,-0.215741,-0.157802,0.0957645,0.044292,-0.0717154,0.0241406,0.0288794,0.101752,-0.048926,0.0350545,0.084717,-0.0489378,0.037929,-0.120588,-0.00486879,0.101983,0.0795913,-0.11497,-0.162518,-0.0439327,0.14135,0.0865696,-0.0296853,0.116977,0.0711984,-0.192229,-0.0673392,-0.0341479,
-0.0190914,0.0826369,0.091489,0.118489,-0.0102846,-0.0267101,0.0894569,0.152356,-0.137496,-0.0318546,-0.0384164,-0.13481,-0.0493202,0.043869,0.0299483,0.0429497,-0.0244833,-0.133098,-0.114664,-0.0157632,-0.047896,-0.124068,0.0580552,-0.141417,-0.0832958,-0.0814014,0.0930062,0.11236,-0.187993,0.015717,0.220452,-0.00488203,0.101966,0.102406,0.142148,0.080753,-0.0292461,0.098012,-0.0168013,-0.0562599,-0.0443931,0.0433699,0.110774,-0.292893,0.0759364,-0.253513,-0.121454,0.0178777,-0.000256921,0.060904,-0.0605312,0.138648,0.0794998,0.016107,0.323038,-0.03274,-0.0672127,0.0480524,-0.0460824,-0.155065,-0.0348016,0.0751284,0.106228,0.0868199,-0.0897908,-0.222315,-0.103032,0.0758555,-0.102055,-0.0920497,-0.147279,0.0918263,0.201205,0.100024,-0.0442067,0.172487,-0.0146688,-0.0727318,-0.120523,-0.0639291,-0.0181653,-0.0156143,0.0510358,0.0553082,-0.197623,0.100399,-0.120617,-0.0353558,-0.0607123,0.0625274,0.0781928,0.125208,0.00354933,0.244744,-0.0370548,-0.117042,-0.10519,-0.208442,-0.130933,-0.213311,0.0290116,-0.0488022,0.038672,0.035424,-0.16628,-0.074087,-0.00767625,0.0840012,-0.0932773,0.106924,-0.0167418,-0.0352071,-0.0522132,0.183652,0.0386089,-0.118045,-0.152846,-0.0797066,0.024747,-0.0229176,0.0424458,0.121178,0.0406016,-0.109789,-0.0267461,-0.0923213,-0.147703,0.0731919,-0.0738078,0.0355053,-0.0729795,0.0031539,-0.0350234,0.241337,0.0725305,-0.0941652,-0.104902,-0.264345,0.0126014,0.229569,-0.0167419,-0.166967,-0.0895243,0.00947528,-0.147398,-0.118142,0.11964,-0.127375,-0.0248259,0.114479,0.137746,-0.0519345,0.0459952,-0.173735,0.120275,-0.152688,0.00249449,-0.0739155,0.0275249,-0.126566,
0.0829862,-0.0492289,-0.033513,-0.0158519,-0.139586,-0.0824136,0.0354097,-0.0678256,-0.197556,-0.00374516,0.00114578,-0.159212,-0.055154,0.0100504,0.10525,-0.226339,0.0524773,-0.0255157,0.218737,-0.0741445,-0.244164,-0.0346578,-0.00579593,-0.201187,-0.0842879,-0.126064,-0.0295999,-0.158332,0.0948461,-0.112347,0.0222679,-0.000477768,-0.0849623,-0.11099,-0.114497,0.0035582,-0.00680878,0.0802615,0.249679,-0.0509489,-0.122739,-0.0680795,0.143169,0.0181929,-0.013526,-0.0316401,0.0187964,0.0720244,-0.0011374,0.172632,0.0200698,0.0150565,0.0258458,0.0070618,-0.0614403,0.0049081,0.055509,-0.117704,0.0154064,0.0494163,-0.0164842,-0.10869,0.213368,0.0409599,0.220618,0.0920673,0.0596699,-0.22498,-0.278939,0.00726983,0.0627404,0.152649,0.00793331,0.14384,0.0386186,0.0404861,-0.0665203,0.0477558,-0.128414,0.0825918,0.186152,-0.00394542,0.0887953,0.0160882,-0.113764,0.0950386,0.0111903,0.149425,-0.0061616,0.0422398,0.0404942,0.124441,-0.249532,0.176567,-0.027769,0.0505666,-0.0608985,0.0187913,-0.248072,0.0267925,0.037689,0.14579,-0.0734464,0.0616288,0.0603725,-0.129376,-0.0659204,0.00413335,0.032931,-0.0665358,0.116409,0.0504447,0.100049,-0.0816175,0.0947645,-0.170144,0.0710426,-0.0785103,-0.0328942,0.113951,-0.204195,-0.0204211,0.0258025,-0.0162502,0.0435406,-0.0640751,0.0354995,-0.0941526,0.310373,-0.0577527,-0.0223568,-0.0809686,-0.269773,-0.0904948,0.264348,-0.10492,0.102725,-0.195719,-0.0818081,-0.183833,-0.0209549,-0.234953,-0.0413779,-0.042145,-0.0796319,0.0515546,-0.123907,0.0430096,-0.0114037,0.0940546,0.000453539,0.0561012,0.0218957,-0.22186,-0.0726192,-0.00400221,0.197575,-0.0178747,-0.00863985,0.0568157,
-0.0725128,0.321632,0.0343841,-0.361958,-0.897924,-1.33217,0.751873,0.148948,-0.0951101,-0.0798997,0.176535,-0.44224,-0.199189,0.317451,0.0525338,0.0976298,0.112665,0.342713,0.325855,0.124326,-0.00110775,0.370666,0.156242,-0.183533,-0.82289,-1.5581,0.444538,0.264943,-0.213793,0.0595986,0.0291012,-0.305784,0.0470344,-0.152504,-0.358394,0.121156,0.140576,0.218632,0.0109635,0.0498519,0.000917795,0.587718,0.161716,-0.187796,-0.742717,-1.11934,0.469714,0.246253,-0.183484,-0.115472,-0.0300351,0.0309204,-0.158591,-0.0434218,0.0498543,0.0842058,0.314723,0.279612,0.148365,-0.0332641,-0.246752,0.39752,0.0710353,-0.0766275,-0.595325,-1.05179,0.238955,0.184662,-0.143479,0.0930572,-0.0709659,0.0897029,-0.224056,0.0859011,0.00388013,-0.133771,0.122756,0.0751294,-0.0505434,-0.0386132,-0.103482,0.439898,0.223144,-0.159392,-0.436308,-0.97648,0.4175,-0.0664805,-0.178038,0.168921,-0.0244061,0.107309,0.189948,-0.0698992,-0.005861,-0.126266,0.00532105,0.0710169,-0.00647903,-0.0214399,-0.376628,0.276727,0.0274294,-0.242007,-0.36251,-0.691733,0.378099,0.298592,-0.177649,0.169028,0.041189,0.287437,0.0425587,0.0542701,-0.172084,-0.174655,0.191131,0.350264,0.0988489,0.213104,-0.128374,0.237001,-0.0326191,-0.0629182,-0.29812,-0.538013,0.232308,-0.0980978,-0.306297,0.233225,-0.0525565,0.338392,0.158387,0.000808075,0.141255,0.0886578,-0.0759597,0.115266,0.0597216,-0.219253,-0.301086,0.00540239,0.0310483,-0.116024,-0.159141,-0.506428,0.256586,-0.258058,-0.0121878,-0.00696975,-0.0982971,0.40177,0.160124,-0.0543813,-0.135956,-0.170226,0.0464811,0.247033,0.020959,0.03634,
0.12814,0.228482,0.0495662,0.0752069,-0.237253,-0.969191,0.255796,0.345813,0.0147457,0.0150501,-0.00530461,-0.221369,-0.0571562,0.0846189,-0.133585,0.238648,-0.0586149,-0.256399,-0.0396097,0.185807,-0.0433691,0.0314348,0.0117289,-0.138392,-0.236608,-0.734491,0.108394,0.350671,0.109473,0.131549,0.0755707,0.0508129,-0.00618589,-0.160489,0.171957,0.038494,-0.145744,-0.370454,-0.0638773,0.0283479,0.0470439,0.0953492,0.000538202,-0.000520883,-0.298933,-0.695578,0.184733,0.249731,-0.0196782,0.0089033,-0.103239,-0.103181,0.128376,0.118404,-0.0043213,0.0102499,-0.0976748,-0.140599,0.2225,0.0218136,0.135995,0.0367666,0.00344284,-0.109834,-0.19948,-0.445725,0.246529,-0.0165475,-0.00168715,0.185498,0.0344443,0.206452,-0.0110171,0.1769,-0.0423881,0.0511824,-0.0841187,-0.0455094,-0.0976822,-0.0352793,-0.0572308,0.177771,0.00426761,-0.134609,-0.113337,-0.128082,0.203032,-0.07294,0.0178686,0.110156,0.000849838,0.37568,-0.101185,0.0258138,0.133303,-0.0767542,-0.363207,-0.0669282,-0.157913,-0.0550147,-0.218308,0.203772,-0.0494881,-0.0835684,-0.142465,-0.476587,0.13908,0.122274,-0.231996,-0.0530642,0.166136,0.317197,0.000311694,0.0373432,0.116505,-0.302047,-0.187237,-0.195533,-0.166048,0.0899994,-0.281274,-0.0807627,-0.13386,0.216336,0.0561393,-0.178073,-0.0520679,0.0382413,0.0306858,0.0978876,0.0645481,0.211559,-0.0937698,0.0159576,-0.192248,0.0999234,-0.126895,-0.0589434,-0.278291,-0.0273546,-0.0782384,-0.00536628,-0.107036,0.055436,-0.0482645,-0.219042,-0.193865,-0.0454408,-0.0857192,-0.004114,0.137789,0.223782,0.186874,-0.0477467,0.0481243,-0.0827524,-0.288712,-0.153834,-0.0307512,-0.0858798,
-0.00299043,0.151198,-0.193283,-0.0767418,-0.626059,-0.562912,0.257915,0.121212,-0.184806,0.0676713,0.0290074,0.0558517,-0.248477,0.0136568,-0.024346,0.104403,-0.0626434,0.138739,0.15043,0.151729,-0.0902672,0.184361,-0.249665,-0.0693388,-0.3406,-0.701776,0.320842,0.125324,-0.278489,0.325576,0.0595119,0.11295,-0.0603194,-0.163507,-0.208207,-0.00521718,-0.0115502,0.0675275,0.181099,0.0881668,0.00557895,0.235292,-0.00949827,-0.26671,-0.309437,-0.350933,0.289433,0.021434,0.238263,-0.0953765,-0.0360994,0.0119052,0.106975,0.0889144,0.0970959,0.116856,0.154125,-0.076675,-0.0813253,-0.0144207,-0.0174103,0.140228,0.0108136,-0.151718,-0.376336,-0.504186,0.453829,0.0334602,0.063571,-0.140936,0.0253698,-0.121575,0.0186021,-0.150293,-0.058227,0.194151,0.135785,0.0399939,0.0496979,-0.111537,-0.0244668,0.00694423,0.0916343,-0.0609198,-0.245296,-0.492191,0.301962,-0.180302,-0.244077,-0.069283,0.0692216,0.0975003,0.156856,0.0403438,-0.137018,0.0823983,-0.128645,0.0577189,-0.242744,0.00284733,-0.0958808,0.361465,0.0767064,0.0609976,-0.148061,-0.430706,0.342278,0.0607056,-0.142605,0.128903,0.110032,0.191659,0.115047,-0.031585,0.0475502,0.0368711,-0.0298295,0.0220444,0.00827287,-0.0524411,-0.14339,0.315005,-0.103497,-0.159114,-0.213976,-0.331286,0.0869933,-0.0971545,0.010817,0.027415,0.0242102,0.320968,-0.00622329,-0.232786,-0.0255549,-0.0916614,0.092562,-0.0694211,-0.00520898,0.0965645,-0.371112,0.192837,0.0521741,0.0477045,-0.0418331,-0.0876046,0.161871,0.0140924,0.0313289,-0.1362,-0.025658,0.105784,0.0115495,-0.0174154,-0.0201822,-0.115788,-0.0422164,-0.187372,0.121464,0.056314,
0.144796,0.0379938,0.23489,-0.172895,-0.223208,-0.440288,0.214189,0.101658,-0.0503237,-0.0247924,0.0335669,-0.0894043,-0.103052,0.124687,0.0225034,0.125027,0.0454588,0.0365758,-0.104077,0.0650333,-0.0230637,0.166737,0.156044,-0.081347,-0.0372824,-0.404534,0.354152,0.187343,0.0337273,0.0601524,-0.140158,-0.0476747,-0.170402,0.115052,-0.181864,0.0734843,-0.200532,-0.0335804,0.0347869,-0.201795,0.0432197,0.213244,0.0878706,-0.0104847,0.0333362,-0.376379,0.280418,-0.123693,0.0973697,0.0978086,0.185082,0.111279,0.150074,0.116356,-0.174716,-0.183552,-0.00153829,0.0518444,-0.0289656,-0.0030958,-0.0417746,-0.0613042,0.0748783,0.0489832,0.0502439,-0.0926872,0.0322904,0.291104,-0.177487,0.0949135,0.16392,-0.00226912,0.0282498,0.0159013,0.100941,0.0288513,0.130904,-0.0061123,-0.01882,-0.11502,0.0135917,0.105583,-0.0737353,-0.154444,0.136675,-0.0692087,0.0869792,0.0350511,-0.134381,0.0726065,-0.0387106,-0.0331049,-0.0521726,-0.0323031,0.10083,-0.305945,0.156346,-0.120851,-0.0698316,0.0178408,-0.0319055,0.0565954,-0.0949456,-0.0230549,-0.159645,-0.197851,-0.0217357,0.0704715,-0.152398,0.052169,0.181909,0.0153392,0.0295174,-0.0917459,-0.0381289,0.0462541,0.036277,-0.259383,-0.0533296,0.0375567,0.00120437,0.00937362,-0.0102481,0.139815,-0.327066,-0.135722,0.0638195,0.109179,-0.113118,0.00736866,0.0444758,-0.0637848,0.0561575,-0.195876,-0.133577,0.220888,0.0358987,-0.0507245,-0.0172989,-0.118489,-0.00722594,-0.270227,-0.0533254,0.0189778,0.0198559,-0.0280505,-0.155813,0.209579,-0.00562935,0.0931878,-0.154124,0.124685,-0.103449,0.100448,0.0454303,-0.040108,-0.0558152,-0.0824331,-0.0800211,0.225066,
0.0747799,0.223338,-0.214341,-0.0350042,-0.254443,-0.205895,0.102897,-0.015942,-0.119246,-0.318294,-0.0783801,0.0433829,0.0351591,-0.063313,0.143009,-0.0734597,0.00720094,0.211932,-0.15613,0.0091274,0.144368,-0.0435084,-0.1874,0.00340141,-0.114786,-0.142923,0.14541,0.0925941,-0.127137,-0.00977914,0.0732872,-0.049004,0.0462661,0.0481452,0.054546,0.121079,-0.101563,-0.0446058,-0.141244,-0.0158037,-0.13392,0.182347,-0.248528,0.0129881,-0.246074,-0.156769,0.185466,-0.0283773,0.0254953,0.0547551,-0.0425601,0.089069,-0.0698141,-0.14022,-0.000624862,-0.0458776,0.0182266,-0.0328834,-0.145269,0.00116571,-0.0709745,0.00393477,0.164568,0.0879752,0.0698657,-0.180751,0.121206,0.0748761,-0.0784657,0.0473873,0.195633,-0.0454372,-0.277875,-0.0268103,-0.0112046,0.00431285,-0.0245409,0.0758661,0.0774374,0.0578098,0.0678339,0.086723,-0.168886,-0.0250485,-0.0880261,-0.0182344,0.161742,0.216601,0.193529,-0.121086,-0.122525,-0.0526659,0.0660198,-0.274126,0.00942413,-0.12857,0.20797,0.0317983,0.0637508,0.135135,-0.164371,0.0720369,0.283959,0.0916825,-0.349916,-0.230108,0.0698427,0.118323,-0.104791,-0.155965,-0.00558305,0.0955316,-0.113802,0.0194413,-0.0254451,0.0672553,0.128718,0.173772,-0.0224123,0.0404579,-0.00637686,-0.145692,-0.0614177,-0.0457638,-0.0767791,0.0968597,-0.10008,0.0439952,0.17264,0.0876291,-0.0174918,0.218015,-0.184577,-0.00086308,0.173812,0.0314287,-0.137631,-0.0509023,-0.0342876,-0.13867,0.207499,0.0197719,0.0609532,0.22599,0.0270696,0.14375,0.0246227,-0.0737166,-0.0065164,0.0314037,-0.214598,0.0271615,0.0451597,0.200235,-0.15992,0.0254915,0.0383774,0.182034,0.260846,-0.0455823,
-0.111107,-0.146017,0.0748682,-0.204124,-0.0115113,-0.179128,0.0513285,-0.0826677,0.0936471,-0.113397,0.0071804,-0.196917,0.0604553,-0.11741,-0.0135642,-0.0911046,-0.139694,-0.16614,-0.129249,0.0621356,0.255357,-0.0141772,-0.188597,0.0134974,-0.062752,-0.047963,-0.000526718,0.04413,-0.0346682,0.136467,-0.052811,-0.0778607,-0.0194243,0.098059,-0.0620308,0.192405,0.209176,0.0407168,0.233849,-0.0429737,-0.103063,-0.159417,0.0378583,-0.0886667,-0.0529024,0.159176,0.158945,-0.0149111,-0.129053,-0.00742438,-0.0551723,-0.143371,-0.289106,-0.114306,0.094428,-0.277256,-0.175454,0.00230107,-0.0942845,0.156128,-0.0636565,-0.0828163,-0.158571,-0.016052,0.100566,0.095004,0.0347225,-0.0648962,0.0854828,0.0754393,0.050172,-0.0997274,-0.107149,0.023803,0.0672103,-0.0926574,-0.223215,0.163467,0.147245,-0.168835,-0.175614,0.0611188,-0.0595072,0.0393681,0.0178555,-0.0537717,-0.0489919,-0.0355014,0.296218,-0.196656,0.0516105,-0.00659579,-0.128786,0.087097,0.0242461,-0.0882177,0.0833729,0.14871,0.117295,0.144408,0.0936037,0.103386,-0.243237,-0.0887515,-0.12084,-0.0354543,0.222318,-0.107984,-0.0298482,0.115408,0.0190116,-0.206731,0.0116834,-0.0438871,0.151085,-0.0408354,0.0847295,0.205365,-0.019465,-0.0139997,0.190368,0.0653556,0.0581904,-0.0913644,0.101615,0.0155895,-0.0554316,-0.094039,-0.135834,-0.0424441,0.00303432,-0.193734,-0.167638,-0.0691836,0.24441,0.112888,-0.138955,0.131858,-0.0297825,-0.0326985,0.128419,-0.0726176,-0.02181,0.00320771,-0.0754627,-0.084443,-0.0865689,-0.13154,0.0503722,-0.299005,0.230148,-0.158895,0.15025,-0.0560886,-0.0357006,-0.0723601,0.100535,-0.0455745,-0.00762767,0.0259107,
0.0195408,-0.239695,-0.230683,0.0407344,-0.0588634,0.824534,-0.395408,0.071658,-0.0578407,0.0891136,-0.0467885,0.179325,0.427789,-0.114853,0.110059,-0.493678,-1.21514,0.319285,0.05597,0.111143,-0.195107,-0.118792,-0.309806,-0.233002,-0.0505182,0.845807,-0.268673,-0.00637142,-0.0440002,0.085896,0.0494873,0.259709,0.231339,0.143475,-0.199214,-0.220634,-1.24203,0.449828,-0.220265,-0.0673311,-0.0779098,-0.218445,-0.155171,0.0150649,0.280888,0.476811,-0.108381,0.0894594,0.0220227,0.187713,-0.0396333,-0.0733109,-0.0437802,0.151203,-0.239094,-0.141185,-1.1749,0.344469,-0.182598,-0.0261393,-0.229399,-0.123832,-0.185508,-0.070966,-0.120743,0.372061,-0.00675671,0.140912,-0.0871195,0.0126624,-0.0260658,-0.238402,-0.043712,0.013839,0.000114325,-0.0451689,-1.12749,-0.0288013,-0.0180288,-0.108606,-0.330636,0.000131889,-0.0877585,-0.136597,0.0113828,0.162133,-0.0498992,0.0431188,0.00471876,0.265211,0.147654,-0.0456293,0.104942,0.139473,-0.167311,-0.094714,-1.13642,0.141295,-0.105086,0.0319473,-0.00259492,-0.140617,-0.219005,-0.127108,0.102007,0.0700498,-0.235328,0.156005,-0.047495,0.0621778,0.130651,-0.160365,-0.0310415,-0.0452257,0.0589963,-0.310813,-1.29838,0.0849992,-0.0774084,-0.000809819,0.150977,0.232007,-0.311149,-0.105591,-0.0802183,-0.113916,0.0442036,0.102278,0.0360094,0.0953213,-0.195852,-0.469885,-0.0672643,-0.0421137,0.00497543,-0.236617,-1.00698,-0.0772033,-0.0821025,0.103801,0.0300387,0.382411,-0.0195534,-0.138058,-0.174805,-0.516177,0.416297,0.171678,0.0286173,0.137634,-0.222239,-0.526318,-0.339541,0.145071,0.0711115,-0.342509,-1.14414,-0.159177,0.0538046,0.0922019,
-0.128567,-0.0422326,-0.071456,-0.0254629,-0.00462315,0.0423741,-0.0125274,0.135818,-0.0527702,-0.0141978,0.0328003,-0.333638,-0.192587,0.0676756,-0.0195629,-0.0390627,0.0680512,-0.0579515,-0.037612,0.136265,0.157268,-0.0622814,-0.0809008,-0.0326395,-0.102774,-0.00820062,-0.072194,0.0700414,-0.0436055,-0.0227308,0.0697244,0.0169812,0.00757196,0.0693393,0.118249,0.0629869,-0.00620484,0.154396,-0.0384381,-0.0641654,-0.0591979,0.0593474,-0.0210456,0.207957,0.0566782,0.211321,-0.0750055,-0.0490096,0.0985111,-0.0168686,-0.107741,-0.0569475,0.143379,0.019736,-0.100846,-0.000962178,0.170937,-0.0564363,0.10467,0.107711,0.172703,-0.129623,-0.00538889,-0.0170817,-0.170916,0.0129328,0.0528907,-0.124969,-0.0351165,0.0897997,-0.0438901,-0.236546,-0.0700217,0.194693,0.1168,0.140718,0.0828998,0.0557235,0.0256616,0.00110074,-0.193755,0.0658289,0.0379806,0.0970794,-0.499681,-0.062606,-0.044412,0.219646,-0.0420475,0.0677199,0.0980634,0.0757962,0.0353214,0.00572626,0.0692538,-0.0174245,0.0681795,0.209923,0.118867,-0.0624406,0.0521432,-0.0556539,-0.108639,-0.0464022,-0.201187,0.0490511,0.156675,0.00112345,-0.0928547,0.0081312,-0.115595,-0.0246398,0.161633,-0.117168,0.144717,-0.00253239,-0.0210685,0.226891,-0.0357502,0.15501,0.0181086,-0.0787592,-0.102392,0.000408013,0.0388059,-0.0991217,-0.0675154,0.0076478,-0.313217,0.152466,-0.123262,0.129938,0.0907939,0.0509222,-0.0420479,-0.106005,0.0371552,0.0457535,-0.0390427,0.0289002,-0.303155,-0.0731123,0.162685,0.0430388,0.23711,-0.20255,-0.192667,-0.209941,-0.0133893,-0.0102094,-0.0229363,0.135568,-0.0861291,-0.0182494,-0.0237983,0.0154665,-0.0201075,-0.117457,-0.134529,0.0984784,
-0.0630851,0.0927168,-0.0405716,-0.157797,-0.254989,-0.239467,0.376932,0.117564,0.00695479,0.0779673,0.0704034,0.0293408,-0.128957,0.271808,0.00806815,0.0858109,-0.109485,-0.120113,0.0046901,0.127445,-0.0874143,0.304939,-0.0824821,-0.083681,-0.214416,-0.171904,0.421604,-0.154255,-0.0346356,0.0361773,-0.0463119,-0.265068,-0.30285,-0.104839,0.0176961,-0.13295,0.0660883,-0.41676,0.0580866,0.0959868,0.115372,0.0715736,0.000563005,-0.0493617,-0.305131,-0.487448,0.277159,-0.0801885,0.0524001,0.192803,0.0265015,-0.0014612,-0.0216393,-0.0325298,-0.100552,-0.137269,-0.0855348,-0.0711105,-0.102835,-0.0745533,-0.078412,0.067602,-0.0187982,-0.0854626,0.0243723,-0.240327,0.0818938,0.000786029,-0.125506,-0.115243,-0.122686,0.154245,-0.15716,-0.146757,0.00493718,-0.237524,0.0967879,-0.140798,0.102187,0.12361,-0.00118549,-0.158977,0.228996,0.0157629,-0.0914639,-0.230158,0.0462741,0.115606,0.0277224,0.128367,-0.140005,0.153964,0.0374758,0.0816414,-0.274835,-0.254376,0.145864,-0.138591,0.111584,-0.0737587,-0.192589,0.179086,-0.164384,-0.19967,-0.122063,-0.189272,0.145691,0.000368643,0.0626224,0.066051,-0.157641,0.0220381,-0.106995,-0.0748198,0.0441025,0.0136799,-0.184937,-0.106602,0.0097315,-0.0748105,-0.0231891,0.251831,-0.235567,0.0318925,-0.182252,-0.0896654,0.119496,-0.0985987,-0.113049,0.0726495,0.0330623,0.12884,-0.0877346,-0.015685,-0.069166,0.0511979,-0.0624002,-0.179494,0.132233,0.0303804,0.0273558,-0.168978,-0.0240489,0.221503,0.0342182,0.00122681,0.144783,-0.2176,0.215744,0.00729298,-0.0790036,0.172054,0.165722,0.00239249,-0.248469,-0.0599908,-0.0907863,-0.150117,0.0844561,-0.115335,
0.0955673,-0.275539,-0.132273,-0.0623958,0.093656,0.12278,-0.151572,0.128066,-0.0479939,0.117076,0.104684,0.0430187,0.0244116,-0.142362,-0.123375,0.0947659,0.105009,-0.0217479,-0.00630498,-0.0291132,-0.218514,-0.031371,-0.187142,0.105786,-0.0449168,0.0819095,0.100749,-0.0428297,0.00061943,0.0955666,-0.0510084,0.0420212,-0.0109827,-0.0316741,-0.217042,0.0166868,-0.00989118,0.0927287,0.0148285,-0.16425,0.236328,0.0388844,-0.132699,-0.023479,0.0714264,-0.0434286,0.0710816,-0.0985392,-0.307043,0.201803,-0.0729104,0.170137,0.0429024,-0.00735845,0.0365932,0.0492225,0.157523,-0.0136699,-0.0468927,-0.17724,-0.124348,0.088468,-0.118187,-0.125241,-0.264964,-0.0425827,0.130318,0.114487,0.0269232,0.171789,-0.107128,0.15396,-0.0517188,0.0746777,0.0307608,-0.0803991,-0.117055,-0.112144,0.255864,-0.0211056,0.165379,-0.0954843,0.0577498,0.0523492,0.0577242,0.02517,0.0182486,-0.0537696,0.307109,-0.147411,0.0866504,0.190689,-0.0880283,-0.0997253,0.141251,0.0904104,0.164875,0.0458469,0.158071,0.0636167,-0.0896262,-0.102307,0.102384,0.0397742,0.0217237,-0.0461916,0.278709,0.0177883,0.113127,0.00282027,0.11631,0.00597775,-0.0398996,0.0388858,0.0242447,0.148817,0.134926,-0.0783382,-0.0618856,0.208317,0.0554561,-0.0922318,-0.292141,0.0547491,0.0916721,-0.257692,0.254702,-0.196624,0.110278,-0.248866,-0.264604,-0.0917276,0.0164278,-0.100767,0.0344103,-0.0495205,0.13486,0.149187,0.118127,0.123592,0.0832997,-0.0953611,-0.216871,0.0817595,0.129267,-0.044391,-0.0242172,0.000353769,0.17524,-0.0280017,0.000435751,0.189352,-0.0649525,-0.0295063,-0.019759,0.00513784,0.186166,-0.165183,-0.0823729,0.108801,
-0.288256,0.102412,-0.188718,-0.0544393,-0.260828,-0.899174,0.543503,0.277471,-0.0723124,0.150442,0.0916371,-0.0188384,-0.101758,0.0299105,-0.158269,-0.109018,0.11171,-0.481152,0.186846,0.0699795,-0.193236,0.0921355,-0.06512,0.136298,-0.49305,-0.768172,0.561581,0.312467,-0.168427,0.230107,-0.068601,0.284062,0.110526,0.0593649,0.134037,0.0373365,0.163177,-0.291497,0.303524,-0.0161626,-0.432222,-0.0123278,-0.149215,0.138081,-0.277093,-0.809582,0.349042,0.0725311,-0.0570056,-0.0178885,0.124848,0.204112,-0.061529,-0.0643816,-0.0716402,-0.0150093,0.18778,-0.258652,0.221234,0.129236,-0.220206,-0.0400136,-0.117334,-0.0672639,-0.230218,-0.545971,0.504227,0.244611,-0.0625175,0.107301,-0.0974323,0.16617,-0.000503463,0.1431,-0.078962,0.141253,0.183918,-0.475164,0.236137,0.0721423,-0.242284,0.0179363,-0.00641527,-0.211809,-0.232804,-0.556579,0.226976,0.0834745,0.0176278,-0.04507,-0.172419,0.574023,0.26368,0.100482,-0.024331,-0.027348,0.0652792,-0.208041,0.0925924,0.107226,-0.219431,0.0200796,-0.0215258,-0.0545715,-0.0466141,-0.217997,0.35196,0.0854787,0.00745047,0.00183993,-0.0342925,0.292917,0.151619,0.257543,-0.0835519,0.168262,0.0355903,-0.0137264,0.373153,0.0954674,-0.207477,-0.169447,0.144091,0.0873468,-0.385838,-0.195016,0.252815,-0.0107354,-0.299458,0.0401951,0.0291793,0.270152,0.0198869,-0.160338,-0.0387016,-0.106617,0.142472,-0.244559,0.291255,-0.03187,-0.447583,-0.206494,-0.0582985,0.108554,0.0199053,-0.0311362,0.0417835,-0.17415,0.0548596,-0.27983,-0.0586728,0.389043,0.166474,-0.011679,-0.105125,-0.0288257,-0.0315515,-0.130093,0.331028,-0.123415,
0.288345,0.258104,0.270863,0.0294334,-0.119366,-0.18264,0.00659449,0.123311,-0.106535,0.0970469,0.099778,-0.20153,-0.0715154,-0.0129911,0.0474566,0.0350083,0.153913,0.0550322,-0.104951,0.0179922,-0.051528,-0.165197,0.143492,0.0794218,0.0879958,0.055602,0.0454735,0.133414,0.0390668,0.0516022,-0.0885234,0.113653,0.117845,0.163415,0.129506,0.180979,-0.117896,0.0483584,0.210196,0.0236086,-0.00276949,-0.00926649,-0.0656586,0.0801078,0.0502447,-0.135503,0.0719591,-0.0426831,-0.0613308,0.140496,-0.170184,0.0465778,0.0454226,0.0552786,0.014876,0.0578661,0.0743079,-0.118506,0.0729073,0.0450941,-0.00698257,-0.0816305,0.224103,0.0458354,-0.0218588,-0.0974634,-0.00838968,-0.0574853,-0.195669,0.169292,-0.219753,-0.0119355,-0.00232645,-0.040295,-0.083081,-0.102914,0.189788,0.0282468,-0.0256018,-0.076383,-0.140778,0.0577643,0.0715356,-0.0821151,0.0956321,-0.0946116,-0.0235223,0.150379,-0.0632891,0.127302,0.122793,0.060739,-0.0848176,-0.0052583,-0.152505,0.101643,0.164164,0.117982,-0.0533329,-0.00983613,-0.118602,0.163616,-0.0507457,0.0618393,0.00776704,0.0907458,0.023981,-0.131872,0.0919287,-0.00370364,-0.129125,-0.092541,-0.0288055,0.0959026,-0.235232,-0.0391017,0.0926343,0.103771,-0.00994775,0.00638032,0.0372839,-0.0380354,0.0358458,0.12216,0.146339,0.165475,-0.0214284,0.0914669,0.0858181,0.0942452,0.0174176,0.0144039,0.0635288,0.120398,-0.033927,0.0194697,-0.025998,-0.0951694,-0.127585,-0.100977,0.115221,-0.222692,0.0156311,0.0945162,-0.000876025,-0.0687923,-0.0122401,-0.0948714,0.153376,0.0796846,0.071192,0.169841,-0.083398,-0.127096,0.0311496,0.0419076,0.247295,-0.123782,-0.0540663,0.196417,
-0.116011,-0.255057,-0.366294,-0.0573085,0.264113,0.844394,-0.35086,0.0348752,-0.0738923,0.00375361,0.0200821,0.191432,0.0405088,0.107042,-0.253404,0.10202,0.559454,-0.395141,-0.104426,0.0214141,-0.354129,-0.156738,-0.106561,0.120367,0.266904,0.751281,-0.201673,-0.031625,-0.0359356,0.138169,0.0536992,0.0508182,0.257839,-0.0147001,-0.0107989,-0.127067,0.640322,-0.275661,-0.151367,-0.110648,-0.129236,-0.130094,-0.0794532,-0.166158,0.339113,0.582536,-0.393817,0.0183858,0.0285142,0.159008,-0.0101793,-0.0524467,-0.212427,0.154496,0.238506,0.0331636,0.667779,-0.142237,-0.254638,-0.0839152,-0.29843,-0.169533,0.0302801,0.109922,0.162401,0.467049,-0.273117,0.0100328,-0.0799005,0.0385132,-0.0378765,0.283284,-0.07589,-0.0346868,0.00282425,-0.152862,0.660636,-0.187726,-0.204034,0.0849559,-0.367489,-0.26427,-0.168033,0.0345441,0.113916,0.336189,-0.136949,0.238293,-0.0656443,-0.0129988,-0.089809,-0.00856493,-0.155714,0.0337259,0.076406,-0.118688,0.591578,-0.106727,-0.222702,0.100249,0.0994236,-0.0040589,-0.126581,-0.0285946,0.188221,0.112247,-0.0531805,0.00999008,0.00483152,0.0483535,-0.0426007,-0.0355664,0.00770532,0.229079,0.193543,-0.109698,0.742063,-0.0761571,-0.314645,-0.130553,-0.0339145,0.0126623,-0.279528,-0.158501,0.091658,-0.038229,-0.108261,0.243931,-0.177911,-0.0551234,-0.0511473,-0.0371756,-0.0843482,0.0670743,-0.00129054,0.131029,0.483156,-0.0175935,-0.0576182,-0.0372731,0.198538,0.186217,-0.115617,0.151721,0.0499276,-0.360503,0.087291,0.372977,0.0746239,0.133548,-0.127141,-0.0931958,-0.378186,-0.111372,-0.000183318,-0.0492104,0.467361,-0.182279,-0.160249,0.0803977,
-0.124784,0.098426,0.0365716,-0.0736193,0.0294231,-0.0799296,-0.047089,0.0997062,-0.0911921,-0.171457,0.202534,0.0584998,-0.0489857,-0.139986,0.122494,-0.065814,0.239083,-0.0239416,-0.237405,-0.0414654,-0.0832092,0.000696214,-0.117311,-0.0368623,-0.0527867,-0.136201,-0.0303716,0.0336685,0.0979296,-0.0705951,0.0808115,-0.0546697,-0.0484156,0.053229,0.0150047,-0.0578902,0.0426226,-0.0354955,0.0295286,-0.0252784,0.212557,-0.175768,0.0592271,0.105381,-0.107236,-0.00516204,0.0423564,0.0448975,-0.246046,-0.00731494,0.00757588,-0.120249,-0.0183663,0.22474,0.0228771,-0.207916,-0.223821,0.0177441,0.0319122,0.0652173,-0.0512565,-0.0589684,-0.10087,-0.155803,-0.0801818,-0.0249957,-0.0129588,0.0273013,-0.0317067,0.159827,0.107012,-0.161848,0.148733,-0.0318789,-0.101101,-0.000773585,-0.215791,0.0520293,-0.141846,-0.0802949,0.0780544,-0.0800869,-0.0856304,-0.0809255,-0.312315,-0.085313,0.100304,-0.155924,0.04894,-0.180528,-0.00490428,0.136132,0.05948,-0.0771546,-0.058971,-0.0628725,0.0498684,-0.0124292,0.170329,0.125038,0.0397254,-0.146337,0.107584,0.133909,-0.0183983,0.00308272,-0.0741974,-0.0693937,-0.139176,-0.00502694,-0.104754,0.121626,-0.0833691,-0.0779729,0.195731,0.0348411,-0.0237133,0.171707,0.144079,-0.135352,-0.020601,0.204831,0.0641214,-0.227922,-0.140825,0.16865,-0.0191187,-0.0395855,0.0461075,0.0779483,-0.0387271,-0.0878129,-0.0367805,0.0950623,-0.143783,0.0792116,-0.157148,0.116421,0.157744,-0.0261528,0.133875,-0.00486565,-0.178573,0.283169,-0.0564746,-0.0531621,-0.104324,-0.207993,0.0864998,-0.121785,-0.00862584,0.127326,-0.0763429,-0.0283893,-0.0507326,-0.131653,-0.026238,-0.10593,0.0241868,0.159534,
0.128234,-0.00862961,-0.278511,-0.171668,0.0402314,0.149626,0.190899,0.00245889,0.165534,0.0451022,-0.0499572,0.0993376,-0.126599,-0.120818,0.161356,0.131207,0.035236,-0.160356,0.0290806,0.212686,-0.176578,0.0509467,-0.252543,-0.117613,0.0121913,0.0477672,-0.0563885,-0.0169279,-0.199595,0.123403,-0.130884,0.173639,0.014669,-0.141375,0.153287,0.0401478,-0.186233,-0.00418193,0.124799,0.148891,-0.0315444,-0.153414,-0.266886,-0.067542,0.0923166,-0.172117,0.0373838,-0.144738,0.0952448,-0.253219,-0.0406852,0.149632,-0.183316,0.143891,-0.0769358,-0.146159,0.126914,-0.0330389,0.120033,0.0646039,-0.0414194,-0.106429,0.0632667,-0.0511912,0.0449605,-0.0224458,-0.0627228,-0.057645,0.0948083,0.0143822,0.12213,0.21327,-0.0557104,-0.00598415,-0.23959,-0.0611303,0.066815,-0.198249,0.0401322,0.162507,-0.0608195,-0.064195,-0.0822213,0.103579,-0.166829,-0.0197757,0.200584,-0.0133354,0.187323,-0.267324,-0.00352527,-0.128883,0.00253698,0.191097,0.0103772,0.00757203,0.0500088,0.101229,0.245095,0.0321107,-0.203911,-0.203707,0.0903715,0.0682954,0.180725,0.00705892,-0.039797,-0.0287978,-0.0535347,0.207957,0.252788,-0.0581532,-0.0686602,-0.110624,-0.0652751,0.0897365,-0.0726366,0.051865,0.0597362,-0.18399,-0.0352318,0.0446448,-0.0497519,-0.0625267,0.124422,0.0548685,0.0563396,-0.100157,-0.126066,0.0898729,-0.0152088,0.125091,-0.0368785,0.129149,-0.146955,-0.017524,0.227477,0.239307,0.131858,0.159996,-0.0685793,-0.0841419,-0.0230538,-0.110438,0.0542607,0.000116593,-0.0965596,0.139557,0.10487,-0.204355,0.141079,0.155951,-0.392705,0.139185,0.134217,-0.0920631,0.113951,-0.0771584,0.174499,-0.0736588,
-0.0321347,0.167245,-0.0524892,-0.00156243,-0.155668,-0.377927,0.331423,0.217871,-0.0770203,-0.056547,-0.080865,-0.0162307,0.00990343,0.168835,0.124577,-0.098697,0.0747138,-0.169192,0.240253,-0.130156,-0.00764608,0.0791182,0.0934841,0.128191,-0.195945,-0.19391,0.287705,0.198474,-0.0880959,-0.0243492,-0.0808469,0.000189859,-0.114198,0.0938017,-0.0705209,-0.0778921,0.101435,0.0551732,-0.023313,0.130754,-0.045281,-0.0771557,-0.16651,0.0742451,-0.269658,-0.291857,0.304689,0.224048,0.00423266,0.0532704,0.117045,0.157094,-0.109249,0.0389835,0.0597321,0.0600552,0.0899666,0.0693715,-0.0211033,0.123885,0.0919177,0.0339999,-0.00096751,0.137619,0.0955173,-0.13039,0.0397864,-0.0139203,-0.157518,0.126882,-0.0045879,0.174281,-0.0178196,-0.0846039,0.0842741,0.241869,0.054438,-0.188325,0.105204,-0.229232,-0.0659426,0.258422,0.0331739,-0.0522515,0.0378962,-0.300462,0.00896111,-0.197122,0.212131,0.0131371,-0.0660303,0.00201527,0.034134,0.217876,-0.0799636,-0.0724381,-0.0185799,-0.115538,0.058063,0.0623677,0.0980037,-0.00745398,-0.0527805,0.112523,0.054808,-0.138783,-0.043488,-0.0587215,-0.299817,-0.145686,0.107512,0.174015,-0.0779571,-0.0186285,0.00519726,-0.171022,-0.106577,0.0162496,0.0979084,-0.048949,-0.168693,-0.164753,-0.154629,0.174253,0.150494,-0.00256689,0.118827,-0.0155323,-0.228344,-0.16142,-0.045548,0.196486,0.13629,0.0926356,0.0869923,0.0778624,-0.0472392,-0.0154595,0.122946,-0.0415361,0.170062,0.0826448,-0.0760564,0.0485362,-0.0794753,0.0710427,0.0570148,0.0739533,-0.120153,-0.0031374,-0.199978,0.279971,-0.134112,0.0533203,-0.131833,-0.112504,0.0131499,0.0817398,0.00156329,-0.0633667,
0.05876,-0.087707,0.0344837,-0.111532,-0.108003,-0.025145,-0.0593107,-0.00887516,-0.0915037,-0.0114747,-0.0116457,-0.0518081,-0.202962,0.201593,-0.100445,-0.054795,-0.0715532,0.0758236,-0.0151641,0.107275,-0.00913032,0.223883,0.122162,-0.106213,0.0162146,0.0152425,0.094573,-0.103276,-0.217862,0.156149,0.181584,-0.0768934,-0.0619085,0.097993,0.151063,-0.0355702,-0.066515,-0.0155755,-0.0600817,0.220533,-0.0435368,-0.0918206,0.0529602,0.0960085,0.0745016,-0.0850296,0.093571,0.258026,0.00682343,-0.0620518,-0.0529368,-0.203875,-0.0643818,-0.106156,0.0770647,0.186971,-0.100276,0.0545558,0.0996162,0.0681495,-0.0411861,0.0318049,0.0414479,-0.0623106,0.0254189,-0.0421114,0.0901134,0.0248746,-0.0761005,-0.204078,0.034017,-0.0216161,-0.137724,0.024681,-0.00576902,0.102953,-0.169354,-0.102683,-0.0200412,0.0014152,0.216109,0.262878,-0.119714,0.110245,0.0240246,-0.24029,0.0516278,-0.0950598,-0.186085,-0.081376,0.0697682,0.174271,0.0541441,0.045408,-0.240752,-0.201145,0.218377,0.183568,0.117318,0.013943,0.13062,0.116893,0.0326254,0.253244,-0.0228603,-0.0461933,0.0147616,-0.225679,0.053443,0.0805506,0.0184795,-0.134199,0.0466088,0.0233333,-0.12504,-0.086156,-0.0342897,0.00113778,-0.0944225,0.17548,0.00267207,-0.207119,-0.101312,0.136745,0.135492,-0.275755,0.0193731,0.258975,-0.0241092,0.109348,0.207685,-0.0190713,-0.0693946,-0.0649869,-0.0140357,-0.0737996,-0.0872372,-0.0339267,0.0776722,-0.0112691,0.103136,-0.0655354,0.0880643,0.0461144,0.0394892,-0.0566994,0.0851893,0.176868,0.00862421,0.141411,-0.00941399,0.102129,0.160393,0.0211986,0.0372053,0.127345,-0.106666,0.142132,-0.150947,-0.120164,
-0.0449284,0.0584589,0.017006,-0.192235,-0.0488201,0.00643397,-0.112842,0.0412872,-0.079037,-0.0373745,-0.165721,0.121418,0.13088,-0.091208,-0.132816,-0.0146887,0.181617,0.0553501,-0.156957,-0.0776368,0.0295047,-0.186803,-0.0586171,-0.061391,0.00541657,0.173746,-0.283112,-0.0301968,-0.186342,-0.0117623,-0.0431287,0.115877,-0.154372,-0.103989,-0.0310769,0.160157,-0.0449791,-0.205373,-0.0875036,0.00834937,-0.0738554,0.0643278,-0.0512741,0.120773,0.013473,0.0582618,0.0123716,-0.00403832,-0.0314191,-0.0062112,0.0722164,-0.0354555,-0.0679254,0.131833,-0.0103807,0.0293694,0.0286605,0.189796,-0.0966027,-0.118985,-0.0834444,-0.222943,-0.172651,-0.0422939,0.0459628,0.113458,0.139153,0.0901956,-0.139838,-0.0135503,0.180614,-0.105437,0.305272,-0.0662076,-0.133932,-0.140308,-0.083781,0.0958164,-0.144071,0.238841,0.110499,0.0259376,0.0643107,-0.00580965,0.021785,-0.0310381,-0.112709,-0.00892208,-0.0284877,0.0212143,-0.00857871,0.150688,-0.0823821,0.0221627,0.0294778,-0.168393,-0.0996649,-0.0537156,-0.0633266,-0.110274,-0.0529066,0.178892,-0.0533453,0.0765122,0.139632,0.0616068,-0.196505,0.104963,-0.14131,-0.0685571,0.153749,-0.0229417,-0.0845546,0.020238,0.0118934,-0.0684698,-0.179944,-0.0248313,-0.0379275,0.0924203,0.10725,-0.161525,-0.263203,-0.00560514,-0.0197262,-0.0163046,0.0763095,0.0353258,-0.063378,0.0416855,0.108322,0.039453,-0.0421875,0.0774546,-0.0774964,-0.0712502,0.0180603,-0.0509449,0.176735,0.196348,0.207986,-0.113707,0.0320896,-0.251605,0.149304,0.196198,-0.108392,-0.103269,0.0897872,0.0372451,-0.130467,-0.137577,0.0261988,-0.157865,-0.12182,0.0232413,0.0738461,-0.0173722,0.0129286,0.107373,
0.0949305,-0.101776,0.0500122,-0.164898,-0.032204,-0.183235,0.00887258,0.121586,0.118913,-0.16198,0.0556045,0.0639892,-0.0945215,0.295469,-0.182035,-0.0658644,0.0890238,-0.0640465,-0.124864,-0.0205568,0.0301401,-0.0597978,-0.0876716,-0.0297024,0.0104424,-0.143107,0.178317,-0.208139,-0.0160596,-0.206882,0.172344,0.0789901,0.132543,-0.052002,-0.0738019,-0.0813168,-0.070147,-0.103434,0.181719,0.0652123,0.0756253,0.0300218,-0.0541211,-0.0990951,-0.121637,-0.086291,-0.049269,0.0874635,-0.0289644,0.127625,0.0574786,0.0880047,-0.182866,0.121121,-0.0762433,-0.194775,0.0418505,-0.048454,-0.112816,-0.0414829,-0.112726,-0.232689,-0.00631868,-0.0826023,0.0473885,-0.1289,-0.0498961,-0.132755,-0.036882,0.177361,-0.109952,-0.00962583,0.0887723,0.120599,0.00711703,-0.220986,-0.0352063,0.0122005,-0.0957632,-0.0761282,-0.0511827,-0.289302,-0.160274,-0.0433522,0.00388394,-0.00831178,-0.0755618,-0.112952,0.0643745,0.0891112,0.00717548,-0.00801533,0.00366354,-0.159125,0.235808,-0.0254026,0.0177008,-0.0193773,-0.0649288,0.129125,-0.222385,-0.147749,-0.157158,-0.0506386,-0.107684,-0.111407,0.0320522,-0.161524,0.0524325,-0.0708109,0.248995,0.302488,0.00345382,-0.0354531,-0.27079,-0.0733933,0.0152498,0.0634511,-0.0452335,-0.0121524,0.107009,0.0254764,-0.0559133,0.0273217,0.115459,0.0962187,0.145047,-0.00147762,0.263609,-0.342152,0.00815341,0.0474902,-0.0166226,-0.00501682,-0.199213,0.166122,-0.00253204,-0.103209,0.0535442,0.0866159,0.0262127,0.132797,0.0213792,0.103611,0.0490521,-0.0290215,0.0433256,-0.0779439,0.166142,-0.182177,0.245172,-0.148153,-0.0872857,-0.0657519,0.137535,0.162189,0.0389152,0.106309,0.140102,-0.261787,
0.127598,0.0411356,-0.0322745,-0.143239,-0.00484148,-0.0228405,-0.121179,-0.0442639,-0.135722,0.225798,0.0488847,-0.170976,-0.0350301,0.018757,-0.00818564,-0.204288,-0.176304,-0.0813398,-0.00631242,0.386726,0.0393374,-0.181103,-0.214218,-0.0788622,-0.261029,0.0454418,-0.0245506,-0.0969142,0.188989,-0.131514,0.0635355,0.107812,0.10868,0.109026,-0.0813584,0.0814137,0.0868127,0.0170673,-0.0660373,-0.0431984,-0.190542,0.154077,0.0164501,0.166945,0.237162,0.0859734,-0.117455,-0.0286479,0.00916862,0.0987229,0.00334985,-0.0424403,0.0479717,-0.0398512,0.0772674,-0.0673749,-0.183867,0.163965,0.138206,0.120312,-0.119411,-0.0789724,-0.201152,-0.0423859,-0.144887,-0.238771,0.0410913,0.0200842,-0.142569,0.0340701,-0.117935,-0.116621,-0.104638,-0.0892788,0.166804,-0.349327,-0.0674042,-0.139711,-0.113753,0.0475959,-0.0985145,-0.0119658,-0.0926688,0.0154795,-0.0409313,-0.203318,0.00935255,-0.0266691,-0.114003,0.0443155,0.212314,0.140656,0.0529488,0.102305,-0.093588,-0.000175817,0.0500812,0.108147,0.192576,-0.135711,-0.0150024,0.105741,-0.206691,-0.0688112,-0.0183326,0.0141628,-0.0840586,-0.200186,0.0322554,-0.249708,0.00906697,0.0552542,0.0981684,-0.0582428,-0.250846,-0.0339346,0.0927197,-0.013239,-0.0922763,0.00354279,-0.01662,-0.17609,0.212822,0.0488267,0.098012,-0.10307,-0.061639,-0.0593991,0.205526,-0.366136,0.223665,0.126918,-0.0659336,-0.0437917,-0.0548489,0.0945567,-0.20874,-0.115611,0.0926929,-0.128316,0.00367673,-0.0277068,-0.24144,-0.123376,0.0125002,0.0716368,-0.00864138,-0.00475402,0.279211,-0.0152857,0.0566983,0.091498,0.108874,0.0114208,0.0924286,0.0254771,-0.0953438,-0.138269,0.0264098,-0.187555,
-0.269889,-0.0999629,-0.0185587,0.0688791,0.0660272,0.199648,-0.0785241,0.057209,-0.196214,-0.165431,0.109042,-0.00997101,0.392652,0.0150072,-0.121049,-0.175546,-0.261149,0.156055,-0.0824533,0.027099,0.00373154,-0.133945,-0.0800864,-0.115053,0.1877,0.237312,-0.0580245,0.0236321,-0.0857727,0.0509815,-0.00764337,0.120498,-0.079773,-0.046386,-0.188077,-0.171202,-0.281217,-0.0271149,-0.0378367,0.136512,0.14792,0.109468,-0.0873913,-0.162571,-0.143209,-0.0473674,-0.128398,-0.0917118,-0.11944,0.0730472,0.0795486,-0.0466698,0.141215,-0.0311983,0.0203388,0.228963,-0.189465,0.0286175,-0.00353348,-0.0155538,-0.288643,-0.0794028,0.0368678,-0.102013,0.0979774,0.0938672,-0.11568,0.0212738,-0.0985939,0.063346,0.111024,-0.0520985,-0.278523,-0.0954457,-0.0292992,-0.0787907,-0.386714,-0.0551906,-0.0520252,0.0710922,0.0737657,-0.0893008,-0.140693,-0.132973,-0.0158832,-0.128245,-0.017922,0.243983,-0.0132497,-0.0667859,-0.0140247,-0.168268,0.0429177,0.0967304,0.199107,0.0366894,-0.125419,0.00729745,0.254892,-0.0418512,0.00931734,-0.0379859,0.0502793,0.169081,-0.0219942,-0.0607398,0.0756599,-0.00441812,-0.0286614,0.0703153,-0.0776427,-0.052108,-0.161603,-0.211522,-0.0600463,-0.147256,-0.27678,0.167187,0.0862022,0.0838694,-0.0438298,0.0268404,-0.101162,-0.063481,0.0120233,0.045719,0.152507,-0.0134444,0.00389556,-0.0324759,-0.119224,0.125403,-0.0384006,-0.200881,0.0204119,-0.0720704,-0.268734,0.100395,-0.2015,-0.159308,-0.0525106,0.140079,0.0436939,-0.0159473,-0.0644761,0.040504,0.181137,0.161307,0.00952938,0.0789276,-0.020064,-0.227283,-0.0929045,-0.232948,0.0439475,-0.0886965,-0.275995,-0.0927546,-0.078027,-0.0729885,
-0.0260453,-0.314353,-0.204027,0.00454339,-0.115776,0.0977505,0.0347705,0.0885013,0.131721,-0.427541,-0.105446,0.014068,0.113301,0.0485551,-0.0404256,-0.11705,-0.00422104,-0.019353,0.0427125,0.0264836,0.0428118,-0.0368025,0.0373827,-0.0576179,-0.056574,-0.148146,-0.183759,-0.0442002,-0.0433017,-0.184548,-0.127197,0.00140786,0.0583134,0.0497765,0.139227,0.0742227,-0.313151,-0.0119206,0.0155074,-0.059988,0.0927109,-0.00750828,0.112442,0.0897736,-0.303654,0.00689062,0.0473944,-0.177846,0.0322823,0.327746,-0.107805,0.112236,0.0530475,0.0200579,-0.011758,0.111352,0.0314436,0.0323859,-0.0144712,0.119896,0.0373145,-0.0658822,-0.268637,-0.114076,-0.0413592,-0.245882,0.0651911,-0.121736,-0.16777,0.147927,-0.155277,-0.19845,0.0274674,-0.178304,0.0701403,-0.0597244,-0.0360724,0.0580542,-0.0507956,0.134418,-0.00357658,0.0265364,-0.0214708,0.0468005,0.105031,0.0889551,0.0162015,0.0678735,0.0052327,0.241279,0.131937,0.148374,-0.247072,0.15747,-0.155688,-0.0721911,-0.148379,0.0521578,0.0630316,-0.0559149,-0.104424,-0.0327624,0.106821,0.134083,-0.153793,-0.0411449,0.0309589,-0.149835,0.115459,-0.048364,0.0522742,-0.0404488,0.0851011,0.0550704,-0.0171964,0.0886209,-0.067412,0.0966031,-0.236975,0.0776617,-0.0551471,0.0396996,-0.0571023,-0.173126,-0.0136313,0.126676,0.0645507,-0.0274529,0.144917,-0.210574,-0.0616661,0.0223635,-0.0574804,-0.111121,0.0596554,-0.103903,0.0580194,0.0620785,-0.0119168,0.0660681,-0.151762,0.110833,0.0245092,-0.234698,-0.0443332,-0.00848342,-0.143239,-0.200967,-0.0286734,0.0757555,0.118321,0.0295025,-0.107199,0.0994266,-0.191894,-0.0262827,0.124131,-0.139074,0.0178459,0.0477226,
0.0481652,0.00280969,0.00639415,-0.056073,0.0247891,0.210077,-0.022924,0.0806077,0.070633,0.0962041,-0.03861,-0.229435,0.00714879,-0.102996,-0.215471,-0.137595,0.107382,-0.127011,0.0302345,0.0981584,-0.117992,0.0297239,0.0503374,-0.0405318,-0.149696,-0.108154,-0.112345,-0.0399595,-0.0213606,0.00241113,-0.20146,-0.0563763,0.0193898,-0.0594614,-0.141396,0.0437099,0.10403,0.0686526,-0.02895,0.0106841,-0.152651,0.1026,-0.0567258,-0.176656,0.00853322,0.143014,-0.0235957,-0.0959606,-0.0660912,-0.0274125,0.298424,-0.0487976,-0.173269,0.16986,0.00997832,0.191506,-0.149147,-0.0794447,-0.128592,0.13406,-0.106319,0.0329814,0.218087,-0.0520344,0.254034,-0.00539894,-0.011368,0.025348,-0.162119,-0.0651682,-0.158181,0.0254785,-0.0955395,0.0503161,0.0912053,-0.241719,0.0324227,0.124712,-0.019539,-0.13358,0.00877073,-0.0494985,0.052228,-0.0154268,0.00437098,0.037615,-0.0928315,-0.0369872,-0.0399631,0.0979174,0.102069,0.187968,-0.0760123,-0.0572153,0.00282868,0.0210108,0.111632,0.000146256,-0.130451,0.0911494,-0.0467231,-0.152548,-0.126737,0.0604251,-0.143504,-0.200979,-0.0280338,0.0605439,-0.201864,-0.00298232,0.0905073,-0.0524383,0.0429351,-0.0248906,0.195875,-0.0359815,0.17682,0.133314,0.155886,0.0228914,-0.0389433,0.061423,-0.0557029,0.0521602,0.107652,0.10984,0.0338858,-0.0620098,-0.332663,0.100911,-0.113817,0.119432,0.0705208,0.0569159,-0.052128,-0.227091,0.0312625,0.0435553,-0.0787802,0.115443,-0.139885,-0.15809,-0.086018,-0.0139763,0.110745,0.137859,-0.216902,-0.0524899,0.0295449,0.0399418,0.160463,0.051017,0.117238,-0.0063702,-0.0574005,0.0064555,0.127886,0.0688712,0.0510398,-0.128533,
0.112852,-0.0504766,0.0449607,-0.0506149,0.168509,0.0310304,-0.0727515,0.0336301,-0.120192,-0.105873,-0.109854,-0.030075,0.203987,-0.172538,0.0841856,0.0867592,-0.0872217,-0.00135265,-0.0398515,-0.0290811,-0.0586847,0.0091823,-0.158241,-0.0297381,-0.0126258,-0.0565953,-0.019486,-0.0855859,0.0957669,0.113607,0.0741988,0.0340565,-0.0889241,0.0364587,0.0827756,0.169808,0.0759845,-0.211015,0.0779548,0.0244247,0.134439,0.068646,-0.075125,-0.164221,0.109105,0.161597,0.0712129,-0.0593833,-0.137038,-0.0965655,-0.037705,0.0663853,-0.0141017,-0.0214606,-0.0193802,0.208904,-0.00263805,-0.148573,-0.0340647,0.108746,0.0575781,-0.193449,-0.113327,0.0373726,0.120726,-0.0488522,0.039205,0.108598,-0.0420435,0.0351881,-0.0974999,0.0769937,-0.133448,-0.178008,0.178718,-0.0616186,-0.0249939,-0.192572,0.0153531,-0.00878342,-0.166969,-0.0679156,-0.0998763,-0.0524773,-0.038115,0.0806794,0.140732,-0.210202,0.0528668,-0.163484,-0.159748,0.123379,-0.0509711,-0.105291,-0.0888173,-0.0368039,0.201749,-0.0828733,0.104201,0.0189578,-0.0880214,0.0652666,-0.0429977,0.195106,0.0440262,0.0642412,0.064376,0.10584,0.0395256,0.332074,-0.0135866,-0.0263124,-0.011425,0.0164454,-0.0996438,0.152941,0.13264,-0.144216,0.112416,0.1315,0.114201,0.111747,-0.0276866,-0.0530382,0.0525359,0.0336555,-0.038784,-0.218608,0.0229109,0.0718291,-0.0100501,0.195805,-0.0199381,0.0355219,0.0129322,0.0474938,0.0258051,-0.0927029,-0.0479608,-0.0565183,0.187276,-0.166348,0.0129245,-0.0162102,-0.0518251,0.236943,-0.113174,-0.219594,-0.0575729,-0.0397655,0.0154424,0.148296,-0.0679625,-0.0165986,-0.233448,-0.21062,0.0340049,-0.0383523,-0.0682984,-0.0772665,
-0.0533394,0.0281597,0.0393524,0.113492,0.0888208,0.0822075,0.0603446,0.00151588,-0.0198761,0.100566,0.0841893,-0.378289,-0.0870925,0.00984071,-0.218736,-0.129318,0.191108,0.00111073,-0.106929,0.114797,-0.145138,0.162296,-0.215493,-0.0769317,-0.227432,0.0408268,0.0280476,-0.0309245,0.0189076,-0.20413,-0.179635,-0.0563134,0.0195374,-0.0478421,0.0502003,-0.0182718,0.0983787,0.0478246,-0.0411026,-0.174125,0.079199,0.0190433,-0.25518,-0.256481,-0.0390775,-0.156482,0.00885148,0.0675662,-0.0944881,-0.00715935,-0.181574,0.0862345,-0.0546818,-0.0970258,0.0636058,-0.145408,0.131932,-0.0455105,-0.0441528,-0.0198022,-0.113556,-0.199511,-0.094741,0.00864265,-0.133343,-0.111721,-0.00805518,0.0705389,-0.212093,0.019336,-0.0710331,-0.0809244,-0.0428883,-0.0529564,0.0335806,-0.0338552,-0.0939525,0.192686,0.0695111,0.0305527,-0.0620528,0.10002,-0.00295624,0.131225,-0.0253738,0.0792147,0.0428212,0.0949898,-0.18366,-0.0931146,-0.00986541,0.0155072,-0.120256,-0.160441,0.122566,0.0037356,0.150084,0.0523877,-0.200382,-0.202098,-0.11422,0.0090158,-0.042334,-0.070059,-0.183508,-0.192827,-0.0978722,-0.0399677,0.0833717,-0.217726,0.0135524,-0.0273055,-0.0423294,-0.0475671,-0.111342,0.0709647,-0.187425,0.109145,0.0180195,0.0810392,0.0467928,0.0296088,-0.102361,0.0542935,-0.00340098,-0.100703,0.227896,0.0719592,-0.0200736,0.0228405,0.0260439,-0.0175897,-0.0265599,-0.189673,-0.00397011,0.0587368,0.0852351,-0.217161,0.0559842,-0.133737,-0.0660245,-0.0970061,-0.00655245,-0.000434022,0.0642135,0.109637,-0.121609,0.00852499,0.138193,-0.0621246,-0.0239562,-0.0527785,-0.00850167,0.0802468,-0.10103,-0.114568,0.111542,-0.173595,0.0045676,0.108775,
0.0507773,0.274968,0.230522,-0.0719848,-0.325748,-0.395463,0.597646,-0.148883,-0.0552435,0.0117524,-0.104074,-0.0123887,0.121645,0.165137,0.103238,-0.0813001,-0.0976822,-0.197201,0.0101162,0.075822,-0.203295,0.0770476,0.177494,0.102664,-0.496955,-0.505046,0.350321,0.185474,0.0162991,0.101216,-0.0604526,0.0127342,0.0316941,-0.000636539,0.180969,-0.0909101,0.050227,-0.122145,-0.0536166,0.0309077,-0.125488,0.33138,0.179188,-0.0751078,-0.447303,-0.309086,0.197041,0.0862094,-0.243555,0.0407569,0.209949,0.080973,0.126177,-0.0380766,-0.092265,0.161192,0.07506,-0.292311,0.0521878,0.0136733,-0.161523,0.129892,0.151159,0.06093,-0.213713,-0.247713,0.281081,-0.0164233,0.00106995,0.0021886,-0.0297048,0.0969074,0.0976407,-0.0477345,-0.0152739,-0.0729651,0.0943398,-0.261622,-0.174143,0.000458325,-0.0334424,0.00241933,0.184002,0.0335102,-0.170826,-0.162939,0.252051,0.0258557,0.0833202,0.135551,0.0136363,0.194432,0.0981307,0.106741,0.0993252,0.129523,-0.0213525,-0.133235,0.0889519,0.187569,-0.0480462,-0.0393345,0.0447641,0.0289092,-0.1466,-0.198852,-0.0706947,-0.154449,0.0640501,0.0902827,0.149325,0.109497,0.15739,0.0122007,0.00439753,0.163691,-0.0238089,-0.192219,0.184494,-0.214201,-0.232512,0.138163,0.0792866,-0.0525727,0.0369935,-0.312842,0.281622,-0.0562638,-0.130425,0.23402,-0.117288,0.0289242,0.224485,0.0386575,-0.0370994,-0.0901041,-0.170136,-0.119333,0.127345,0.0166755,-0.071454,0.184702,0.0465844,-0.0460268,-0.23452,-0.0265016,0.0824806,-0.131421,-0.0137596,0.0588409,0.222659,0.183067,0.0003166,0.0630061,0.0749085,-0.152057,-0.300252,-0.0468061,-0.0218742,-0.0179085,
-0.138349,-0.236379,-0.138746,-0.0496006,0.082824,0.00426352,-0.209978,0.12782,-0.082833,0.0473044,-0.0219794,0.0937075,-0.166226,0.0854851,0.0347043,-0.0985204,-0.358979,-0.0453535,-0.0103835,-0.120488,-0.0186913,-0.337279,-0.129944,-0.0460558,-0.0597679,0.107024,-0.0486256,0.153035,0.0897988,0.21995,-0.0793276,0.141661,-0.0748202,-0.0799073,-0.0142592,0.0213981,-0.467989,0.102161,-0.174161,-0.00822393,0.0204076,0.00653283,-0.115122,-0.0491745,-0.0318639,0.0774494,-0.126678,-0.165982,0.0841828,0.13468,0.00659699,0.127443,-0.175175,-0.126152,-0.0428344,-0.136931,-0.230253,-0.183307,0.03072,-0.0167138,-0.226646,-0.313069,0.0735411,0.0697068,-0.0320296,-0.116968,0.0797454,0.11216,0.116328,-0.154807,0.0507378,-0.0577661,0.0292783,-0.0919649,0.0319972,-0.112219,-0.0988576,0.268823,-0.0968838,0.207614,-0.0832453,0.056647,-0.00620603,0.046114,0.0455601,0.225629,0.0172529,0.134764,-0.0641023,0.152711,0.0277881,0.164782,-0.182688,-0.096102,-0.120975,-0.18742,-0.336875,0.0263947,-0.17338,-0.0302805,-0.100287,-0.0109399,-0.0501763,0.0610457,0.135134,0.308434,0.110375,0.18095,0.104314,-0.0916189,-0.0807168,-0.0713145,0.0606129,-0.0678888,-0.00208981,-0.0597418,-0.25665,-0.0670234,-0.102076,0.167722,0.0554263,0.176822,-0.102405,-0.0185105,0.102899,0.259261,0.17467,0.128017,-0.156892,-0.0721321,-0.0166182,0.244418,-0.0285894,-0.0471331,0.1082,-0.170218,-0.0564302,0.0356731,0.0214126,-0.0738918,0.030181,0.0481032,0.106438,0.220836,-0.0581825,-0.151919,-0.0282591,0.00995473,-0.111417,0.00396199,0.0953848,0.125832,-0.0109448,-0.120556,0.0554968,-0.0312697,-0.405101,-0.100934,0.123036,-0.0152657,
0.296049,0.616368,0.215333,0.195295,-0.427197,-1.6814,0.719123,0.529887,-0.110434,0.150137,0.0854031,-0.538252,-0.0972125,-0.12743,0.00559981,-0.00323577,-0.160385,-0.68328,0.0977116,0.0481903,0.167162,0.432135,0.225365,0.0860087,-0.609141,-1.1042,0.540714,0.30135,-0.0215842,0.0573501,0.0419606,-0.21788,-0.0411611,-0.209777,0.0846199,0.160984,0.0211359,-0.326939,-0.109938,0.0146884,0.0736958,0.428178,0.267632,0.129451,-0.162136,-1.21691,0.34363,0.359194,-0.0728964,0.037927,0.241143,-0.267309,0.150537,0.0751911,0.159196,-0.184307,-0.113821,-0.74103,-0.00792269,-0.0748186,-0.0365119,0.339856,0.174499,0.0987214,-0.251272,-0.956827,0.620112,0.211107,-0.0863406,0.075514,0.00911144,0.102765,0.127341,-0.104546,-0.219765,-0.0524356,-0.150877,-0.566071,-0.094227,0.00838769,-0.238021,0.178775,0.0322266,0.0983365,-0.0984068,-0.541782,0.404128,0.145568,-0.106596,-0.0076842,0.0383623,0.0147363,0.237686,0.0383165,-0.00412554,-0.108233,-0.029038,-0.409602,-0.0163853,0.00994219,-0.0789983,0.119371,0.353664,0.0527583,-0.177852,-0.381197,0.203271,-0.094831,-0.0106284,-0.00702397,0.0536829,-0.0230334,0.325444,-0.102505,-0.00841606,-0.0240558,0.011772,-0.628874,-0.141028,-0.0921875,0.0114877,-0.0182376,0.0758595,-0.0318804,0.10122,-0.0873138,0.0675115,-0.0309341,-0.0635883,0.100343,0.0620494,0.0293348,0.259931,0.0886594,0.0293187,-0.103626,-0.223468,-0.502174,0.1879,0.00162151,-0.335815,-0.143282,0.0859635,0.153217,0.245504,0.40414,0.15985,-0.229054,-0.148367,0.0646624,0.25609,0.336443,0.268414,0.0664002,0.0101389,-0.0391045,-0.263012,-0.789425,-0.0915155,-0.207945,
-0.250908,-0.0393034,-0.274647,-0.00657308,0.0470623,0.0612633,-0.190286,0.166254,0.0586214,0.0795536,0.227769,0.0977359,-0.125235,-0.0239477,-0.132316,0.0408429,-0.1519,0.104263,-0.222153,-0.0931783,-0.0767526,0.032523,0.0974542,0.0553607,0.146699,0.0857837,0.174413,0.0919341,-0.10206,0.0445551,-0.0622323,0.0972855,-0.00729565,-0.132062,-0.108198,-0.0496425,0.0183127,0.220259,0.0628285,0.0601653,-0.145396,-0.107112,-0.157843,0.232845,-0.0154716,0.0260578,-0.00902179,-0.095959,0.0946077,-0.0235289,-0.0467736,0.0590754,-0.129547,-0.0614632,-0.199168,-0.0915032,0.178889,-0.0143281,-0.000512362,-0.115204,-0.0154255,0.0454429,-0.161363,-0.0400246,-0.012459,0.0164494,-0.0252199,-0.0639332,0.025673,0.0426658,-0.122346,0.0531069,-0.188531,0.117875,-0.153099,0.0316638,0.224401,-0.0578668,-0.0646529,0.195403,-0.0629076,0.0537839,-0.101164,-0.234409,-0.0567929,0.0168518,-0.0900175,0.213543,0.0477839,0.0493222,0.126258,0.0223115,0.098464,-0.026372,-0.0907385,-0.0558598,-0.00135402,-0.0522088,0.0778385,0.060563,-0.0875386,0.00301046,0.00999631,0.0912644,0.0302412,0.0775347,0.00316292,-0.0399185,-0.160071,-0.116428,-0.0408181,-0.091309,-0.108117,0.190226,-0.0755515,0.0552792,0.239893,0.0360648,-0.0490207,0.0698052,0.270418,0.010934,0.0631871,0.131978,-0.119772,0.134441,-0.048376,-0.120427,-0.0956767,-0.197567,0.0914301,0.00768256,-0.0841993,-0.0984564,-0.0941401,-0.0483285,-0.0915954,0.0584519,0.0515897,-0.0730658,-0.0030481,-0.110222,-0.0265474,-0.316371,-0.121315,0.263663,0.10567,-0.00160706,-0.280709,-0.0508206,-0.00774345,0.0628633,0.0820626,-0.136266,0.175283,0.0510011,0.0941702,-0.0137559,-0.0641786,0.0753978,
-0.256013,-0.106527,0.065759,0.0635511,-0.0119706,-0.0546163,0.0380396,-0.0737514,-0.0446776,0.0679068,-0.0559754,-0.176062,-0.0830801,-0.0428997,0.0440782,0.134134,0.219645,0.0678153,0.0794103,0.216395,0.0400265,-0.0455076,0.162756,-0.0427969,0.152741,0.0308525,-0.00388256,0.034542,0.0538795,0.0329186,-0.0338939,-0.112794,0.106541,-0.114229,0.121454,0.0186751,-0.0377089,0.0230531,0.0574371,0.215787,-0.13289,-0.231769,-0.0563059,0.0303,-0.143695,-0.0991358,0.269619,-0.100394,0.032767,-0.150775,0.108123,-0.0726967,0.0770201,-0.0710389,-0.0108996,0.0357572,-0.0392709,-0.050122,0.0890084,-0.00479945,0.161677,-0.0110137,-0.0486366,0.134103,-0.0640992,-0.168996,0.0183725,0.024746,0.0163775,0.141873,0.00864335,-0.113051,0.00654298,-0.0471326,-0.0915175,0.0254934,0.186916,0.0250297,0.0511682,-0.347181,-0.104316,0.0029481,-0.0817386,-0.21714,-0.133328,-0.296912,-0.137069,0.0682214,0.0667572,-0.223245,-0.0532746,0.290795,-0.0223961,0.147384,0.0538168,-0.0682916,-0.0495384,0.0560659,-0.0450908,-0.162576,-0.0438277,-0.144538,0.106554,0.0284979,-0.114777,-0.0926513,0.174068,-0.0336835,-0.152001,-0.0396959,0.144482,-0.0494057,0.129817,0.0885055,0.110985,-0.0792928,-0.00579726,-0.0601793,0.00188241,-0.0682283,-0.200672,-0.0818202,0.0661069,-0.272452,-0.0759986,-0.0670326,-0.123835,-0.112266,-0.179995,0.0240496,0.00427038,-0.0454363,0.00523621,0.085034,-0.0630734,0.165092,-0.0340067,-0.117776,0.0553298,-0.0667284,0.156897,0.197864,-0.06855,-0.130494,-0.170934,-0.079202,-0.166972,0.000286123,-0.0806804,-0.00689633,-0.131039,0.0782661,-0.124997,0.014672,0.00394048,-0.0118712,-0.0842632,0.266138,0.0388221,-0.0840811,
0.0730291,-0.313734,-0.0563683,0.131096,0.139192,0.294148,-0.358538,0.0414455,0.0112364,0.081367,0.155279,0.00810738,-0.123825,-0.130949,-0.0235333,-0.161797,-0.0408617,-0.0355075,0.00546213,-0.019094,0.102902,-0.285072,-0.256245,-0.0258042,0.049245,0.268811,-0.417116,-0.145223,-0.0867404,-0.0154494,0.0526429,0.144497,0.0510986,-0.144664,0.0159286,0.0742214,-0.0868396,-0.110266,-0.225853,-0.13347,0.104827,-0.256993,-0.0321293,-0.0205097,0.0342088,0.212528,-0.232563,0.00401649,0.103537,0.106065,-0.072271,0.0362137,0.00447891,-0.0171459,0.0255474,-0.368989,-0.0993147,0.00409952,-0.0296948,0.0707958,-0.0859961,-0.371111,-0.0433376,-0.214075,0.311705,0.159446,-0.253839,-0.0194747,-0.169992,-0.0664849,0.231898,-0.03987,-0.0536864,0.274637,-0.0886429,-0.204801,-0.0454418,0.0631091,-0.0591463,-0.108833,-0.126626,-0.206802,-0.0251615,-0.067738,0.108916,0.126172,-0.179856,-0.0981914,-0.2363,0.276234,-0.311887,-0.0314594,-0.0312059,0.0247173,0.0685242,-0.0827821,-0.0752009,0.0458682,0.0933535,-0.120988,0.0449136,-0.145161,-0.0784631,0.0799292,0.146912,0.254364,-0.095098,-0.00159374,-0.0400868,0.182638,-0.112514,0.281062,-0.254397,-0.0358942,-0.122198,-0.168356,0.0255398,0.262347,-0.0872589,0.129274,-0.00129528,-0.0737762,-0.0320283,-0.127206,0.10649,0.0220774,-0.0136094,0.214008,-0.0690107,0.22096,0.0972307,-0.0567647,-0.196529,0.0077448,0.0605418,-0.196054,-0.138199,0.0402831,-0.0395677,-0.142524,0.104324,-0.119219,-0.0277453,0.0528695,0.270009,-0.152196,-0.0517388,0.0423076,0.0401975,0.130509,0.204244,-0.144618,-0.114613,-0.154369,0.0702789,-0.00105904,-0.143396,0.0477637,-0.176808,-0.0274843,
-0.134376,-0.0251699,-0.112031,-0.0163155,-0.0213497,-0.12908,-0.0553585,-0.0881248,0.0613152,0.134345,-0.144931,0.0759575,-0.234485,-0.0448049,0.0904666,0.104483,-0.144292,0.198565,0.0852435,0.0471147,0.163957,-0.0443589,0.103816,-0.0498788,0.0296185,-0.190709,0.033484,-0.242025,-0.101885,0.158242,0.168566,-0.042016,0.132526,0.137791,-0.103446,0.18051,0.0220051,0.0366772,-0.141457,-0.103553,-0.0630706,-0.0390094,0.0282991,-0.0121533,-0.171689,0.0599778,0.00204321,-0.0888044,0.100249,0.289758,-0.228243,0.0286938,-0.0823268,-0.0481251,-0.0599472,0.0167359,0.154033,0.0578709,-0.132405,0.0832822,-0.166159,-0.0592007,-0.0934037,0.0217436,0.00334624,-0.00947612,-0.00434788,0.160477,0.101978,-0.0271923,0.129121,0.027668,-0.138127,0.0906896,0.174815,-0.111987,0.127458,-0.0748833,-0.0111604,-0.0117827,-0.107794,-0.176934,-0.0606606,0.242662,0.0924071,-0.102608,-0.0333168,-0.0546085,0.0351174,0.0694941,-0.126454,-0.0211273,0.0514496,0.192142,0.0131317,0.0361288,0.00996908,-0.185407,-0.117769,0.114076,-0.0436939,-0.0211845,0.0881973,-0.0787308,-0.00706821,-0.0830222,0.125519,-0.0982381,0.0116332,0.0216426,-0.0638469,0.143791,-0.0948659,-0.00218851,-0.0683406,0.0757834,0.0495465,-0.110759,0.0264856,0.113132,0.249519,-0.0990992,0.0701631,-0.00693438,-0.0638084,0.133238,0.125673,0.0899986,0.00259012,0.082733,0.145507,0.217728,0.0267621,0.10552,0.0713083,-0.0202389,0.076092,-0.0421559,0.116739,-0.0432528,-0.108448,0.0346633,-0.0780168,-0.0279363,0.0573835,-0.113496,0.0442318,0.048265,-0.0763026,-0.0507126,0.0283775,0.0235632,-0.0346044,-0.143102,-0.0114903,-0.0622288,0.155396,-0.073334,-0.120012,0.0920357,
-0.040805,0.0623931,0.125765,-0.00423315,-0.0837121,0.0524943,-0.213181,-0.0347405,0.139589,-0.00893295,-0.0736141,-0.0941582,0.0426496,-0.0602313,0.247999,-0.202567,-0.189694,-0.0599287,-0.0579047,-0.143408,0.0901994,-0.00101783,0.0640301,-0.000347371,0.00530482,-0.116189,0.106857,0.0135224,-0.0472726,0.13202,0.0674649,0.0629684,-0.242195,-0.11409,0.0126983,0.134236,-0.0167949,-0.0707442,-0.0322995,-0.0520508,-0.31348,-0.0579704,-0.0700825,0.153642,-0.00539482,-0.168757,0.0481129,-0.0980008,0.0148222,0.103675,0.181734,-0.00891929,-0.154565,-0.137714,-0.271805,-0.0178372,-0.0866197,0.193131,0.288923,0.0377806,0.201599,0.13697,-0.0371136,0.0947856,-0.163075,-0.142084,0.132105,-0.0221963,0.119707,0.208347,-0.187722,0.0185078,-0.0509967,0.027024,-0.0358747,-0.0811531,0.028929,0.205362,0.0947123,0.0499803,-0.0287534,0.00929075,0.0466555,0.00889664,0.169695,-0.10871,-0.0113826,0.00268955,-0.148269,0.183877,-0.0508202,-0.0495932,-0.228107,-0.0438607,0.163995,0.146811,-0.00940349,-0.12315,0.0302862,-0.171952,0.0440688,-0.162723,-0.152313,-0.0655306,-0.0472193,-0.00118486,-0.141636,-0.10761,-0.0731051,0.0634655,0.0895131,0.073251,0.173736,-0.025262,-0.0999251,-0.102297,-0.169377,0.00786444,0.0441975,-0.0176371,-0.100574,-0.0256574,0.184898,-0.150734,-0.222572,0.0180438,0.0366141,0.122745,-0.00855926,0.0394024,-0.0980247,-0.0601025,-0.0508215,0.0915463,-0.0721677,0.0218298,-0.0234733,0.148352,-0.0551155,0.0362815,0.151535,0.117531,0.19599,-0.193097,0.0129136,0.182438,0.0149044,0.0645541,-0.0243773,-0.156441,0.0876286,-0.0818103,-0.00543778,0.0514566,0.00954806,0.0632981,-0.0519698,0.0904354,-0.120815,0.00481721,
0.416538,0.222156,0.0420562,0.0578645,-0.351755,-0.773722,0.462183,0.379545,0.0853839,0.157728,0.0800807,-0.127037,-0.156575,-0.144356,-0.179147,0.15658,0.0447613,-0.327252,-0.0546717,0.0485176,0.171615,0.227932,0.124717,0.245775,-0.498185,-0.409351,0.246816,0.410018,0.16078,0.0952888,0.283369,0.0872459,-0.0402585,-0.0626977,-0.0364861,0.0446882,0.0715341,-0.287403,-0.0514857,0.0232504,-0.119582,0.321315,0.182072,0.173507,-0.25793,-0.623225,0.446778,0.263036,-0.214391,-0.145528,0.305275,0.0473731,0.0330488,-0.0676872,0.125763,0.0316143,0.0525295,-0.243779,0.0920355,0.100726,0.309043,-0.0988617,-0.101108,0.0478245,-0.216801,-0.479364,0.187619,0.171995,-0.0190342,0.049409,-0.0553061,0.103197,-0.00918787,0.0310938,0.178509,-0.000427959,0.0540032,-0.402116,0.327048,-0.0323439,0.26404,0.0286181,0.0946845,0.126283,-0.204615,-0.25152,0.215853,0.0273815,-0.24458,0.0894871,-0.141447,0.19106,-0.0455728,0.0968423,-0.00744152,-0.0361677,0.118696,-0.391474,0.0944609,-0.179802,-0.226564,0.0132819,0.0238743,0.0235259,-0.130503,-0.18215,0.135616,0.138592,-0.000177212,-0.0101605,-0.000154895,0.152251,0.0328269,-0.139689,-0.0245988,0.0183705,0.127313,-0.0635285,-0.0445101,-0.17076,-0.118941,-0.154887,0.0918239,-0.0976724,0.0106472,0.217082,-0.0293738,-0.242619,-0.336814,-0.0716153,-0.0785776,0.246398,0.0509287,-0.0229254,0.0394006,0.167882,-0.244171,-0.360911,-0.0108927,0.0267514,-0.3042,-0.298204,-0.234592,-0.0179248,0.169058,0.205781,0.255177,0.0765871,0.0862593,0.0783286,-0.00586294,0.131498,0.166454,0.042701,-0.0508528,0.156534,0.0401299,-0.210736,0.133863,0.00252354,
-0.0368852,-0.00481683,0.0704036,-0.0948331,-0.0816455,-0.0880332,0.103211,-0.270769,-0.213193,0.071511,-0.0483086,-0.179427,0.117523,-0.0492873,0.0782088,0.017041,-0.193483,-0.139114,-0.0374371,0.205832,-0.112621,-0.0497957,-0.0315726,0.0486585,-0.222575,-0.157041,0.194157,0.157548,0.0753302,-0.130776,-0.0562134,-0.136923,0.123031,0.0669097,0.193846,-0.0444256,-0.159171,-0.359851,0.0562557,-0.0187827,-0.161915,0.123019,0.112033,-0.0956769,-0.190885,0.0631005,0.0449708,0.00929342,0.142547,-0.0679196,0.236298,0.140664,0.366197,0.088782,0.172614,-0.0387311,-0.0310925,-0.395313,-0.0640372,0.115091,-0.0540215,0.19615,-0.139137,-0.0936283,-0.27623,-0.283244,0.0179741,0.0844469,-0.111733,0.0245448,0.113845,-0.124596,-0.0174094,-0.0062543,0.188222,-0.0754258,-0.10194,-0.140083,-0.0882021,0.0972261,-0.0865521,0.202716,0.189586,-0.323694,-0.0724884,-0.192386,0.280717,0.0590329,-0.113552,0.0695817,0.208617,0.17985,0.325447,-0.173173,0.247935,-0.0252901,-0.0456442,-0.21142,-0.0584979,0.0346774,0.0858187,0.0896918,0.0203105,-0.0159042,-0.131288,-0.0647187,0.0290972,-0.162907,-0.253775,0.246982,-0.152342,-0.0254666,0.227511,0.00286814,0.0548426,-0.19134,0.157157,-0.173485,0.0247427,0.0624749,-0.205269,-0.0461754,-0.0257629,-0.178097,0.0369283,-0.073855,0.285406,-0.0026021,-0.00357859,0.0878528,-0.0253361,-0.173192,0.091049,0.0937699,0.220435,-0.14703,-0.267538,-0.236883,0.257906,-0.0399485,-0.24354,-0.241659,-0.0324278,-0.116605,-0.0838208,-0.0835213,0.0124475,0.07998,0.377372,-0.0902979,0.128167,0.277467,0.298043,0.023325,0.0644174,-0.0860644,-0.0854188,-0.229257,-0.0587869,-0.18174,
0.0985086,0.0943479,0.0967164,0.144884,-0.157394,0.0483718,0.15559,-0.0141139,-0.0595761,0.0241932,-0.0800991,-0.0572287,-0.130612,-0.133447,0.108211,-0.0267432,-0.0613888,0.305485,0.157474,0.0335379,-0.13819,-0.0194686,0.0605551,-0.0430118,-0.0819864,0.0827599,0.0709088,0.141131,-0.179286,0.0059235,0.0447684,0.0641008,-0.0558328,-0.00253056,-0.0860992,0.15261,-0.162511,0.225146,0.0236215,0.0727572,0.0509052,0.108748,0.147523,-0.105105,0.154271,0.000550083,0.0803691,0.0416506,0.247961,0.229959,0.0272628,-0.0266806,0.0692127,-0.063358,-0.0589357,0.0765555,-0.0604583,0.186036,0.0641342,-0.0400209,0.0450366,-0.00187245,-0.181907,-0.0457437,0.0444544,0.0408749,0.0744266,-0.0457015,-0.0892922,0.160546,-0.192611,0.0047625,0.0836093,-0.0606195,-0.0748675,-0.00227673,-0.0105307,0.0129662,-0.00269289,0.10988,-0.0391858,-0.05651,-0.0343815,-0.131988,0.0560961,0.183952,0.121481,0.00279158,0.200471,-0.00922369,-0.139576,0.0767422,-0.0749029,0.273762,0.155469,-0.11657,-0.0703121,0.124097,0.12913,0.106189,0.0782987,0.10821,-0.0869428,0.0943961,0.112822,0.110869,0.0349813,-0.133702,0.134925,0.227869,0.207812,0.120086,-0.00874879,-0.0575445,0.127443,0.0523961,0.0516878,0.246383,-0.117049,0.0442375,-0.100239,-0.0653528,-0.114837,-0.0233638,-0.127683,0.27248,0.00456038,-0.0186656,-0.0872754,0.143344,0.0837771,0.230627,-0.285265,-0.00735916,-0.0850225,-0.129341,-0.0814569,0.246125,-0.0135882,-0.067162,-0.162866,-0.10415,-0.0481617,0.0568597,-0.0317426,-0.138273,-0.177202,0.128173,-0.0265073,0.0463622,0.155082,0.101856,0.154838,-0.138138,0.178889,-0.14983,0.0858401,0.102055,0.0207028,-0.18313,
-0.0342326,-0.0574685,0.0327992,0.0196861,-0.0509277,0.0168735,-0.00411466,-0.0264538,0.110672,0.149619,-0.0349784,-0.042114,-0.078049,-0.0456209,-0.0477898,-0.0364695,-0.0322298,-0.203184,-0.0786757,0.176871,0.270415,-0.156498,-0.185274,-0.126622,0.0230869,0.0640916,-0.0558513,0.00498157,-0.0727791,-0.00394931,0.0574336,-0.183903,-0.035572,-0.00374455,-0.0380813,-0.053561,0.0722172,-0.241833,-0.0529213,0.121648,-0.0108566,-0.156104,0.161489,0.0456638,0.114788,-0.145782,-0.0190652,0.0274474,-0.145081,0.189312,0.0295866,0.0702817,-0.0560763,-0.0616797,0.0192533,-0.00114423,0.147401,-0.136762,0.0897841,-0.161952,-0.0979602,-0.116578,-0.191967,0.00099202,-0.0917618,0.123916,-0.0193152,-0.00488045,-0.0426507,0.112972,-0.0472762,0.0450747,-0.0813068,0.0789611,0.198322,-0.370667,0.206197,0.178819,0.0165359,0.0645846,-0.0117839,-0.153095,0.0993426,0.229947,-0.0651614,0.110541,-0.103242,-0.0169039,0.0824449,-0.217605,0.0812707,-0.0063839,-0.0848726,-0.00448489,-0.00895286,-0.246287,0.346072,0.124026,0.144274,-0.0697666,-0.0258056,-0.174522,-0.0887034,-0.111381,-0.0773739,-0.000940999,-0.162279,-0.0151237,0.0889531,-0.101954,-0.0503366,-0.184778,0.0192218,0.066983,-0.169563,0.179153,-0.0444046,0.0326375,0.0195416,0.142432,0.156852,0.153011,-0.265398,0.0365461,-0.0900961,0.0646524,-0.0532169,0.0109017,0.046294,-0.039379,0.204562,0.0462383,-0.0874225,0.126876,0.0888531,-0.075668,0.135061,0.0755927,0.0518166,0.114677,-0.0895031,-0.0559454,-0.0468657,-0.00806541,0.0634017,0.0173026,-0.123355,-0.0944058,0.191288,0.336492,0.057514,0.164827,-0.106677,-0.0501161,0.136818,-0.0176859,-0.102519,-0.0561185,-0.100304,0.125056,
-0.0751812,-0.254978,-0.420877,-0.225261,0.243307,0.317169,-0.272973,-0.151029,-0.0032752,0.118747,-0.0582908,0.0898368,-0.23993,0.0911219,-0.0755329,-0.174561,-0.0705929,-0.369956,0.237329,-0.152,-0.133708,-0.428118,-0.0857079,-0.11308,0.260634,0.0651706,-0.017824,-0.345963,0.00993211,0.0388155,-0.0397775,0.0615813,0.0426799,0.0158314,-0.198429,-0.150121,0.171554,-0.0985192,-0.193427,0.00427022,-0.0179823,-0.39776,-0.288656,-0.0398652,-0.126186,0.277335,-0.249334,0.0339706,0.106594,-0.197006,0.0497156,-0.00702943,-0.110344,0.0496245,0.154075,-0.118124,0.315781,-0.194478,0.0858174,-0.0223304,-0.152829,-0.348944,0.0651734,-0.197644,-0.103943,0.288323,-0.161039,0.0108236,-0.0587297,0.069596,-0.0552151,0.257737,-0.113479,0.00465387,0.170753,-0.14973,0.178535,-0.0402756,-0.0472581,-0.184586,-0.0881805,-0.382812,-0.179541,-0.0992899,0.209614,0.179233,-0.00847893,0.0252814,-0.184737,0.0273877,-0.184135,0.0513321,-0.0834596,-0.0738977,0.0636897,-0.125241,0.443321,0.0149518,0.112727,0.00620019,-0.0585387,-0.215084,-0.10721,-0.0304653,0.104032,0.183322,-0.380676,0.154715,-0.0509759,0.157561,-0.0673464,-0.125577,-0.237785,0.0493737,0.0576944,-0.123285,0.176312,-0.0985205,-0.108911,-0.0831057,-0.0823532,-0.0302555,-0.204574,-0.255949,0.206475,-0.132664,0.106057,-0.0696451,0.0297516,0.0681939,0.0335103,0.0143639,-0.110729,-0.172679,-0.0089814,-0.17814,0.265528,-0.183756,0.112332,0.206525,-0.123224,0.0941429,-0.00348503,-0.113498,0.108218,-0.0820579,-0.0553513,0.0585903,-0.15373,0.070346,-0.197164,0.109289,-0.3497,0.442501,0.0261426,-0.117924,0.3782,-0.0204201,0.00869549,-0.00633375,
0.153375,-0.0526635,-0.00942837,-0.095403,0.115317,0.236864,-0.168423,0.0177057,-0.0548207,0.17452,0.0972658,-0.0507649,0.0763925,0.0621458,-0.0160482,0.064325,-0.102888,0.133423,0.0189942,-0.0178052,0.0431526,0.00312001,0.0717606,-0.124674,0.157717,0.0428697,-0.128797,-0.028633,-0.024274,0.0928513,-0.135327,-0.0272934,0.063375,-0.0786386,-0.0841923,-0.0557453,-0.00559499,-0.0196866,-0.05817,-0.215318,0.0304054,-0.0945486,-0.0282746,0.121549,0.148963,0.3382,-0.175937,0.118706,-0.116533,0.000170354,0.106757,-0.230649,0.117928,-0.325088,0.10224,-0.162268,-0.23622,0.0633281,0.0610976,0.0766497,-0.130221,-0.21724,-0.0634821,-0.0211853,-0.0636025,0.26311,-0.183825,0.280585,-0.0366407,-0.0153982,-0.172349,0.0967982,0.0254339,0.0217115,0.089581,-0.139393,-0.0435755,0.0217899,-0.0743426,-0.0944863,0.0353202,-0.274034,-0.0452238,-0.125471,0.208112,0.160862,-0.268087,0.0949288,-0.0802158,-0.0474005,-0.104985,-0.0690196,-0.101987,0.16244,0.0259897,-0.0948614,-0.119896,-0.171919,0.0405094,0.0519138,0.120427,-0.202891,0.0210502,0.0818676,0.184557,0.255244,-0.173222,0.10904,0.141669,0.327009,0.0793434,0.141806,-0.180456,0.0110996,0.0194428,-0.000113393,-0.304227,0.0664427,-0.0893016,-0.0524683,0.156546,-0.00135925,-0.175302,-0.239074,0.118658,0.0181065,-0.149263,0.0764893,0.0207878,0.0655512,-0.06642,0.00228157,0.123812,0.0848031,-0.0878223,-0.0858546,-0.132859,0.20259,-0.179291,-0.0951385,0.133375,-0.0238495,-0.101277,0.0470092,0.0518304,0.0229093,-0.148221,0.0519789,-0.0843245,0.0179161,0.185868,-0.0542953,-0.0150498,-0.0450108,-0.104239,-0.0895914,0.117049,-0.0303574,0.156185,-0.0152301,
0.0935875,0.310482,0.0484498,-0.279315,-0.232066,-0.477585,0.492896,0.0966612,-0.210883,0.0671815,0.106666,-0.157611,0.0386702,-0.0110216,0.219776,0.0846502,-0.0545977,-0.132659,-0.0915929,-0.140505,-0.111152,0.0156334,-0.0567241,-0.135106,-0.403262,-0.443023,0.434912,0.220714,-0.0794792,0.153238,0.231058,-0.170918,0.0107841,-0.0617303,0.012746,0.0241948,0.0596391,-0.239517,-0.0870837,-0.0610371,0.0713775,0.201084,-0.280638,0.133483,-0.312938,-0.308471,0.486352,0.209425,-0.0743143,0.154173,-0.220375,0.259719,0.111203,-0.103488,0.0399232,0.0730501,0.0914386,-0.189596,0.135144,-0.0748947,-0.00237052,0.11699,0.049474,-0.149239,-0.289033,-0.328455,0.430599,0.178252,-0.144454,0.100158,0.0939179,-0.0238999,0.134473,-0.140632,-0.0831346,-0.13192,0.126355,0.0825423,-0.172202,0.0199695,-0.0581245,0.11355,0.00661028,0.0688784,-0.186088,-0.25915,0.156956,-0.0896425,-0.0915162,-0.0190037,-0.0210341,-0.063502,0.00103638,-0.0206199,0.0446421,-0.127703,-0.054079,-0.34381,0.054658,0.0120429,0.0182206,0.123588,-0.0862245,-0.125983,0.133471,-0.380917,0.487609,-0.0546223,0.113139,-0.251669,0.0875108,0.146366,-0.0588836,0.0411627,0.006774,0.00709711,0.0184919,0.00359273,-0.226137,-0.00201356,0.0351568,-0.0852845,0.0032392,-0.0951084,0.0669249,-0.0724536,0.387869,0.0479236,-0.117249,0.218448,-0.103331,0.000586457,0.0927705,-0.0329443,-0.102947,-0.0665658,-0.108851,-0.122129,-0.101048,0.115215,-0.109032,-0.158372,-0.184374,-0.085227,-0.274104,-0.181247,0.0937881,0.168435,0.0926472,-0.370151,0.102998,0.0280346,0.033517,0.175987,0.067619,-0.0469073,-0.082001,-0.302512,0.00664106,-0.0671584,
-0.253275,-0.0182673,-0.150102,0.155597,0.100166,-0.0623293,0.00645879,0.0498501,-0.16261,0.00856473,0.0272363,0.240786,-0.21089,0.146263,0.0711749,-0.13296,-0.136604,-0.0366731,-0.0758103,0.0558369,-0.0503945,0.0491366,-0.0777343,0.178992,0.147289,0.0402701,-0.0916192,-0.162871,-0.338089,-0.0356468,0.0189899,0.189199,0.0387767,-0.0793706,-0.0230751,-0.170416,-0.204091,0.0517225,-0.106808,-0.108699,0.137031,-0.0341934,0.0204852,-0.15067,-0.0475001,0.0102467,0.07321,-0.228647,0.0429932,-0.0880972,0.146348,0.218178,0.0233904,0.243239,0.0849948,-0.0725839,-0.0632758,0.0420682,0.0872218,0.0326343,-0.0354696,0.083513,-0.171599,0.0570268,-0.0521985,0.0415705,-0.0290031,0.00865924,-0.0240986,0.0668384,0.0134075,0.0124163,0.0257447,-0.00839726,0.225286,-0.0938549,-0.104921,-0.136481,0.118908,0.123287,0.0377497,-0.0701663,-0.0657921,-0.107047,0.0131406,-0.269785,-0.106371,-0.112598,0.0596859,-0.0160896,0.0321756,0.0767009,-0.0553117,-0.254525,-0.0466671,0.143388,0.0239148,0.0226142,-0.0363638,0.0154586,-0.00673288,-0.0455994,-0.052815,0.0134574,-0.126881,0.0125071,-0.0655366,-0.0424009,0.090471,-0.0157592,0.279034,0.0966117,-0.0756125,-0.0313325,0.00892562,-0.0294317,-0.0893867,0.0526159,0.018143,0.0890166,0.0412632,0.185822,0.116401,-0.0539472,-0.0546823,0.134855,-0.00298622,0.0800022,0.00965844,0.0359645,-0.17954,-0.112846,-0.153095,-0.229478,0.0225294,0.0290482,-0.0682506,-0.158293,-0.0352106,0.170705,-0.00616251,0.185683,0.132847,0.377818,0.204102,-0.0414382,0.0628426,0.0486035,0.00244557,0.0203603,0.0824817,0.0770904,0.015737,0.0175199,0.0289647,0.00680781,-0.10352,-0.118668,-0.155573,-0.087562,
0.191513,-0.327862,-0.00411203,-0.0400723,0.0299674,0.455696,-0.104319,0.173472,-0.0616994,0.00166125,0.0475049,-0.0241358,0.151855,0.0118878,0.112866,0.0202269,-0.0625313,-0.179647,0.00769357,-0.0237953,0.0899579,-0.0372139,0.0481223,0.0874749,0.00768468,0.429622,-0.115463,0.244551,-0.112652,0.0215779,0.00244865,0.0639557,0.0976915,0.0272625,-0.110869,-0.029402,-0.0659496,0.14092,-0.0471127,-0.00478235,-0.00600531,-0.248199,-0.0654691,0.0285624,0.107524,0.424269,-0.264922,-0.0257715,-0.193454,0.109165,-0.161389,0.1143,0.273646,-0.106622,0.174228,-0.0489518,-0.250578,0.0209637,-0.142837,-0.00368799,0.17885,-0.200648,-0.013004,0.0719264,-0.0838817,0.263188,-0.0763401,0.209103,0.0905186,-0.0381671,0.079274,-0.00739589,0.196177,0.338576,0.0533909,-0.141202,-0.132189,0.000587847,0.0397601,0.18794,0.0373904,-0.147308,-0.155715,-0.0483461,0.0515984,0.308369,0.086485,0.187608,-0.162984,0.246993,0.0930202,-0.0587803,0.210485,-0.0893865,0.0568186,-0.294408,-0.0916147,0.0778536,-0.237478,-0.021517,0.0353566,0.134912,0.244981,0.0724246,0.0313567,0.0151596,-0.00745455,0.200399,-0.149303,0.0908249,0.0187242,-0.267627,0.0537505,-0.0757661,0.141605,-0.0060997,0.000444898,0.20193,-0.121268,-0.0774918,-0.0211194,-0.00226343,0.0280576,-0.0350637,-0.0297293,0.118876,-0.0275442,0.0298657,0.100721,0.155807,-0.0231612,-0.0477213,-0.158787,-0.203858,-0.0212794,0.0428528,-0.225817,0.13928,-0.046988,-0.121528,0.104941,0.0663999,-0.0469561,-0.0969544,0.147687,0.0618175,-0.097332,0.0353567,-0.0384524,0.030407,0.0386179,-0.40767,-0.169714,-0.0289037,-0.247639,0.00747428,-0.0294676,-0.0767127,-0.232734,0.0849899,
0.0245766,0.053379,0.0415712,0.0311064,-0.112879,0.27829,-0.143754,-0.135213,0.222788,-0.0447333,0.185233,0.174655,-0.0341208,-0.068095,0.0628889,-0.0685173,0.0512652,-0.0190889,0.180274,-0.0251409,0.148913,-0.228306,0.133261,-0.106427,-0.197023,-0.0521794,-0.00331668,0.060062,0.200932,-0.0052652,0.130307,-0.131406,-0.022964,0.0340937,-0.215242,0.0167888,0.0823227,0.0696641,0.0251256,0.211178,-0.0482308,-0.11933,-0.248713,0.0541646,0.0124205,0.000666747,-0.153843,-0.0497561,0.382735,-0.176348,-0.24265,0.202002,-0.0676616,-0.0831449,0.0647672,0.0483189,0.00503136,0.0806359,-0.0236229,-0.00878196,0.0934358,0.0748785,-0.232781,-0.106984,-0.0062056,0.122467,-0.115752,0.023412,-0.0613715,0.0731248,0.130843,0.275691,-0.0563771,0.149578,0.0530276,0.00690233,0.122495,-0.109732,-0.107826,-0.0522915,-0.076959,0.0544935,0.0576885,-0.115345,-0.142877,0.225725,0.0412112,-0.158271,-0.217021,0.0611336,-0.110152,-0.054487,-0.182381,0.0116736,0.00752698,0.0655691,0.0763041,-0.112915,0.0231109,-0.224416,-0.245034,-0.168263,-0.110329,-0.117107,-0.0334635,0.0585408,0.0114607,-0.150946,0.0581794,0.00147387,-0.0807672,0.0570958,-0.146158,0.211772,-0.0304062,0.152575,0.130841,-0.0313563,0.297378,-0.0149015,-0.10062,-0.0711934,-0.0373444,-0.115417,-0.0874227,-0.10522,0.11507,0.0682496,0.00102315,0.195016,0.148326,-0.0871537,-0.106254,-0.0241273,0.112201,0.0189477,0.042185,-0.126922,0.230272,-0.167503,-0.0463952,0.00427687,0.00866838,-0.0722706,0.169488,-0.103999,0.114517,-0.0589149,-0.211799,0.0204332,0.141383,0.0925611,0.25262,-0.0803081,0.0990786,-0.0461652,0.152171,0.0685993,0.0068016,-0.0366291,
-0.0936512,-0.00129019,-0.0109041,-0.0119109,0.0301365,0.267358,-0.180125,-0.0364685,-0.0892956,0.0208487,-0.0083276,-0.0454683,0.169936,0.0445176,0.0918071,-0.0446875,-0.0756112,-0.030438,-0.0743227,0.0423586,-0.0664824,-0.0914348,0.0307051,-0.00896587,0.24866,-0.156096,-0.1892,-0.105634,-0.0497655,0.076827,-0.0359417,-0.018692,-0.0488142,-0.0634902,0.0625415,-0.319715,-0.323341,0.202999,-0.037955,-0.103887,0.0561879,0.0513724,0.188342,0.0718396,0.102666,0.224553,-0.08653,0.0225897,0.0072839,-0.181061,-0.178534,0.173228,-0.109061,0.169052,-0.138047,0.0686578,0.0706886,0.0590478,-0.157571,-0.0567913,-0.0315727,-0.131469,-0.30711,-0.146594,0.038576,-0.08566,-0.0299437,-0.0467292,-0.112686,0.234512,-0.192117,0.0204098,-0.195966,-0.128481,0.0943577,0.140212,-0.0696584,-0.00783602,0.0855027,-0.0412186,0.0950298,-0.0866627,0.00879937,-0.059528,-0.160826,0.199768,-0.273255,0.0433308,-0.0578117,0.020767,0.0946897,0.0514751,-0.199221,-0.0516989,-0.00795628,-0.0723224,0.00828569,-0.058062,-0.0284788,-0.170442,-0.0771748,-0.0807383,-0.115693,-0.119227,-0.0606873,0.0158777,-0.0586636,0.0121603,0.149963,0.255016,-0.0151444,0.00140385,-0.0142496,-0.0688416,0.15694,0.192995,-0.0531908,-0.0245095,0.133913,0.115156,0.163314,-0.275398,0.00265375,-0.119853,0.2198,-0.0464123,-0.0843863,0.110344,0.0852404,0.14017,0.00673603,-0.144779,-0.0345223,-0.133497,-0.00654431,-0.0673499,-0.183548,0.158954,-0.064524,-0.172757,-0.0723557,-0.148678,-0.0209103,-0.0613957,-0.137904,-0.015453,0.0059733,0.325752,0.124797,0.268556,0.096813,-0.00927831,-0.0790458,-0.13405,-0.0486786,0.0203251,0.00264134,-0.179525,0.156497,0.0504766,
-0.0408739,-0.0626798,0.064136,-0.000718045,-0.250895,-0.0813978,0.102024,-0.0281384,-0.0552607,-0.00782383,0.178404,-0.119106,-0.103118,-0.0307286,0.109528,-0.066231,-0.382132,-0.0418496,0.0186093,-0.0836185,-0.0909814,0.0169142,-0.174506,0.0332611,0.0533623,-0.062249,0.0579454,-0.0583795,-0.0365003,0.0932113,0.133943,-0.0414732,0.0133746,0.0809095,0.226235,-0.122313,-0.0774949,-0.0769053,0.00833097,-0.169767,0.105024,0.0208184,-0.246029,0.215556,0.0281929,-0.0448224,-0.00265442,-0.0516375,0.0512813,0.00232781,0.000727905,-0.0503247,0.0792966,0.167495,-0.232041,0.0309745,-0.150541,-0.102013,0.0815152,-0.0912538,-0.0460695,0.099634,-0.0143647,-0.0696162,0.12918,-0.0300018,0.00872147,0.049924,-0.187475,-0.00358438,-0.0720911,0.00830275,0.263053,-0.058022,0.046284,-0.0641539,-0.0264878,0.300093,-0.077586,-0.213818,-0.103999,0.0796122,-0.0937342,0.0188531,-0.174813,0.0707237,-0.229588,0.0303786,-0.00928811,0.148887,-0.183856,-0.132286,-0.069494,0.180299,-0.0803038,-0.0650379,-0.121811,-0.086102,0.0493137,0.00639412,-0.297089,-0.038573,-0.11141,-0.065898,0.155543,0.0957779,0.0966793,-0.232556,0.0864218,0.0871462,0.0471373,0.0763671,0.130599,0.121791,0.137791,0.0697261,-0.119233,0.222123,0.0477248,-0.171411,0.0797082,0.0224012,-0.163295,-0.149743,-0.00740764,-0.0185581,-0.162382,-0.222688,0.0487753,-0.028017,-0.0451422,-0.0744644,-0.142145,-0.093149,0.0817942,-0.118506,-0.072238,0.0291357,-0.01334,-0.149868,0.0744446,-0.0155665,0.0153563,-0.0931447,-0.0653963,-0.048819,0.0384951,-0.0355083,-0.218223,-0.110358,0.10583,-0.080189,-0.347639,-0.134772,0.285433,-0.136689,0.0678256,0.0547939,-0.152506,0.0197532,
0.332979,0.354932,0.193032,-0.000526604,-0.609092,-0.990991,0.533431,0.164935,-0.128312,-0.0697745,0.048194,-0.512064,-0.277084,-0.0583569,-0.295712,-0.0213484,0.00586986,-0.354431,0.0915738,0.116157,0.221958,0.257017,0.240329,-0.0899124,-0.335682,-1.11538,0.535156,0.321772,-0.120994,0.0334223,0.0226196,-0.103245,-0.096587,-0.0833042,-0.055892,0.0345621,-0.221768,-0.113949,0.0831876,-0.000444864,0.0177238,0.15286,0.0905731,0.0577899,-0.244815,-0.741495,0.550215,0.28095,0.0186398,0.126341,-0.000677176,-0.101513,-0.119649,0.0785052,0.231427,0.276852,0.0371936,0.119487,0.000485815,-0.155272,0.0927328,0.210634,0.118284,0.0886336,-0.158368,-0.689537,0.3767,0.192965,-0.0255056,0.0956912,0.0784947,0.277036,0.155834,-0.169807,-0.016388,0.0436367,0.0340073,-0.185613,0.173756,0.0961081,-0.0645923,0.126717,0.040773,0.0755857,-0.10404,-0.44026,0.33111,0.10286,-0.0905295,-0.0533983,-0.10851,0.0245873,-0.15727,0.0521234,-0.0596551,0.154784,0.0337646,-0.0185369,0.0995572,-0.0600491,-0.146906,-0.205833,0.200075,-0.0499557,0.0830029,-0.048332,0.473928,-0.0839127,-0.108922,0.0151855,0.0635242,0.087042,-0.017985,-0.00372226,0.0941329,-0.149587,-0.0138709,-0.238333,0.0854523,0.0459971,-0.140785,-0.0691409,-0.159448,0.112821,0.0349842,-0.0681397,0.0568648,0.149968,-0.0490125,0.140454,0.0757911,0.149663,0.221978,0.0880152,-0.194686,-0.0119919,-0.0560374,-0.0443979,-0.0982846,-0.104245,-0.0384632,-0.301669,-0.195194,0.000907526,0.175778,0.0978554,0.0520659,-0.250313,-0.0727645,0.141944,-0.10148,0.173397,0.063104,-0.0303704,-0.00351561,-0.131808,0.0242346,-0.144831,-0.229066,-0.055373,
-0.147544,-0.0358542,-0.106281,-0.0612386,-0.13819,-0.249397,0.0815347,0.285413,-0.0914539,-0.0106991,-0.180777,-0.102821,0.16017,0.145972,0.004069,0.0963564,0.107948,0.294809,0.230708,-0.0986486,-0.192481,0.249008,0.102751,-0.0144635,-0.0193648,-0.200231,-0.0284717,0.00551486,-0.201665,-0.121912,0.221829,-0.0367471,-0.0411345,-0.029705,-0.0369228,-0.137058,-0.0755915,-0.0373221,0.076293,-0.124817,-0.0997901,-0.0895412,0.231915,0.066329,-0.0677388,-0.0252117,0.114077,-0.0160886,0.0718916,-0.145209,0.0774678,-0.01835,0.178037,0.0505553,0.145124,0.0442603,0.0507106,-0.04189,-0.0317919,0.0365256,-0.1982,-0.0148815,0.0487931,-0.204034,-0.124074,0.155404,-0.0679919,0.0281414,-0.0894882,0.102423,0.0934492,0.0452201,0.138945,0.079607,-0.0179512,0.0214803,0.0504221,0.0257609,0.106623,-0.0125505,0.00744899,-0.047258,0.0377902,0.167527,-0.054163,0.00716176,-0.195665,-0.115749,0.0290249,0.121013,-0.0337302,0.0373662,-0.0665042,0.0391905,-0.0680596,-0.0938989,0.173618,-0.0478249,-0.332957,0.020708,-0.110885,-0.233592,0.18509,-0.183661,-0.00429431,0.0498091,-0.0225622,-0.0116343,-0.0926662,0.0833379,0.0531031,0.273923,0.170734,0.180803,-0.0514136,-0.0349872,0.0185965,0.172612,0.133299,-0.135266,-0.00935305,-0.224112,-0.128127,0.0400015,-0.230269,-0.174379,-0.00323599,-0.059389,0.175964,-0.0749069,-0.0515418,-0.121479,-0.0891421,0.0605663,0.00642271,-0.0450656,-0.0667578,-0.116875,0.186206,0.156898,-0.0991089,0.108148,0.158501,0.0533216,0.0804,-0.0704098,-0.0668324,-0.047045,-0.179211,-0.0828468,-0.0300821,0.100919,-0.0458411,0.0682964,0.269583,-0.183195,-0.00967988,0.340795,0.140848,0.0306096,
-0.129099,0.378818,0.226789,-0.077867,-0.514172,-0.970489,0.356651,0.0579139,-0.0806907,0.142546,0.038617,-0.156764,0.206903,0.0512684,0.141418,0.153581,-0.150932,-0.554821,-0.0210303,-0.206938,0.101156,0.19805,0.0981356,-0.0902701,-0.574576,-0.871147,0.485673,0.354901,-0.364206,0.229394,-0.0209932,-0.172782,0.123642,0.0601318,-0.100312,-0.015383,-0.10067,-0.682655,-0.0895899,0.020883,0.150725,0.139755,-0.0104185,-0.231848,-0.520657,-0.642839,0.43028,0.168572,0.161571,0.205888,-0.0196465,0.121842,0.458552,0.120468,0.109507,-0.0118941,-0.164314,-0.394891,-0.24572,0.0540554,-0.142127,0.125897,0.16984,-0.0703253,-0.429378,-0.420842,0.30499,0.175524,-0.152121,-0.0266375,0.101253,0.284263,0.499392,-0.0695912,0.073573,-0.11944,-0.413301,-0.522925,-0.228928,-0.200023,-0.0513709,0.145702,0.149942,-0.118044,-0.238089,-0.592219,0.172028,0.0353157,-0.362684,0.145422,-0.058044,-0.00853189,0.248462,0.0192815,-0.16773,-0.183334,-0.256339,-0.288749,-0.141851,0.120709,-0.175372,0.0403615,0.0241304,0.121751,-0.126518,-0.535245,0.328603,0.134545,-0.15346,-0.055464,-0.00310581,-0.123614,0.111622,-0.0862086,0.178145,-0.024493,-0.305838,-0.568421,-0.2596,-0.217045,-0.200617,-0.12715,-0.00746605,0.00422483,-0.00740334,0.0889165,0.121586,-0.018257,-0.329561,0.417489,0.106927,0.139388,0.111212,-0.0821781,0.156058,-0.0331226,-0.185479,-0.377663,-0.161614,0.142487,-0.149671,-0.236484,-0.212771,0.0250121,0.0141027,0.0411435,0.0315075,-0.0696616,-0.0967527,0.0380514,-0.0811451,0.156891,0.22439,0.0993801,0.0219002,-0.0357747,-0.436902,-0.283333,-0.359029,-0.0670799,
0.17796,0.0907212,-0.0254067,-0.037144,-0.108337,-0.347688,0.0535601,-0.003129,0.202551,-0.195178,-0.0364999,-0.441638,-0.156903,0.0283979,-0.106403,0.227219,-0.0470756,0.381006,0.0547075,0.0567521,0.188831,0.0310564,0.0218231,-0.229388,-0.278236,-0.328684,0.186931,0.129998,-0.0222916,0.0579357,0.1847,-0.021318,-0.392759,0.0254016,0.236434,-0.106237,0.0755069,0.326351,0.0329693,-0.01743,-0.19491,0.0390723,0.147396,0.00948259,-0.145345,-0.281384,0.150535,0.120108,0.107689,-0.15601,-0.0778654,-0.0699436,-0.148721,0.238468,0.0774531,-0.125654,-0.0327473,0.0582811,-0.0451601,-0.038752,-0.0740235,0.0623377,-0.035078,0.179943,-0.133879,-0.209736,0.0218823,0.15729,-0.056482,-0.101618,-0.0491455,-0.193135,-0.0218695,-0.0332677,0.0175263,-0.13947,0.13429,0.127869,0.166288,-0.105496,-0.123303,0.0168565,-0.0581934,-0.142007,0.0851111,-0.183136,-0.147524,0.0620757,-0.111481,0.0190282,0.109578,-0.0538677,-0.0785864,0.00110662,0.0452776,0.21945,0.094209,0.023189,-0.0354912,0.0563157,-0.139374,0.0160517,0.00410056,-0.115691,-0.117612,-0.276199,0.0929025,0.0719955,0.0441451,0.141294,0.0155677,0.00149643,-0.199173,-0.00462399,0.150218,-0.121884,0.259142,0.34194,-0.194822,0.11563,-0.00580413,-0.0598211,0.0537889,0.175522,-0.295855,-0.0927985,0.0982135,-0.171659,-0.170232,0.192157,-0.0832797,0.109115,-0.021502,-0.152581,0.147268,-0.130119,-0.0357733,0.0568734,0.125129,0.0523911,0.134973,0.119563,0.101956,-0.0146819,0.0843355,-0.157394,-0.185754,0.0318354,-0.283265,0.161466,-0.0485574,0.0274903,-0.042819,-0.146963,0.0993182,0.23286,0.103024,0.116285,0.0915129,0.139247,
-0.0572755,-0.31819,0.0442719,-0.120937,-0.0697792,0.00203051,-0.00330142,-0.0711094,0.300197,-0.0936155,-0.0577013,0.0329024,-0.0601925,-0.0466984,0.222268,-0.0957383,0.0306623,-0.0487581,0.0305861,-0.0744269,0.11312,-0.090183,-0.188103,0.224445,-0.0805557,-0.0475031,-0.121995,-0.0357936,0.0886804,-0.206793,-0.117398,0.285162,0.00083432,-0.175762,0.038105,-0.088687,-0.0144183,0.0690916,0.0163122,0.088599,0.044367,0.0484336,-0.0601149,0.0282807,0.0983909,0.119638,-0.137896,0.0611018,-0.0591148,0.162872,-0.00959111,-0.120317,-0.165823,0.14592,-0.00458952,-0.110441,0.0384595,0.0797344,-0.0954838,-0.0386297,0.0115314,-0.22616,0.0117899,-0.177702,0.07879,0.00136876,-0.159262,0.111143,0.0264765,-0.0388029,0.1373,-0.0205172,-0.108494,-0.0684456,0.0937401,-0.0856845,-0.0206252,0.0430931,-0.139388,-0.101484,0.015491,-0.155071,-0.0767089,-0.265079,-0.175092,0.00914309,-0.00975412,-0.0480037,-0.0594349,0.138412,-0.0889507,-0.0229049,0.129857,0.171954,0.0023155,-0.143326,0.0540239,-0.104552,-0.228159,0.0404444,-0.170528,0.0585393,-0.122429,-0.181159,0.00751008,-0.0101953,-0.121396,-0.093191,-0.0011452,-0.0778155,-0.115485,0.166818,-0.0562259,0.133235,-0.0215163,-0.205363,0.136517,-0.248459,-0.216005,0.165458,-0.0768874,-0.0118103,0.175776,-0.105934,-0.135252,-0.0667797,0.0738276,0.149498,0.277088,-0.331564,-0.083574,-0.0350299,0.0477544,-0.11397,0.0985912,0.023387,0.127477,0.000907959,0.214713,-0.0352865,-0.0851114,-0.281268,-0.0953449,-0.0883423,0.143739,0.191194,-0.072029,-0.0784328,0.0366369,-0.135714,0.0552007,0.0236381,-0.0427414,-0.0629911,0.0529397,-0.0164592,0.110577,0.0293066,0.218286,0.0547025,
-0.0848169,0.160463,-0.0349915,-0.189346,-0.145069,0.0761172,0.143492,0.00725022,-0.0132449,0.063851,-0.185649,-0.110981,-0.0975708,-0.154274,-0.0650506,-0.0121813,-0.256264,-0.0817421,-0.150382,0.0859986,-0.154512,0.0511522,0.0650027,0.116325,0.208597,0.0353223,0.00291795,0.126384,-0.0134771,-0.142808,-0.125312,-0.149337,-0.177922,0.129625,-0.281116,0.0849284,0.202229,0.148171,-0.00446634,-0.101409,0.089027,0.02119,-0.0572339,-0.00853829,0.033973,-0.134857,0.0140014,-0.100692,0.0350518,0.0798059,0.127168,-0.00768483,-0.109529,0.212334,0.155807,0.262578,0.245033,-0.0184933,-0.0279924,-0.0507247,0.0311936,-0.0951764,-0.288972,0.015455,-0.0996504,0.00556481,-0.0785213,0.152015,-0.269601,-0.0485686,-0.166673,0.157737,-0.177886,0.18679,-0.0306647,-0.131955,0.126312,0.054465,0.015131,0.201813,0.12679,-0.282798,-0.117728,-0.102776,-0.154841,-0.0477114,-0.0908439,-0.0457958,0.0511461,-0.244592,0.0457517,0.0840598,-0.0798239,-0.152629,0.0181956,-0.245723,-0.143581,-0.241156,0.0306533,-0.0126849,0.107587,-0.0043981,0.142457,-0.0220507,-0.0204114,-0.0348669,0.0450676,-0.039977,0.0569888,0.0905847,-0.104849,0.030893,0.10307,0.00789278,0.162142,-0.160946,-0.157829,-0.0462401,0.0788255,-0.101096,0.0447207,0.147956,-0.0117047,0.00663559,-0.131267,0.043107,-0.0187167,0.0448919,-0.0231991,0.0614842,-0.0736848,-0.103988,-0.14176,-0.141194,0.0414828,-0.178031,0.0263494,-0.0305226,-0.0402574,0.0533211,-0.117637,-0.120052,-0.147454,-0.121631,-0.0380656,0.145438,-0.0564472,0.135273,0.011105,0.0665917,0.11494,0.0671468,0.263577,0.101757,-0.0318976,-0.112538,-0.096192,0.243179,0.00814646,0.0114469,
-0.0400209,-0.0904988,-0.080575,0.0657929,0.232894,0.29977,-0.225125,-0.125504,-0.282595,-0.0439535,-0.201248,0.0115899,0.0190134,0.0728481,0.151006,-0.095761,0.00983393,-0.00940217,-0.0841162,-0.0106698,-0.0498236,-0.176501,-0.164235,0.0116966,0.163168,0.0239157,-0.242109,-0.0380672,-0.0920497,0.168163,-0.0201783,-0.158679,0.140905,-0.012371,0.10841,-0.163455,-0.0483516,-0.110678,0.00344916,-0.00631838,0.0555506,-0.155228,-0.111589,-0.10653,0.052433,0.324831,-0.158403,-0.029424,-0.0833257,0.0556316,0.070856,0.0826954,-0.147145,-0.0226087,-0.0288471,-0.0404159,-0.168799,0.0475569,-0.0839626,0.0939817,0.00366908,-0.035821,0.083892,0.167158,0.155513,0.187847,-0.229881,-0.0848698,-0.0513358,-0.0066696,0.0154391,0.101124,-0.169578,0.097841,0.0940226,-0.193787,-0.0882971,0.0419671,-0.0395558,0.195713,0.0484183,-0.247198,0.0156795,-0.0669637,0.0463969,0.211997,-0.165648,0.102011,-0.139322,0.261884,-0.0190176,0.0537445,0.0197994,-0.00682992,-0.217336,0.00282407,0.116427,-0.0896548,0.0817314,-0.176911,-0.156739,-0.106762,0.204533,0.0298343,0.0208494,-0.0595712,-0.181785,0.0335815,0.0401202,0.152872,-0.141655,0.0429862,-0.18782,-0.159911,0.0639014,-0.0675813,-0.00378887,0.0883676,-0.00403349,0.275772,-0.0396671,-0.0374947,0.167103,-0.105427,0.0592992,0.120384,-0.147026,0.0236055,0.02088,0.156481,0.167429,0.0856292,-0.123337,-0.16594,0.0680085,-0.050451,-0.029249,0.0134233,0.152606,-0.0507892,-0.0888606,-0.107632,-0.0555108,-0.173459,0.188365,0.225565,-0.0916557,-0.00416896,-0.143007,-0.0271339,-0.183029,-0.0672096,-0.150642,0.0209455,-0.0936198,-0.0952037,-0.0404072,0.148104,-0.18517,0.186844,
0.0657561,-0.0136495,-0.185523,-0.0456587,0.0423216,-0.13696,0.000376777,-0.14982,0.0481885,0.189159,0.0271854,-0.0299246,-0.00531142,0.0326813,0.138499,-0.0830878,0.0424692,-0.114409,0.191064,-0.114883,0.075199,-0.0516564,0.0376887,0.0019427,0.00464914,-0.0455733,0.021517,-0.0579596,-0.172401,-0.0244752,-0.0713445,0.0585518,-0.0383715,-0.136216,0.116512,-0.028761,-0.0783234,-0.0157095,0.162731,-0.170047,0.0514279,0.0717175,0.25602,0.182664,0.0247937,-0.13618,0.167033,-0.139895,-0.0810412,0.0467424,0.0809344,0.143223,-0.107933,-0.019996,-0.172098,-0.111474,0.126506,-0.16033,0.00231599,0.0874154,-0.209622,0.0571577,0.0176752,-0.0754001,0.0128799,-0.0720006,0.107831,-0.0600828,-0.164022,0.135388,-0.0554374,0.0688962,-0.0269447,-0.119029,-0.0950188,0.16938,-0.0869425,-0.0284255,-0.0576914,-0.0286367,0.0227196,-0.0216158,-0.190087,0.0109329,-0.212946,-0.116777,-0.217999,-0.0832115,0.0980078,-0.187968,0.107231,0.0688132,-0.107063,0.0443487,0.0804748,-0.057785,-0.0702933,0.0760685,-0.0665763,0.232912,0.115673,-0.0760914,0.0208766,-0.0293351,-0.061801,0.214328,0.214421,0.0563693,-0.022422,0.0611225,0.0387539,-0.0710496,-0.0790884,0.0820612,-0.0565282,-0.0610538,0.151083,0.00466327,-0.078109,-0.0650139,-0.0977894,-0.0148276,-0.100131,-0.213198,-0.106544,0.0271659,-0.0178662,-0.0956806,0.0868474,0.0263972,-0.196478,-0.171516,0.111331,0.0867733,0.0247805,0.0438021,-0.0579704,0.121006,-0.0428681,0.238741,-0.235628,0.0754922,0.0322039,0.167605,-0.0202024,0.0140778,-0.116899,0.0276314,-0.0826204,-0.243085,-0.0927013,0.11273,-0.160347,0.0267669,-0.0672281,0.125214,-0.0288887,-0.0691283,-0.0925336,-0.247273,
0.230746,-0.012706,-0.0126492,0.0774111,-0.109383,-0.0821997,-0.122674,-0.113471,0.0239943,-0.161757,0.148255,-0.012109,0.00641258,0.0707501,0.24879,-0.0549151,-0.153432,0.147186,-0.0409565,-0.0329432,0.0118692,-0.107216,0.133621,-0.209255,0.0700895,-0.000660143,-0.116832,0.0446786,-0.00837911,0.0868326,-3.09465e-05,0.113392,0.0341447,-0.00231473,-0.0724044,-0.0903678,0.144489,0.0647979,-0.0422334,-0.134358,-0.163198,-0.0574459,0.145282,0.0830278,-0.120984,-0.140215,-0.0714223,0.061518,-0.0910772,0.1914,-0.247619,-0.256607,0.00448136,0.0115444,-0.147549,-0.00429576,-0.0337853,0.0448598,-0.0155979,0.0208769,0.128932,0.0798801,-0.227022,0.0137574,0.150522,-0.142561,-0.0619688,0.061928,-0.00609723,0.0400868,-0.0132446,0.0200038,-0.23453,-0.0236241,0.189276,0.129521,0.0696346,-0.0990302,-0.0441993,0.105558,-0.0119623,0.00534867,-0.147343,0.087305,-0.00393854,0.0496665,-0.108571,-0.142026,-0.000352435,-0.21999,-0.105896,-0.0286522,-0.0437499,0.042326,0.0645472,-0.173712,0.0366972,-0.189028,0.00353705,-0.217807,0.0476674,-0.226114,-0.153359,-0.074163,-0.0663137,0.00917909,-0.120547,0.127215,-0.039519,-0.00164667,-0.00377637,0.288025,0.0098217,0.0115414,0.067933,0.036668,-0.0580289,0.212159,0.00896132,0.0891818,0.0910081,0.0302488,-0.057348,-0.00661088,-0.283086,0.112538,-0.0811115,-0.0276044,-0.262808,0.112824,0.0475949,0.124201,0.199868,-0.0521907,-0.0630359,0.0570019,0.0241353,0.116636,0.0879139,0.146733,-0.00665241,0.216065,0.015257,-0.15047,-0.0509276,0.253168,-0.0833643,-0.31411,0.00170424,0.0135521,0.230369,0.109817,-0.0902369,-0.0366104,-0.127635,0.127571,-0.0870279,0.0756496,0.102871,-0.0473227,
0.0708232,-0.0339501,-0.201836,-0.0794487,0.0591209,0.165079,-0.00912319,-0.0448513,-0.036201,0.0414749,0.135739,0.0178921,-0.0875316,-0.0774954,0.0652124,-0.0933349,0.0125581,-0.0448523,0.020942,-0.144444,0.125603,0.274335,-0.0230318,0.0518072,-0.133083,-0.26994,-0.230867,0.0399296,-0.0619317,0.158408,-0.134066,0.150784,0.0364893,0.202691,0.0317184,0.161764,0.14259,-0.0272673,0.0590231,-0.191149,0.167793,-0.037808,-0.0660084,-0.0184222,-0.090915,0.135668,-0.0253795,-0.0833577,0.0843735,-0.0531003,-0.0329669,0.136789,-0.109989,0.0328369,0.0615747,-0.0966007,0.0709404,-0.0946958,0.06498,-0.120433,0.0245009,0.107202,-0.165766,-0.16165,-0.0342004,0.101209,-0.0747926,0.135062,-0.178313,0.0800446,0.00210573,-0.00118758,-0.0589058,0.00832248,-0.0577441,-0.0703631,0.0518224,0.0489479,0.0197218,0.0258575,-0.117619,0.116925,-0.0698334,0.103399,-0.0247087,0.0433143,0.00803557,-0.00275949,-0.196665,-0.10764,0.138451,-0.0515578,-0.147285,0.128873,0.14477,-0.0461776,-0.156885,-0.0328178,0.0866913,0.0217758,0.0554734,-0.214714,0.0578938,-0.168025,0.0197321,-0.185303,-0.146545,0.144267,0.0731514,-0.0156951,-0.0571957,-0.159893,0.0458155,-0.0811071,0.0476468,-0.0608056,0.0517874,0.00186941,-0.137276,-0.0768374,0.141739,0.00103539,-0.037759,0.207564,0.0328291,-0.113319,-0.0861854,-0.0745838,-0.255983,-0.0383709,0.0436141,-0.011994,0.0363473,0.026942,-0.131816,-0.170052,-0.239355,0.181432,0.0539106,-0.121611,-0.0370072,-0.00414538,-0.0751196,-0.12019,-0.16762,-0.0182775,-0.0836006,0.0734663,-0.0471851,-0.217382,0.0837149,-0.160069,0.186855,0.0297418,-0.0674362,-0.167996,0.124374,-0.00777194,0.0132765,-0.0232717,
0.26109,0.00493026,-0.0817002,0.0906049,-0.461968,-0.573496,0.270253,0.2161,-0.0192194,0.0268544,-0.117884,-0.256259,-0.00809766,0.0141521,0.0809125,-0.0335377,-0.213288,-0.127597,0.0500686,0.0759972,0.00281775,0.120683,0.165724,0.0323242,-0.31574,-0.179122,0.262377,0.116148,-0.00876124,0.0813575,0.0638363,-0.0510268,-0.0488504,-0.107844,-0.146417,-0.207481,-0.0872476,-0.179695,0.144875,0.0131941,-0.032326,0.049605,-0.0197699,0.0709185,0.115535,-0.526774,0.300148,0.125946,-0.0449629,0.0412931,0.175222,-0.0567142,0.0789695,0.0748402,0.0949606,-0.215188,-0.0629933,0.22575,0.278302,0.0363156,-0.0987116,0.13815,-0.028925,-0.077229,-0.155297,-0.184733,0.305167,0.0457432,-0.0909524,0.017865,0.154049,0.0260424,0.114216,0.197509,-0.137934,0.125662,0.0646619,-0.0902587,0.0874379,0.157862,-0.144074,0.0627645,0.0154798,0.0427417,-0.109102,-0.253298,0.265943,0.224666,-0.111125,-0.0827371,-0.0820321,0.0509218,0.0874725,0.125501,0.192176,0.140239,0.0434226,-0.0529929,-0.0209281,0.259507,-0.0225825,-0.239645,0.195983,-0.0512342,0.0369688,-0.187037,0.0812669,0.180399,0.0314468,-0.349219,0.10528,0.126459,0.0858306,0.242328,0.0438951,-0.0462438,-0.017707,0.0550637,-0.0747912,-0.0185837,-0.186593,-0.142035,-0.047193,0.151527,0.25853,-0.0402349,0.00215697,-0.0547397,0.0548308,-0.273942,-0.231951,0.193739,-0.000102951,-0.0231529,0.0326924,0.055264,0.131674,0.0228121,0.0322152,-0.105596,-0.136787,-0.250994,-0.154638,-0.0961316,0.217901,-0.134316,-0.0281095,-0.0256256,-0.0221181,0.00738642,-0.0157085,0.348777,0.154924,0.051557,-0.0168301,0.0942091,0.0194783,-0.157659,-0.0465037,0.0331696,
0.0440107,-0.111043,0.0889087,-0.0292864,-0.0779797,-0.196275,-0.0779143,-0.162398,-0.0350532,0.176177,-0.131404,-0.167424,-0.092579,0.145575,0.148841,-0.100601,-0.0305857,0.106052,0.017135,-0.233354,-0.0672708,-0.0500035,-0.11926,0.103101,-0.0380585,0.0202625,-0.175804,-0.110013,-0.203699,0.00159773,0.243318,-0.0875721,-0.0401113,-0.0704113,-0.14934,-0.222535,-0.0705721,-0.118021,0.0417714,-0.0142904,-0.0146446,0.0141863,-0.0949863,-0.178561,-0.0124048,0.0263436,-0.188607,-0.167931,-0.0442638,0.148554,0.0148019,0.0894384,-0.111065,-0.00133615,0.00719637,-0.0150906,0.104402,-0.0346728,-0.0403106,-0.158816,0.063247,0.00648536,-0.245828,-0.0658374,-0.101814,0.169478,0.105171,-0.103952,0.105563,-0.129036,0.0477106,-0.013024,-0.0132145,-0.0580118,-0.155474,-0.0914833,0.0825071,0.0554318,0.0594489,-0.00386494,0.0316178,-0.105158,-0.0462348,0.104371,-0.120488,-0.0365848,-0.0481728,-0.176386,0.0665648,-0.315795,-0.0347487,-0.017787,-0.203431,-0.0784984,0.0774668,-0.0356367,-0.0296579,-0.0201025,-0.106935,-0.175774,-0.165072,-0.151639,-0.127303,-0.0457612,0.298415,0.119183,-0.0430244,-0.0134454,-0.115742,0.12279,0.213983,-0.0585486,0.0572815,-0.107034,0.0238788,0.05134,0.0823192,-0.0110115,0.147964,0.00516249,0.0991637,-0.0581125,0.00715272,0.0479507,-0.0432313,-0.00564033,-0.205811,0.0411438,0.258551,0.0105096,-0.0388744,-0.0846142,-0.0877747,0.0679152,0.235653,-0.0405666,0.0752173,0.0912295,-0.041877,0.0547175,-0.0409674,-0.0683911,-0.0575531,-0.0761537,-0.0284061,0.0593396,-0.0799347,0.147863,0.00687244,-0.278477,0.0218281,-0.0961221,-0.00942532,-0.0150926,0.205577,0.00246609,-0.146027,-0.0850798,0.144227,-0.0126339,
-0.0470503,0.115059,-0.0318932,-0.0433174,-0.344431,-0.859009,0.255008,-0.0108136,0.0498487,-0.218522,0.0354856,0.0388581,-0.062476,0.0710095,0.171224,0.103507,-0.0183561,-0.573548,-0.0467378,0.0348692,-0.164139,0.308667,-0.00259862,-0.167226,-0.11395,-0.608507,0.36705,0.138925,0.0801802,0.021277,0.0161976,-0.0680362,-0.0365814,-0.0786669,0.121123,0.0569325,-0.13541,-0.228805,-0.0242398,0.0766715,0.00162416,0.192584,0.080945,-0.175527,-0.219242,-0.402333,0.209896,-0.0344965,-0.16455,-0.0294359,0.00456785,0.394523,-0.267453,0.0530176,0.0189609,-0.130291,-0.00227228,-0.347077,0.00897265,-0.00437454,-0.0648606,0.260374,0.112369,-0.124993,-0.281692,-0.561595,0.298294,0.0318298,-0.0496659,0.0986152,-0.0217084,0.337536,0.11067,-0.137493,-0.0691059,-0.126078,0.0273081,-0.492958,0.101462,0.0379791,-0.286069,0.0627463,0.0243668,-0.166319,-0.172785,-0.394175,-0.0279109,0.0777213,-0.116803,0.168883,-0.0245869,0.111237,0.187028,0.0103307,-0.0832563,0.00675853,-0.259929,-0.285803,-0.123447,0.167789,-0.157559,0.0539664,0.00622241,-0.235082,-0.294148,-0.297942,0.251726,-0.0711809,-0.130222,0.0240246,0.280533,0.212491,0.119212,0.0460226,-0.00485982,-0.0300253,0.0267623,-0.45921,-0.160827,0.0682331,-0.225952,0.000332031,-0.0997991,-0.0884718,-0.203735,-0.255621,0.0586686,-0.0881656,0.00574039,0.110013,-0.0270081,0.307199,0.149229,0.306312,-0.0171692,0.0741955,-0.139847,-0.54348,0.165765,-0.150565,-0.241087,-0.140244,-0.0478341,-0.038045,-0.093125,-0.189534,0.0294466,-0.237614,-0.190284,-0.0156537,0.227594,0.272002,-0.00626569,0.0131427,0.0278313,-0.301295,-0.20038,-0.274296,0.123032,-0.161784,
-0.00842759,0.0017007,-0.194873,-0.0736808,0.174458,0.0763011,-0.134592,-0.0310114,-0.189524,0.110288,-0.0611762,0.277819,0.121142,-0.0162168,0.119385,0.0254446,-0.104295,0.11469,-0.168889,0.120207,-0.09753,-0.134769,0.127025,0.0505196,0.101673,0.121163,-0.0708971,0.158589,0.0243066,0.180554,0.0895106,0.0332243,-0.0805045,-0.147189,-0.022138,-0.131691,-0.407855,0.0858111,-0.00264207,0.0327539,0.12056,-0.0273027,0.129174,-0.149699,0.0275574,0.26789,-0.072039,0.180011,-0.0829395,-0.0615986,-0.061762,-0.0992217,-0.0314019,-0.0564136,0.109882,0.0267446,-0.270333,-0.0233709,-0.00911657,-0.0692,0.000352214,-0.11423,-0.113552,-0.128588,-0.0287501,0.00487184,0.104753,-0.0679581,-0.0763809,-0.0121743,-0.0585686,0.0253542,0.109548,-0.0503695,-0.0177576,-0.0819456,-0.636244,0.00486798,0.136941,0.167246,-0.0327783,0.0297726,-0.0523039,0.235865,-0.143605,-0.0431021,-0.114174,-0.0289521,-0.129556,0.0440921,-0.195404,-0.0435075,0.169205,-0.175252,-0.126239,-0.0718266,-0.384713,0.307975,-0.243932,-0.0656032,-0.192269,-0.0707047,-0.0365241,-0.0864592,-0.0331401,-0.0931926,-0.0190032,-0.00222215,0.19657,0.00848545,0.114985,-0.00149178,-0.206255,-0.118432,0.00262366,0.0754471,-0.16176,0.131127,-0.0170269,0.0311106,0.0398904,0.0182625,0.110192,-0.0777097,-0.0750902,-0.104564,-0.054384,-0.0618317,-0.0219328,0.100849,0.00357587,-0.0644468,0.0774493,0.0114206,-0.00351726,-0.224166,-0.27334,-0.236122,0.0185032,-0.0769235,-0.0838315,-0.0350332,-0.042373,0.0545026,-0.2561,-0.13833,0.188042,0.109813,-0.00557394,0.054856,-0.0694587,-0.163816,-0.0673897,-0.087484,0.0982659,0.00296984,-0.356173,0.0730171,-0.134654,0.13152,
0.014117,0.036424,0.0824449,0.052384,-0.135185,-0.0245997,0.0533296,-0.111342,-0.143125,0.136296,-0.00361364,0.0376246,-0.0802576,-0.0313278,0.193962,-0.132636,-0.0911687,0.045166,-0.0165342,-0.146319,-0.0930881,-0.059931,-0.0193968,-0.0636433,-0.103482,-0.185915,0.0100623,-0.0732941,0.0815841,-0.0574964,0.0209298,-0.064609,-0.12944,0.0671993,0.148327,0.0837758,0.0823743,-0.106205,-0.0510741,-0.0920067,-0.259636,-0.177735,0.0368058,0.0219923,-0.102717,-0.156916,0.0326963,-0.0172751,0.0141018,0.0621183,0.110209,-0.0621771,0.043869,-0.145523,0.115964,-0.0502798,-0.0056572,0.0688146,0.0509125,-0.0740542,0.0793455,0.0563762,-0.0165587,0.138253,0.170257,0.0483908,-0.0679979,0.00843011,0.327763,0.142115,0.080967,-0.258565,0.0698771,-0.162741,-0.038068,0.187871,0.237324,0.00878193,-0.0555113,-0.0461652,-0.300449,0.0347879,0.0651462,0.0400117,-0.00859078,0.225954,-0.16977,-0.115654,0.148344,-0.180435,-0.027966,0.213544,-0.0510646,-0.0436378,-0.0330919,-0.0830833,-0.0681793,-0.0244155,0.137599,0.00332346,0.0223906,-0.0180929,-0.105145,-0.220293,-0.137307,0.110375,-0.000999438,0.210664,-0.014836,0.142903,-0.0695049,-0.0300056,-0.376338,0.0477514,-0.20962,-0.00821761,0.143949,-0.117385,-0.141685,0.104556,-0.22546,0.148831,-0.142017,-0.083506,0.299019,-0.114757,-0.0891973,-0.109489,0.121842,-0.183566,0.0707904,0.0382388,-0.124329,0.126397,-0.0534053,-0.111255,0.00756574,-0.0860966,-0.101472,0.00925622,0.0408021,0.0977556,-0.133551,0.0916355,-0.261297,0.103158,-0.036938,-0.0663259,-0.0524701,0.0416826,-0.0610394,-0.0212202,-0.035568,0.122599,-0.00010778,0.194354,-0.153528,0.109065,0.112509,-0.190906,
0.0166446,-0.266394,0.157037,0.150601,0.444437,0.504455,-0.254013,0.0447474,-0.189564,0.154555,0.117472,-0.25444,0.377378,-0.158332,0.0648998,-0.158146,0.150084,0.0496435,-0.288641,0.423507,0.0862562,-0.256811,-0.0555427,0.208494,0.118168,0.661389,-0.32041,0.168056,-0.0482069,0.0129892,0.162842,-0.147641,0.337209,0.0158478,-0.0256915,-0.0515793,0.0648392,0.104791,-0.467042,0.0556051,0.0131494,-0.448656,0.105522,0.0800423,0.222272,0.57175,-0.564009,0.0107499,-0.113358,0.083148,-0.235954,-0.105897,0.128966,-0.122766,0.0542475,-0.137279,0.121984,0.172707,0.021219,0.149776,0.108121,-0.239252,-0.117282,0.0625514,0.202131,0.452734,-0.366277,0.175899,-0.00187381,0.043686,-0.103413,-0.0193895,0.108022,0.136043,0.168773,-0.00266473,-0.00886038,-0.0434313,-0.1126,0.00234368,-0.0837586,-0.13962,-0.0651035,-0.141652,0.16706,0.388639,-0.256861,0.189166,-0.0957482,0.0752168,-0.00830464,0.146723,0.128805,-0.00522096,-0.0377543,-0.131969,-0.0948265,-0.0726322,-0.186732,-0.072247,0.107742,0.0439923,-0.0665045,-0.0429039,0.255785,0.210209,-0.0733133,0.247032,-0.244183,0.151409,-0.216058,-0.119544,-0.259305,-0.0673443,-0.0633009,0.0756771,-0.0722145,0.0449464,-0.112073,0.135105,0.0944159,0.0162591,-0.130863,-0.0187992,0.00340217,0.265777,-0.097732,0.214898,-0.113023,0.0228693,-0.0615845,-0.363955,-0.180088,0.007272,-0.117281,0.0580731,-0.0519292,-0.182593,0.0354654,0.105343,-0.0470796,0.103404,0.0687089,-0.282932,-0.200219,-0.234518,0.163665,0.400852,-0.105123,0.117316,-0.0328866,-0.23879,-0.106144,-0.191349,-0.0963621,-0.207512,-0.168465,0.00195016,-0.303769,-0.279573,
-0.142484,-0.0413399,-0.147739,-0.0694741,-0.0811498,0.0279369,0.0272906,-0.0931396,0.2034,0.00372569,-0.0660809,0.0781299,0.0859062,-0.0189709,-0.157536,0.0703138,0.0178424,-0.0657481,0.00197158,-0.052192,-0.0682248,-0.0664887,-0.183297,-0.19351,0.192141,0.0763702,0.112646,-0.0836824,0.132395,-0.162301,0.164563,0.120814,0.0478882,-0.19277,0.0450436,0.0794526,-0.0130706,0.0078066,0.111302,0.139878,0.0278011,0.193415,0.0597639,-0.265676,-0.132775,0.104979,0.148584,0.0143548,0.075103,0.0934317,0.125018,0.179422,0.0428198,-0.0834842,0.03628,0.0496399,0.109339,-0.017332,0.0814063,-0.13474,0.155029,0.0848494,-0.0117064,-0.0818594,-0.288903,0.158632,-0.034924,0.0742832,-0.0624304,0.130078,-0.0103797,0.074044,0.0331415,0.00558059,0.0295626,-0.0803298,-0.165629,-0.0430493,0.162859,-0.0806418,0.0551716,0.177312,-0.150311,-0.00361981,0.0641488,0.173957,0.0680621,-0.0876677,-0.133103,0.0307107,-0.00845529,-0.0300919,-0.10609,-0.0832013,-0.0858731,-0.139363,0.191209,-0.0568459,-0.143204,0.0920438,-0.101295,0.0164922,-0.205093,0.0259562,-0.153511,0.136938,-0.0766746,0.111396,0.232474,0.0428504,-0.107944,-0.0463679,0.116158,-0.00356775,-0.0183673,0.0249502,0.0334369,-0.0569032,-0.0626687,0.106402,0.0180661,-0.123972,-0.00151826,-0.110032,-0.0882237,-0.0698214,-0.0582904,-0.0669438,-0.134215,-0.0254637,0.0125919,0.165061,0.0392843,-0.00364224,-0.267048,-0.0106418,0.146591,0.00692386,0.113407,-0.0403352,0.00301456,-0.0955008,0.0350584,-0.13387,0.0538346,-0.0267773,-0.104187,-0.0395424,-0.0486857,-0.0601887,0.0254592,0.132097,0.0765435,0.00573319,0.0664006,-0.0899543,0.159052,-0.0865191,0.178623,-0.0194729,
0.0350371,0.060098,-0.198638,0.0698865,0.0854913,-0.229038,-0.122573,0.0578763,0.0698485,-0.0320673,0.0808435,-0.0141572,0.0748933,-0.0716192,0.0451548,0.124925,0.238001,0.39103,-0.204279,-0.0998421,-0.117918,0.130833,0.145441,0.0138696,-0.0675181,-0.294219,0.170634,0.0750594,-0.166395,0.174676,-0.0721391,-0.0243028,0.0233142,0.0840178,0.0364075,-0.00610146,0.133947,0.117098,-0.0436879,0.00837803,0.0653158,0.272811,-0.0307526,-0.0180719,-0.0557541,-0.345777,0.159623,-0.0203435,0.0829902,0.0420118,-0.0802342,0.132457,-0.223903,0.119336,0.156746,-0.0971709,0.034155,0.199806,0.0461099,0.294562,0.0642836,0.222958,0.23676,0.0131138,-0.197847,0.0023822,-0.201283,0.0583647,0.0872735,0.168179,-0.13303,-0.233838,-0.113931,0.15543,0.155346,0.166001,0.0499789,0.0318496,0.0360744,-0.0417203,0.126489,0.0635825,-0.0682839,-0.00893386,-0.299006,-0.123862,-0.0425815,-0.0754067,0.0582202,0.0457594,0.0926456,-0.0173996,0.248726,0.0234361,0.162705,-0.0244426,-0.0579863,0.142961,-0.01708,-0.0753096,0.00341688,0.104773,-0.115589,-0.0107311,0.02058,-0.160713,0.0382056,-0.122921,0.0120348,0.067638,-0.0356458,-0.0306188,0.0244969,0.0223794,0.120495,0.358962,0.0703425,0.248939,-0.03009,-0.0571627,-0.216383,-0.0183737,0.085206,-0.0912202,0.0408616,-0.0729564,-0.0807196,-0.119712,-0.0914007,0.053144,0.0717679,-0.0836221,-0.129966,0.0334508,-0.0738696,0.0268654,0.288142,0.0959511,-0.00442312,-0.0312187,-0.0522139,0.0692989,0.0480486,0.269262,-0.170346,-0.0625632,0.138553,-0.00226711,-0.135528,0.0622515,-0.152326,0.166055,-0.112375,-0.135698,-0.0104296,0.11184,0.164953,0.0168505,0.125462,0.142421,
0.368767,0.528229,0.0905072,-0.280102,-1.0278,-1.93892,1.02265,0.371033,-0.0239048,0.199157,0.0308334,-0.466329,-0.850843,-0.0264801,-0.191071,0.183953,0.00803989,0.674566,0.301432,0.121057,0.188966,0.607552,0.203754,-0.118692,-0.762602,-1.7237,0.933145,0.415111,-0.125232,0.235716,0.0450261,-0.494796,-0.604585,0.101391,0.0836459,-0.0365516,0.488573,0.0967355,0.263027,-0.105288,0.187925,0.228336,0.0692977,-0.119428,-0.582905,-1.57364,1.12907,0.432681,-0.0708142,0.221708,0.0570027,-0.0802593,-0.312448,0.00720285,0.169832,0.388448,0.342327,0.695851,0.247822,-0.143179,0.153955,0.342759,0.14572,-0.166183,-0.699136,-1.2964,0.882076,0.22935,-0.151158,0.208383,0.110905,-0.17228,-0.233226,-0.0259123,-0.0541397,0.00451183,0.397576,0.554644,0.200231,0.0873891,-0.109078,0.2036,0.0789111,0.0648222,-0.421968,-0.979562,0.762038,0.27355,-0.23775,0.0786675,-0.132113,0.0129223,-0.180964,-0.117782,0.0490524,0.0290585,0.461591,0.443654,0.330539,0.0668221,0.00458525,0.240182,-0.0462729,0.0677938,-0.22073,-0.662619,0.530445,-0.0279707,-0.130331,0.24604,0.00216915,0.0726702,0.0306223,-0.0409429,-0.271168,-0.0727479,0.528985,0.471731,0.187808,-0.161604,-0.469063,-0.188609,-0.111383,-0.0026483,-0.138722,-0.15087,0.341413,-0.192687,-0.000667981,0.337532,-0.15254,0.206778,-0.214526,-0.119586,-0.179274,0.0647865,0.404291,0.279152,0.0659552,-0.0728936,-0.404663,-0.280217,0.159106,0.0771044,0.00111596,0.0263471,0.45059,-0.0619459,-0.0469961,-0.0109306,0.109101,0.459718,0.0471267,0.126554,0.0463286,0.0419265,0.892012,-0.0436176,0.130411,-0.0298506,
-0.11055,-0.124807,-0.0962619,0.240474,-0.24798,-0.311461,0.236965,0.0322618,-0.112816,0.127135,-0.0872017,-0.19127,0.00986793,0.220534,-0.133376,0.0788138,-0.0974452,-0.16419,0.285625,-0.0825296,-0.0244063,0.0344439,-0.0146119,-0.233674,-0.0771427,-0.204205,0.0213127,0.130913,0.0643722,-0.00165434,-0.00475834,0.0443554,-0.0902443,0.127088,0.137782,0.155161,0.028264,-0.0191548,0.167571,0.0769864,0.184819,0.0627597,-0.0289541,0.142241,-0.159219,-0.235748,0.145131,0.10851,-0.0554668,0.030306,0.149513,0.186856,-0.124899,-0.00944682,0.0331342,0.0162754,0.08043,-0.317176,0.008101,0.235865,-0.0675876,0.0644309,-0.0711553,-0.213759,-0.115158,-0.0920467,0.0183769,0.249052,-0.173461,-0.107037,0.00115584,-0.0559951,0.264187,0.151517,0.026591,-0.00685674,-0.197726,-0.349514,0.021948,0.129177,-0.0732571,-0.0586603,-0.130214,-0.0944849,0.174832,0.0796095,0.239977,0.141514,-0.109001,0.0138094,0.280898,0.0472654,-0.0139754,0.102458,0.153811,0.0182116,-0.0221144,-0.277539,0.250919,0.0521094,-0.187378,-0.0360495,0.0895136,-0.189892,0.0958633,0.0841422,-0.0180662,0.0896908,-0.0647042,-0.0666769,-0.0494882,-0.00239875,-0.0233118,-0.13138,0.0209221,0.0356888,-0.0786727,0.101047,0.252404,-0.0126313,-0.000413385,0.150372,0.0742339,0.0591257,0.0872604,-0.0235995,0.10688,-0.248262,-0.103873,0.00106469,0.0139748,0.08257,0.0679234,0.142777,-0.144043,0.104715,0.0407069,-0.0171537,0.083923,0.1181,-0.200363,-0.23292,0.00735548,0.172874,-0.20035,-0.00103446,0.122134,-0.0280519,-0.122553,-0.0899318,0.0294303,0.213324,0.158636,0.231536,-0.000328352,-0.0914845,-0.142753,-0.15195,0.114814,-0.110768,
0.0343314,-0.289561,-0.000525314,0.123276,0.104633,0.108217,0.10187,-0.0809101,-0.0525077,-0.0239859,-0.119557,-0.119011,-0.12738,0.194025,0.0284952,-0.0770756,-0.175219,0.160659,0.0320777,0.0253349,-0.113887,0.0191915,0.0244969,-0.2526,0.103508,0.0862746,-0.102913,-0.0518223,0.111129,0.173653,0.163837,0.133983,-0.116264,-0.121418,-0.121832,-0.0748839,-0.113315,0.16057,-0.0296233,-0.132883,-0.0304193,0.168273,-0.0148611,0.055902,-0.120185,0.118308,0.0565687,0.0167944,0.12655,-0.0708086,0.112338,-0.0921948,0.0622649,-0.0807319,-0.109905,-0.204315,-0.281799,0.138075,0.0154638,0.142397,-0.168112,-0.149074,-0.143483,-0.00655765,0.110176,-0.000802,-0.225305,-0.197976,-0.210944,0.0459681,-0.0547781,-0.157898,0.0682009,-0.0181597,-0.0788324,-0.168405,-0.267131,-0.0183698,0.0556399,0.176632,-0.000807346,-0.0196085,0.0976009,-0.00561066,0.0223318,0.198978,-0.0754465,-0.042291,-0.0686104,0.194632,-0.185826,0.101305,-0.0800416,0.124024,0.168963,-0.0306062,-0.078269,-0.0796647,-0.119762,0.0547051,0.00932673,-0.146057,0.0385657,-0.031134,-0.153342,0.0261915,-0.0924545,0.0474522,-0.184327,0.124681,-0.0182587,0.113449,-0.204941,-0.0532472,-0.00201539,-0.0940183,-0.147211,0.0464467,-0.216691,0.125126,-0.00355659,-0.156895,-0.0589885,0.141064,0.0506508,0.0717379,-0.0786827,0.0512891,-0.00380156,0.000283733,0.133637,-0.123473,-0.191154,-0.00645032,-0.0730044,-0.1633,-0.0384236,0.142418,-0.167119,-0.107766,0.0681412,-0.307487,-0.00636734,-0.211946,-0.045781,-0.0314709,-0.0237833,0.00906221,-0.0118028,0.125659,0.0807627,-0.200275,-0.0749391,-0.10439,0.0277917,-0.297258,-0.133755,-0.0367708,-0.00711946,-0.0182822,
-0.0718763,0.0184805,0.0258115,-0.273375,-0.0182298,-0.0265875,-0.0434843,0.0184766,-0.1488,0.0522814,-0.063432,0.0111687,-0.135461,0.0620573,-0.006823,-0.122177,-0.154485,-0.0329794,0.0155017,0.199342,0.0687988,0.0584289,-0.0961477,0.0207827,0.223767,0.0569282,-0.0131935,-0.0713836,-0.168551,-0.0413279,0.0547921,-0.062339,-0.0772473,-0.0306647,0.15151,-0.075786,-0.185385,-0.0724377,-0.207697,-0.137685,-0.0255473,-0.13764,0.126068,-0.00835369,0.101447,-0.102647,-0.155061,-0.248577,0.0132196,-0.173623,-0.0313386,0.00531213,0.0535895,-0.0630935,-0.0369763,0.163613,-0.0316874,0.0116453,0.115605,0.00300183,-0.231299,0.0972244,0.0529463,-0.0309524,0.183396,0.0760848,0.0610792,-0.191887,-0.10627,0.156374,0.111574,0.219256,-0.119476,0.252486,0.0271356,-0.0663698,-0.237783,0.100739,0.134797,0.0191622,-0.0457125,0.0858461,-0.0958534,-0.0145065,-0.000613158,0.104516,0.0522808,-0.131581,0.125971,-0.0706195,-0.223529,-0.146647,0.100611,-0.168812,-0.080828,-0.0311727,-0.0693438,0.0902592,-0.0456723,0.185241,-0.0292892,-0.0685047,-0.2655,-0.086942,-0.161436,0.0532449,0.016538,-0.0567199,-0.0228919,-0.255465,-0.0500458,-0.188729,0.00510621,0.149744,-0.0936339,-0.0674829,0.00286752,0.0368109,-0.169589,-0.068718,-0.0809734,-0.242653,0.0348126,0.168152,-0.0946307,-0.103616,-0.192272,0.166658,-0.253718,-0.0772184,0.0116921,-0.162247,-0.00823323,0.0867451,-0.128735,0.139145,-0.0269352,0.123038,0.035639,-0.0697317,-0.0100203,-0.0264955,-0.024534,-0.0539526,-0.290337,0.0195387,0.0989197,0.0839916,0.130657,-0.249495,-0.0858709,0.14617,-0.139216,0.0137615,-0.110311,-0.133194,0.112012,0.0421435,-0.143532,-0.00953442,
0.0411223,0.110828,-0.0384477,0.00840852,-0.24387,-0.167373,0.0306032,-0.139032,-0.0404312,-0.0139894,-0.120826,0.164176,0.224406,-0.104651,-0.213342,-0.0489612,0.201391,0.287332,0.274885,-0.200818,0.00323468,0.173068,0.374225,-0.042569,0.0811584,-0.0568098,-0.0375016,0.281094,-0.0719196,0.0882983,0.0494266,-0.159219,0.128107,-0.182592,0.109577,-0.144073,0.121327,-0.0226906,-0.052736,0.114984,0.0521232,0.0354493,0.0972082,-0.0496524,0.0344247,0.0975042,-0.166865,0.0317859,-0.12176,-0.066336,-0.176164,0.000417154,0.0935517,-0.0688599,0.0136943,-0.0487404,0.0959081,0.0905439,0.150744,-0.105088,0.14623,0.093204,0.0335328,-0.0252705,0.0907316,-0.0650916,0.0202517,0.0817245,-0.0200585,-0.0499455,0.059906,-0.0837691,-0.217765,0.0655086,0.0232004,-0.108813,0.0199625,-0.0649554,-0.037865,-0.0973338,-0.144528,0.040076,-0.0368208,0.103067,0.197796,-0.0755804,0.0789765,0.453111,-0.0176216,-0.00189943,0.110864,0.0401745,0.107152,0.050966,-0.188936,0.11901,0.144658,-0.0832863,0.128806,-0.0305854,0.140943,0.10798,0.258,-0.0152351,0.238389,-0.365622,0.0697548,0.266555,0.0260051,0.12138,0.117335,0.0579124,0.101864,-0.183056,-0.0103661,0.139438,0.0370846,-0.174242,-0.112365,-0.121757,0.179947,-0.0442688,0.151417,0.049814,-0.0738343,0.0615129,0.0138813,0.105527,-0.0756296,0.217942,0.127323,-0.054711,0.220919,-0.0284415,0.153941,-0.120046,0.0553571,0.0979307,-0.103599,-0.123523,-0.0972114,0.143441,0.162885,-0.00503056,-0.166894,-0.0452906,-0.00750239,0.0112747,0.0156402,0.0797238,-0.146445,0.0639788,-0.098585,-0.0251991,-0.0890296,-0.117363,0.190426,0.196362,-0.141225,0.0376265,
-0.0314439,-0.00749415,0.123465,-0.00259277,0.0236402,-0.0611723,0.0397429,-0.0391535,-0.0021722,0.00209701,0.187226,-0.262542,-0.0668711,-0.0807338,-0.024461,-0.00580464,-0.0861647,-0.118071,0.0392397,0.087403,0.159714,-0.0469472,0.0833961,-0.23964,-0.0677685,0.194161,-0.0133252,-0.262718,-0.0747741,-0.12651,0.220242,-0.0636652,-0.115257,-0.215269,0.156062,-0.0461547,-0.105652,0.00237564,0.029691,-0.0253479,0.256,0.0805954,-0.0581116,0.002355,-0.130384,-0.0821642,0.13203,0.027643,-0.0466633,0.152488,0.101873,0.114451,0.0300352,-0.000514638,0.0410716,-0.0631197,0.188709,-0.0586643,0.0108336,0.130008,0.130437,0.0471531,-0.0595415,-0.0811914,-0.225382,0.113272,0.10918,-0.0339826,0.0364224,0.0555057,0.0131183,-0.0633881,0.0430113,0.0267805,0.0971976,-0.166555,0.026877,0.0761945,-0.158527,-0.106557,-0.0372787,0.0137191,0.0504805,-0.0363523,0.135648,0.0159117,0.144925,-0.101889,-0.0727119,0.0468693,0.224704,0.0651546,-0.0601329,-0.0112601,-0.256722,-0.055588,-0.0302531,-0.0641481,0.0896081,0.0163097,-0.0977003,-0.126314,0.0394312,-0.0398105,-0.00273423,0.164724,0.0168234,-0.198236,0.0209227,0.167562,0.0180533,-0.145175,0.120008,0.0175364,-0.102402,0.0293954,-0.0455657,0.0949804,0.069867,-0.101682,-0.112785,-0.11573,-0.0545055,-0.112893,0.0337237,0.0328027,0.0412015,-0.0043478,0.102224,-0.117405,0.0395419,0.119053,0.14851,-0.043801,0.184581,-0.00434744,0.015483,-0.10555,0.167124,-0.102065,-0.00807693,0.0296372,-0.043664,-0.276727,-0.0473233,-0.0605667,-0.0694881,0.0293838,0.0803995,0.00763014,0.0457005,0.0402533,0.142515,0.00084451,-0.0659357,-0.00115259,-0.166018,0.0950388,-0.0522347,0.0201379,
-0.238149,0.126636,0.104977,-0.00634625,-0.310195,-0.339615,0.0304172,0.284741,-0.109313,0.0833953,0.0151216,-0.285486,0.0209663,0.105915,-0.023977,-0.0922775,0.0213617,-0.0352516,-0.152589,0.105209,0.114522,0.276901,0.236553,0.068794,-0.193923,-0.296511,0.158809,0.219656,-0.0771291,0.0600237,-0.161143,-0.0581056,-0.0172816,0.0445372,-0.0444036,-0.0161603,0.058208,0.189861,0.241294,0.168424,-0.123736,-0.00857085,-0.00990729,-0.154865,-0.202519,-0.134662,0.27967,0.168834,-0.000675962,0.103641,-0.194766,-0.122501,0.0715447,0.19138,-0.0572788,-0.0693692,-0.162474,-0.0337134,0.00998353,-0.0118232,-0.113793,0.0917196,-0.0775683,0.121551,-0.0895363,-0.32418,0.0716645,0.195104,-0.10108,-0.0130567,-0.10165,0.072329,0.0757589,-0.10985,0.13163,-0.149713,-0.117427,-0.00531435,0.151462,0.0905336,-0.133086,0.127033,-0.0293197,-0.0267003,-0.0167973,-0.244453,0.153163,0.211551,-0.0350039,-0.0211895,-0.307345,0.100224,-0.0256093,0.0263081,0.0116435,0.361694,0.10459,0.141727,0.162787,-0.0541555,-0.124258,-0.091296,-0.0871923,-0.0294685,0.0909798,-0.15148,0.0374468,0.276727,0.012595,0.0507387,0.00787803,-0.211624,0.0788895,0.125973,-0.124968,0.119308,-0.0044968,-0.144182,0.0966061,0.273601,-0.156001,-0.187848,0.0888436,-0.0482858,0.262227,0.230981,-0.0303288,0.201621,0.0373244,0.0660869,-0.0121906,-0.0151913,-0.150515,0.111321,-0.000927423,0.062668,0.0705047,0.0939273,0.120602,-0.0768082,-0.0954266,-0.0839319,-0.198051,-0.0217314,0.191047,0.00842871,0.160093,-0.121827,-0.0412961,-0.0544848,0.0346469,0.092774,0.009241,0.156339,0.107028,-0.110203,0.0356417,0.197579,-0.163786,-0.109506,
-0.141763,0.0193421,-0.00742882,-0.197529,0.274198,0.0694436,-0.0809924,-0.0229187,-0.144154,0.0467144,0.0146386,-0.0815506,0.14431,0.101921,0.171034,0.0861213,-0.107284,0.170534,0.0484312,-0.116976,-0.202469,-0.0188387,0.050774,0.0458035,0.253603,0.0794467,-0.0285316,0.0720928,0.00616966,0.206015,0.160687,-0.0765802,-0.0280878,0.0746905,0.135381,0.0714961,-0.141598,0.0745557,-0.0622823,-0.0234123,0.0304099,0.0074585,0.0651081,-0.0510493,-0.0660663,0.0734179,-0.149341,0.126625,-0.0287131,0.0585982,0.093932,0.0141077,-0.325174,0.0446034,0.146482,0.0934693,-0.101937,0.306609,0.0179679,-0.0973239,-0.0308604,-0.0907544,-0.125192,-0.0341952,-0.061418,0.0560999,0.131074,-0.126985,-0.0819066,0.0434836,0.0794341,0.0172528,0.12675,-0.246383,0.200799,-0.0706215,0.0169755,0.206452,-0.0512156,0.0244456,0.0534616,-0.0634212,-0.0240331,-0.12791,-0.318741,-0.00217023,-0.230017,0.0280329,-0.00480851,-0.154787,-0.0458457,0.0994599,-0.144747,-0.105888,0.180285,-0.0471601,-0.45662,0.141324,-0.0276024,-0.0144439,0.260023,0.0314458,0.0657381,-0.112411,0.215074,-0.105951,-0.197255,-0.201891,0.0788068,-0.0927273,-0.0313301,-0.00779982,0.16497,0.111916,0.140561,-0.104421,-0.0596119,-0.0169551,-0.132746,0.111241,0.256786,0.0237384,0.0270419,-0.174026,-0.000137786,-0.039226,-0.0622331,0.202861,0.117133,-0.0490183,0.178257,0.0879263,-0.288529,-0.137561,0.193549,-0.197872,-0.0798444,0.129148,0.160947,-0.166776,0.0420025,0.219554,-0.146952,-0.167453,0.0365426,-0.178179,-0.133922,-0.0415439,-0.124352,-0.0717424,-0.0127661,-0.258347,-0.0608106,-0.155507,0.107046,-0.245185,-0.0363041,0.00057604,-0.105968,0.0057884,
0.339494,0.485832,0.180476,-0.135661,-0.723693,-1.60473,1.08195,0.24457,0.300091,-0.0611002,0.0606999,-0.14723,-0.236033,-0.120735,0.0905641,0.094353,-0.00583208,-0.217887,0.184051,0.148478,0.151349,0.608259,-0.153224,-0.151211,-0.6028,-1.33673,0.734862,0.358646,-0.140318,-0.166346,-0.0397093,-0.297089,-0.0321145,0.142594,0.0324883,0.103054,-0.139634,0.0395064,0.22355,0.0618653,-0.0771119,0.386021,0.0548323,-0.0658241,-0.67211,-1.31124,0.85934,0.358326,-0.310411,0.185363,-0.123007,0.0836531,-0.0853703,0.0538286,0.146084,0.194224,0.159073,0.0465439,0.2538,0.0886089,0.0403245,0.171589,0.105522,0.110581,-0.469416,-1.11079,1.11814,0.20143,-0.0682564,-0.0129211,-0.035598,0.375196,0.0508367,-0.129301,0.0574798,0.0507125,-0.242275,-0.246174,0.0533617,0.131921,-0.0748038,0.248667,0.0510408,0.00290141,-0.399373,-0.741566,0.66204,0.469923,-0.0923663,0.0488567,-0.166829,0.203342,0.198208,-0.0956151,-0.0162748,0.195011,0.0848549,-0.104755,0.0751831,-0.307558,0.0485626,-0.0245239,0.170723,0.0646753,-0.0560925,-0.630066,0.431794,0.204865,-0.134002,0.0186441,0.1191,0.419351,0.0992577,0.198831,0.0535931,0.232349,-0.00438302,-0.365858,0.164451,-0.146643,-0.217495,-0.00999406,-0.00530315,0.102648,0.129429,-0.029254,0.356149,0.0566125,-0.494261,0.194252,0.0951411,0.482066,0.0625435,0.0337341,0.0655032,-0.0616963,0.073977,-0.160339,0.00595958,-0.175301,-0.0559002,-0.251548,-0.0395577,0.00970645,-0.000872838,0.213893,0.0654118,-0.0629867,-0.130502,0.0664058,-0.0993685,0.64824,0.130827,0.266622,-0.0999425,0.396933,0.16907,-0.157918,0.0271962,-0.0585287,
-0.0119775,0.0518736,0.00220237,-0.0164277,-0.0306277,0.0172695,-0.067726,-0.191968,-0.0236081,0.018787,0.050006,0.217141,-0.104616,-0.14846,-0.110359,0.0105861,0.158063,-0.0495173,0.116721,-0.0653774,-0.0760565,-0.0890757,-0.0815119,-0.0385299,0.00650607,-0.00369084,0.161363,0.0642252,-0.0846033,0.0721823,-0.172617,0.0358855,0.087364,0.00578138,-0.0895149,-0.0223008,-0.141189,-0.0269111,-0.00792801,0.0703203,0.003843,-0.193898,-0.0129622,-0.111737,-0.0164329,0.0455005,0.124721,-0.109066,0.16511,-0.209651,-0.0595056,-0.180837,-0.0389781,-0.087898,-0.0429057,-0.0281193,-0.0134739,-0.158894,-0.109596,-0.0626311,-0.104707,0.0044785,0.0520444,0.183522,0.09225,0.138207,0.0181111,-0.0375732,-0.255101,0.0541409,-0.0652182,-0.0676669,-0.0816225,0.0261499,-0.0439035,0.00242623,0.238851,-0.0538877,0.0422167,0.200437,-0.0594403,0.0895344,-0.153003,0.0169378,0.0754807,0.14165,0.0196204,0.150893,0.161326,-0.069901,-0.00978645,0.0866053,0.0474302,-0.0532908,-0.068425,-0.0119362,0.00673893,-0.26335,0.0519112,0.133333,0.105315,0.0288472,0.00289546,-0.0740386,0.00442735,0.114751,0.0930063,0.0374282,-0.0179193,0.135351,0.0524542,0.137635,-0.0958873,0.0664203,0.160276,-0.0130562,0.12386,-0.146632,0.0568502,-0.0782936,0.00990861,0.0271701,-0.0712483,-0.117138,-0.00655854,0.0937207,0.143449,-0.118829,-0.107931,-0.0979958,0.0521567,-0.0174681,-0.167723,-0.110996,-0.0298301,0.000914927,0.173628,-0.0350303,0.066796,-0.137201,0.0656872,-0.140102,-0.0366417,-0.121379,-0.0250607,0.139169,-0.149371,-0.070212,0.103598,-0.132662,-0.160708,0.0205395,-0.0133238,-0.0385732,0.0462774,0.362827,0.100479,-0.150031,0.0724979,0.026863,
-0.027037,0.0884628,-0.16007,0.01673,0.0325602,-0.162577,-0.00860666,-0.121205,-0.28451,-0.115877,0.140853,-0.0305244,0.0310556,-0.139874,0.298705,-0.0851783,0.00318224,0.109152,0.157203,0.0413152,-0.101794,-0.0640845,0.148474,-0.0708482,0.0129447,-0.19051,-0.0964263,0.140828,-0.0423353,0.0458675,-0.189785,0.148821,-0.223214,-0.196692,0.135356,0.0733257,0.0684154,0.0201464,-0.0311138,0.024325,0.0403965,0.041417,0.127453,-0.0748793,0.00981904,-0.158681,-0.0108801,-0.163859,-0.120264,0.120017,-0.096393,-0.079613,-0.00915644,-0.132146,-0.0413899,-0.171784,0.017483,-0.00644502,-0.00122624,0.0228954,-0.0421541,-0.135627,0.306783,0.0319207,-0.144552,-0.0358565,-0.13363,-0.0817313,-0.0571506,0.229575,0.101586,-0.0380073,0.244032,0.000430181,-0.0174676,-0.125409,-0.0478123,0.151674,0.081091,0.0254728,-0.0116344,0.0333465,0.161982,-0.10861,-0.18306,0.0558617,-0.130888,-0.264492,-0.00311689,0.146273,-0.0177723,-0.00217528,0.113333,0.0335856,0.0316982,-0.144794,0.12445,-0.145166,0.00660034,-0.0112177,-0.0337765,-0.0940371,-0.132941,-0.069844,0.035416,0.0576099,-0.13122,0.0281604,-0.0212535,0.214758,0.138764,0.224063,-0.115722,0.00306187,-0.00480855,-0.170787,0.11954,-0.0550427,0.00925229,-0.0707406,-0.190375,0.00998641,-0.0808289,-0.199237,-0.119,0.0647533,-0.00118707,0.0369559,0.151304,-0.11901,0.0577423,-0.000814017,-0.0610406,-0.0105465,-0.137061,-0.0907449,-0.0918008,0.021296,0.00560545,0.172237,-0.0343499,-0.00133975,-0.258511,0.00708449,0.00431053,-0.0590395,-0.0372134,-0.091695,0.19178,-0.211258,-0.0088748,0.135358,-0.0506888,-0.0826923,-0.0224544,0.121065,0.077508,0.0227837,-0.142986,0.0651985,
0.0455159,-0.269824,-0.112524,0.0714122,0.308983,1.11305,-0.428997,0.325956,-0.232266,0.0960611,0.0388012,0.204299,0.496235,-0.00123475,-0.015227,0.0120422,-0.10777,0.127808,-0.177191,-0.00850487,0.0514735,-0.25523,-0.111294,0.124246,0.374175,0.889546,-0.556476,0.18116,-0.339957,0.395949,-0.429486,0.0311822,0.430669,-0.0668221,-0.0183219,-0.05837,0.0550057,-0.0133977,-0.2287,-0.0596271,-0.117796,-0.250527,-0.0740889,0.110476,0.328711,0.889058,-0.236436,0.180738,-0.149347,0.105527,-0.0600712,0.1349,0.038491,0.188121,0.21962,0.0617256,-0.10273,0.0483943,-0.161958,-0.0689781,0.0477001,-0.371025,0.0300177,0.0609585,0.43771,0.537476,-0.487296,0.336403,-0.110737,0.104162,-0.34892,0.00909946,0.251638,0.140515,-0.0951484,0.00784568,0.27771,0.268532,-0.084939,0.199606,0.20481,-0.467997,-0.300199,0.0776402,0.248211,0.612912,-0.379054,0.336485,-0.0546032,0.0962112,-0.277747,-0.220687,0.162473,0.103329,0.0941379,-0.250926,0.0762099,0.196068,0.0765876,0.00150384,0.102987,-0.0886981,-0.0407998,0.0595063,0.231059,0.407795,-0.158755,0.374774,0.0337627,0.14085,-0.202746,-0.382411,0.10566,0.219418,-0.154473,-0.132796,-0.216306,0.0511582,-0.138543,-0.00656882,0.276254,-0.057262,-0.0459446,0.0678404,0.271463,0.234555,-0.193977,0.332157,-0.201292,-0.0716145,0.0926574,-0.424734,-0.0677866,-0.100376,-0.0864598,-0.0309036,-0.0613684,0.359308,0.0311333,0.0389753,0.134093,-0.0834119,0.0298291,0.00713528,0.301724,0.0118964,0.0924206,0.385332,0.17257,0.244186,-0.0824059,-0.646215,0.0725981,-0.0953372,0.105943,0.181709,-0.0271934,0.195466,-0.023444,0.0596996,
0.0707248,0.164817,0.0287036,-0.0120565,-0.00795588,-0.140638,0.0222798,-0.00342551,-0.163028,-0.0515634,0.0544794,0.132469,0.0803797,0.0510442,-0.057201,-0.0652245,-0.00913109,-0.0534089,0.0773301,0.0687635,-0.00496242,0.0524627,-0.0195719,-0.0411445,-0.0730455,-0.0663373,-0.121801,0.0392517,0.0580928,0.100266,-0.116474,-0.0264111,-0.101563,0.0754902,-0.0317029,0.0152749,0.0271416,0.0975498,0.117268,-0.109169,0.064811,0.0417484,-0.228457,0.128975,-0.226915,-0.0317235,0.0890781,0.171117,-0.0331817,0.167311,0.0676726,0.0907817,-0.00141682,-0.165863,-0.0579118,0.24422,0.000898695,0.0293087,-0.0499146,0.0649234,-0.201204,-0.258587,-0.0726256,-0.0372938,-0.190762,-0.135895,0.102432,0.0383147,-0.0624939,0.0429651,0.116587,-0.0138562,-0.0223986,-0.160077,-0.162698,0.154628,-0.0343462,0.0839829,-0.0289118,0.0372972,0.00204055,0.133906,0.0563815,-0.0170405,-0.0788585,-0.083208,-0.0209361,-0.107326,0.155722,-0.0881662,0.0859225,-0.0693865,-0.0396325,0.0886912,0.121022,0.0648997,-0.07973,-0.0459099,0.094264,0.108356,-0.0340818,-0.0427735,-0.00335862,-0.116588,-0.128025,-0.354766,0.251571,0.0207126,-0.117405,0.0224992,0.085931,0.0760099,0.403682,-0.0295433,-0.0470993,0.0070428,0.0138646,-0.106469,0.0830347,0.112611,-0.0831212,0.205682,0.166177,0.126488,-0.0242625,0.032569,0.033376,-0.0387626,-0.0212392,-0.218638,0.0336264,0.155334,-0.0395359,-0.0663518,-0.138983,0.0135986,0.081511,0.032903,-0.101135,-0.120223,-0.132423,-0.0308218,-0.0268423,-0.12517,0.038008,-0.129585,-0.0956439,0.0214772,0.0473964,0.051247,0.199477,-0.0993398,-0.0947272,-0.0706882,-0.000595102,0.33206,0.0316679,-0.122745,-0.224586,-0.0966208,
-0.0155241,-0.0591446,0.141887,0.0252058,0.0470301,-0.105624,-0.423243,0.0178605,0.114518,-0.0769638,0.161385,-0.0628297,0.0401455,0.0780018,-0.133282,0.0737614,0.0393619,-0.0120672,-0.27095,0.0322414,-0.153151,0.15715,0.0555879,-0.0205129,-0.0211872,0.0262838,-0.110024,0.0245614,0.00935443,0.0143308,-0.0959388,0.137923,-0.156626,-0.218167,-0.0653174,-0.0123338,-0.0997518,-0.0339314,0.243918,0.142831,0.0292488,-0.0270603,-0.157066,0.0384474,-0.0577607,-0.24029,0.0704199,0.102368,0.0353131,0.207222,0.120454,0.0676039,0.164089,-0.033601,-0.104789,-0.00405701,-0.0458711,-0.106127,-0.214354,0.0325189,-0.199397,0.257514,-0.124394,0.0071937,-0.179604,0.020575,0.0625066,-0.00900114,0.198422,0.0400954,-0.004444,0.116813,-0.200217,0.152135,0.0378423,-0.0808251,-0.0834853,-0.136849,-0.0197292,-0.218009,0.323046,0.0223566,-0.101886,-0.00515297,0.056145,0.0913396,-0.0192918,-0.0363656,0.427574,-0.111948,0.164392,0.0290446,-0.125569,0.182382,-0.318371,0.00613179,-0.044669,0.0371883,0.0381713,0.242206,0.0331518,-0.0901151,-0.082051,0.0524708,-0.128089,0.04715,-0.122195,-0.0415016,0.0524025,0.00272848,0.104725,-0.0935622,0.123893,-0.0631869,0.121961,-0.0590091,0.0606336,0.0199778,-0.0358824,-0.115858,-0.0287256,0.139302,-0.0314154,-0.221538,0.0411692,0.000540042,0.211372,-0.0748894,0.119661,-0.12995,-0.174356,-0.0821669,-0.148046,0.0398942,0.0780327,-0.0496937,-0.0354524,0.0561144,-0.245346,0.0905503,-0.0561315,-0.0095945,0.0131133,-0.298029,-0.0835205,0.0356223,-0.0566741,0.194206,-0.103882,0.25464,0.0946812,-0.101486,-0.055567,0.0946142,0.0708738,-0.0741824,-0.0450628,-0.0722375,0.0714645,-0.10181,
-0.119358,-0.0312719,-0.00184656,-0.115911,-0.044204,0.0391909,-0.0657071,-0.0214284,0.105886,0.121468,0.0940773,0.0863603,-0.00736188,0.0471049,-0.0271886,-0.0617349,-0.200159,0.0751337,-0.13554,-0.00735235,-0.207376,-0.136267,0.00785681,0.0142797,-0.0870796,-0.0648974,0.0525217,0.0019874,-0.0609508,0.00374344,-0.128845,0.115658,-0.0470945,-0.306731,-0.0787196,0.0517654,-0.241939,-0.0522821,-0.0944038,-0.0416786,0.0825983,0.161358,-0.0191509,-0.0177179,0.068819,-0.145608,-0.168452,0.0090962,-0.193245,-0.174667,-0.00642113,0.0208207,0.021953,0.0498241,-0.30297,0.0263534,-0.308159,-0.171678,0.063797,-0.0530217,0.137557,-0.104172,-0.00627116,-0.12705,0.0758539,0.115544,0.0105905,0.106728,-0.155582,0.18861,-0.144485,-0.00528467,-0.0983549,-0.0155273,-0.0787286,0.0643348,-0.233482,0.219447,-0.0822335,0.058677,0.194284,-0.0490029,-0.253842,0.197363,0.152078,0.145293,0.0157096,-0.0551129,-0.0392401,0.00121442,-0.0824625,-0.193879,0.217584,0.11692,0.0190057,0.146424,-0.188009,0.112478,-0.100869,-0.0373494,0.100451,-0.174605,0.0192742,0.143951,0.0776886,-0.00182458,0.127007,0.0339524,-0.156377,-0.143167,-0.169621,-0.230362,-0.0216033,-0.125957,0.0693844,0.0747489,-0.222283,-0.132978,-0.162739,-0.0911476,-0.0112446,-0.213074,-0.189941,-0.0540433,-0.354911,-0.216884,0.0932468,-0.166946,0.034949,0.0878932,0.201106,0.224648,-0.00801084,0.0798559,-0.326566,0.0127034,-0.100248,-0.0967875,0.0136689,0.0346769,0.0190088,0.0974119,0.0445799,-0.00678294,-0.195601,-0.0781993,0.124647,0.114637,-0.126975,0.238289,-0.0767513,-0.0251399,0.0510214,0.0410735,-0.123533,-0.16233,-0.294728,-0.0412912,0.0810035,0.0477534,
-0.116187,-0.00830799,0.0761289,0.0759986,-0.00803392,-0.0825166,0.105988,-0.038839,0.02563,-0.130111,0.181381,-0.00669135,0.049486,-0.0779574,0.0180349,-0.1035,-0.0901201,0.0399467,0.0452283,-0.203804,0.0230918,0.130798,0.177036,-0.0810862,-0.159784,-0.0600418,0.135671,-0.0333568,0.250503,-0.122288,0.196257,-0.0946336,-0.128214,0.0674329,-0.067834,-0.136503,-0.108726,-0.124081,0.0748467,0.0354079,-0.0344721,0.0243391,-0.101118,-0.199649,0.0203095,-0.0900699,-0.184123,0.030376,0.101794,-0.219807,-0.124085,0.118973,-0.23329,-0.00329852,-0.106541,0.0555306,-0.0702466,0.134515,0.0456113,0.00781471,-0.10493,-0.0624676,0.0990558,-0.198384,-0.191931,0.0778387,-0.0121743,-0.028263,0.0273082,0.25209,-0.0497578,0.10806,-0.111967,0.050265,-0.161414,-0.177138,0.12291,-0.143131,-0.135169,-0.121449,0.124767,-0.073796,0.0482362,-0.186204,0.0164554,-0.119901,-0.0718156,-0.0503728,0.493988,-0.352224,-0.152546,0.186246,-0.122774,0.0193168,0.110204,-0.0474398,-0.167681,-0.0299194,0.165461,-0.0251373,0.0825032,-0.161754,-0.0594632,0.0140029,0.0651727,-0.0635503,-0.14533,0.0875323,-0.153933,0.000308283,-0.0179695,-0.0194354,-0.0505218,0.0190547,-0.270554,0.0532521,-0.0196208,-0.241594,0.0861181,0.075753,-0.0627976,-0.360895,-0.15272,-0.158733,0.0559714,0.00237516,-0.238672,-0.0157216,0.337068,-0.194496,-0.204295,0.047502,0.125166,0.0265544,-0.209391,-0.329578,-0.0498069,-0.0967225,-0.00345862,0.0191679,0.0723981,-0.119641,-0.331307,0.019401,0.187448,0.058425,-0.217313,0.21644,0.082127,0.0389991,-0.0686752,-0.127746,0.100074,0.176215,-0.0373724,0.0255267,0.280161,-0.0122888,-0.316568,-0.0289677,
0.0445487,0.0868916,-0.0762417,-0.134262,-0.321423,-0.405467,0.142056,0.374531,0.125881,0.151214,0.173929,-0.000700331,-0.226926,-0.205649,-0.144135,0.147552,-0.063139,-0.343119,0.056253,-0.162218,-0.103523,0.264258,0.292656,0.0605762,-0.154126,-0.65016,0.546384,0.162023,0.0979606,0.100864,0.00781743,-0.071021,0.0723791,0.0449319,-0.0669397,0.111556,0.0954793,-0.289311,-0.147964,0.117694,-0.136685,-0.00365215,0.00134504,-0.0243653,-0.440173,-0.506153,0.316587,0.255885,-0.12352,0.189928,0.127398,0.0851342,-0.0703577,0.0769065,0.12117,-0.0937272,0.00977587,-0.30105,-0.0592259,0.313872,0.146816,0.10173,0.126858,-0.159485,-0.176994,-0.33983,0.051374,0.117865,-0.0317058,-0.00288912,0.107024,0.0713535,0.195876,0.0124098,0.0902297,-0.0435725,-0.00426938,-0.387025,0.114564,0.1776,0.0464227,0.172645,-0.0846936,-0.148232,-0.182372,-0.385074,0.167092,0.416436,-0.030823,0.256921,-0.0183518,0.132929,0.0432757,0.0358462,0.0887212,-0.00918145,-0.0307428,-0.243463,-0.0110763,-0.115384,-0.0298098,-0.0435058,0.00566619,-0.115283,-0.0217249,-0.122696,0.206872,0.0292659,-0.291444,-0.173237,0.102772,0.0412552,0.133251,-0.0734431,0.0846678,0.244307,0.0297438,-0.354599,0.109696,0.0462208,-0.179238,-0.0380258,0.0552488,-0.0496224,-0.339105,-0.328116,0.305376,0.0696797,-0.337314,0.23083,-0.227511,0.273291,0.195273,-0.0985777,0.201762,-0.0941022,-0.255871,-0.569202,-0.0559867,-0.127194,-0.140325,0.0384708,-0.112836,-0.187605,-0.0488025,0.0819188,0.116067,-0.172793,-0.085485,0.000920341,0.0258489,0.279921,0.0820262,0.0579112,0.0350544,-0.0202923,-0.134653,-0.399176,-0.086509,-0.120391,
-0.799498,-0.368856,-0.175805,-0.15258,0.027517,1.03393,-0.31604,-0.126293,-0.167006,0.00976661,-0.149156,0.838117,0.700083,0.168862,0.0143194,0.0110818,1.59742,-0.273368,-0.123955,0.0597828,-0.529137,-0.340824,-0.176595,-0.0314878,-0.00686875,0.904227,-0.590889,-0.153448,-0.0819844,0.187277,-0.0734306,0.623274,0.600298,-0.0223586,0.104577,-0.0909989,1.63401,-0.186341,-0.369476,0.136049,-0.203743,-0.148554,0.0974259,-0.0626767,0.0692307,0.572123,-0.17201,0.0562768,0.0198996,0.138185,0.0042433,0.353243,0.433136,0.00248045,-0.0985649,-0.19985,1.41225,-0.326779,-0.431077,-0.0196542,-0.512148,-0.043305,-0.255151,-0.0118681,0.000841329,0.199557,-0.18085,0.167839,-0.0931046,0.0634561,-0.0863226,0.331672,0.403171,-0.172984,0.0479892,-0.103122,1.38566,-0.211014,-0.366809,0.0140262,-0.258115,-0.0904659,-0.0428064,-0.226862,-0.226031,0.142072,-0.115334,0.271848,-0.186515,0.191063,0.326472,0.455097,0.275303,0.0365593,-0.0480381,-0.224258,1.50515,-0.172272,-0.1903,0.125372,-0.407252,-0.0322109,-0.0259078,-0.0736845,0.0359031,-0.0511815,-0.0862315,0.351817,0.0776214,0.269439,-0.114125,0.2489,0.411238,0.0333353,0.18195,-0.330159,1.40421,0.0212876,-0.349588,0.044889,-0.342983,0.36417,0.0594209,-0.0153545,0.162317,-0.590302,0.0557153,0.377557,0.00280452,0.0790174,-0.0762666,0.244935,0.246363,-0.175575,0.184703,-0.22475,1.4014,0.217578,-0.353833,0.172604,-0.305356,0.37891,0.166083,-0.101838,-0.146514,-0.616663,0.204297,0.455191,-0.10761,-0.0310278,-0.199224,-0.184891,0.0312596,-0.0510686,0.167735,-0.229613,1.35128,0.422693,-0.445149,0.154974,
0.00755995,-0.0101341,0.0690814,-0.0436126,-0.0680582,0.0407677,0.0174314,0.00236,-0.0897347,-0.134836,-0.246723,0.00661374,0.0341467,-0.152004,-0.0974215,-0.313978,0.153793,0.0447316,0.0911526,0.0731295,-0.119628,0.14017,-0.210624,-0.0591541,-0.0502769,-0.10275,-0.134237,-0.0497083,-0.0858354,-0.182188,0.0809616,0.02176,-0.0918636,-0.0313745,-0.106802,-0.182265,-0.000989709,0.208974,-0.0820373,-0.0264254,-0.103776,-0.0916397,-0.102356,0.0104078,-0.0506631,0.178274,-0.0352935,-0.0552,0.189437,-0.0105912,0.135179,0.197187,-0.0510527,-0.00120367,0.137228,-0.0413277,-0.0563289,0.0989708,0.00764406,0.199605,-0.21626,0.000996781,0.146768,-0.0781079,-0.110104,0.0882323,-0.089906,0.0236905,-0.163497,-0.0294654,-0.0194137,-0.148911,0.112246,-0.034067,0.061756,-0.265114,0.217472,0.0993788,0.277729,0.131274,0.123236,0.188223,-0.114757,-0.00724933,0.0700935,-0.122632,-0.173281,0.0884301,0.188286,-0.0421635,0.0439909,-0.105898,-0.233662,0.17658,0.0274895,0.0515395,-0.0209809,-0.123685,0.155148,0.0684522,0.113192,0.139826,-0.0220087,-0.0822641,-0.00561033,-0.0940827,0.00168265,0.0631969,0.114161,-0.0809445,0.218974,-0.0605,-0.0593031,0.107549,0.183052,-0.0796164,-0.032547,-0.0829762,0.061782,0.0455639,0.14524,-0.0635059,-0.0332182,0.024556,0.0341639,-0.187777,-0.119049,0.178708,-0.00577318,0.111794,0.0955864,0.0471436,-0.0806323,0.0679346,-0.00451387,-0.0474514,-0.249125,-0.112229,0.101342,0.0264509,-0.0198444,0.0477047,-0.0478758,0.0734137,0.0660047,-0.0706869,-0.0490002,-0.00794322,-0.149389,0.213077,-0.100495,-0.0594801,0.0741278,0.0297935,-0.053961,0.0174663,0.169873,0.00983655,0.0335706,0.175992,
-0.0738203,0.0879785,-0.0972783,0.0129472,-0.0338759,0.0143055,0.0785639,0.0617109,-0.0622273,0.0375785,-0.0269873,0.0930288,-0.0437804,0.182232,0.0172475,-0.148154,-0.149385,0.0821981,0.0613674,-0.101195,0.0491178,-0.0731766,0.00517852,0.0674853,-0.120837,-0.0613805,-0.00577376,-0.0324252,0.0092824,0.00899122,0.0664192,0.149117,-0.0626848,-0.031396,-0.0816235,0.0948582,-0.151301,-0.205687,-0.0791798,-0.00385984,-0.120331,-0.0787081,-0.0620968,-0.17068,0.089317,0.0410852,0.105845,0.182137,-0.00687129,0.0597077,-0.0524253,0.181673,-0.112668,-0.120815,-0.198669,0.0551012,0.10273,0.0589909,-0.123931,-0.011637,-0.0723005,-0.178737,-0.0243965,0.0104085,0.101473,-0.0934044,0.0375195,-0.0665764,0.0030646,0.115757,0.0199967,0.145251,0.174199,0.199244,0.0382268,0.0259732,-0.111239,-0.0575811,-0.124783,0.132655,0.086537,-0.0359358,-0.0749805,0.022871,0.189342,-0.0583502,0.085155,-0.00392266,-0.0639588,-0.0594178,0.0180902,-0.0730042,-0.0499697,0.0784709,0.0985712,-0.0789873,-0.17426,0.000653278,0.138723,-0.0465744,-0.125566,0.135885,-0.138491,0.151622,0.193624,-0.155519,-0.058222,0.0109757,0.00926779,0.0477834,-0.0530543,-0.0770874,0.108576,0.105286,-0.0409596,0.0359697,0.114314,0.0485381,0.0965429,-0.0342706,-0.10021,0.11106,-0.0461421,0.0406705,-0.0985657,0.0707158,-0.189857,0.052536,0.011019,-0.0579167,-0.0688223,0.159586,-0.0235296,-0.238128,-0.0511589,-0.0562891,0.0731472,-0.116037,-0.273053,-0.193139,0.178387,0.0615224,0.102518,-0.0691893,-0.160527,-0.0104022,-0.241712,-0.153857,-0.0428855,0.0172042,-0.142142,0.0729301,0.107402,-0.109921,-0.0142719,0.00929452,-0.0189251,0.0415437,0.101666,0.108882,
-0.0729821,0.0513718,0.0940127,-0.112233,-0.0881436,-0.0754578,-0.132957,-0.238334,-0.131027,0.377768,-0.106442,-0.0978478,-0.0630211,-0.298349,0.0237618,-0.146708,-0.177102,-0.154904,0.008216,0.0950484,-0.0648123,-0.176558,0.0761638,-0.0759931,-0.169192,0.175474,-0.0318588,-0.0488682,-0.0143717,0.254321,0.0189194,-0.0122051,-0.189528,0.0756463,0.16064,-0.106435,-0.110011,0.00299865,0.110281,-0.12122,-0.0313318,-0.0831503,0.0702294,-0.104829,-0.0564885,0.0016893,-0.0229865,-0.222988,0.313152,-0.14408,0.116023,0.0686749,-0.170163,0.0723452,-0.0685541,-0.248929,0.165839,-0.00387939,0.102907,-0.113733,0.164737,-0.0512727,-0.288483,-0.0909863,-0.244686,0.256251,0.0711651,-0.0261505,0.04099,-0.131092,-0.0543511,0.0154873,-0.0284935,-0.073315,-0.0867621,0.0424409,0.0236924,0.0497935,-0.0179533,0.0476032,-0.0962291,-0.114963,-0.0230706,-0.107817,-0.0348919,0.0094397,0.147377,0.103839,-0.133307,0.0634832,0.0935885,0.0490056,-0.0595889,0.112404,-0.0400083,-0.0154473,0.350838,0.0617101,0.0268599,0.0158135,-0.0525248,0.0722872,-0.00447108,-0.275839,0.0918266,0.114332,-0.0566647,0.00392325,0.262378,-0.0151604,-0.105913,-0.0709988,0.0558471,0.148262,0.0486034,-0.0954917,0.00266769,0.192388,0.0617746,-0.066206,0.0400418,-0.0458759,-0.0128338,0.162157,0.0680983,-0.0907558,-0.10134,0.185437,-0.0733164,-0.0266334,0.140366,0.0328097,-0.371835,0.105703,0.0744765,0.118605,-0.0780716,0.236815,0.0270243,-0.0750373,-0.115755,-0.134132,0.0335822,-0.0927227,-0.107342,-0.0991957,0.171745,0.0983546,0.030598,-0.132857,0.0682744,-0.0998594,-0.0268277,0.0213309,0.0711942,-0.031079,0.0938852,0.0380952,0.105401,0.093915,
0.269956,0.271347,0.0225193,-0.172091,-0.513595,-1.37511,0.447495,0.375314,-0.20869,0.0344057,0.027883,-0.241788,-0.139226,0.153917,0.14671,-0.174078,0.133343,0.416383,0.0970745,0.0155453,0.0730106,0.375895,0.0745729,-0.179773,-0.609872,-1.01778,0.434224,0.220175,-0.116025,0.0947271,0.106559,-0.300929,-0.120134,0.234902,-0.100948,-0.0465864,0.103204,0.128729,-0.0200701,-0.0144166,0.00366611,0.305131,0.0768642,-0.094417,-0.353904,-1.15979,0.616135,0.0389942,-0.055155,0.028737,-0.0905525,-0.016547,-0.182804,-0.0419444,-0.0121279,0.18958,0.183225,-0.0201286,0.192296,0.0066119,-0.0359658,0.340133,0.14543,-0.0340469,-0.41538,-1.0019,0.536105,0.201502,0.0290217,0.107418,-0.0302143,-0.164139,-0.0451248,-0.0526191,-0.0917509,-0.0470014,0.173489,0.114732,-0.0398821,-0.108799,-0.0570126,0.130256,-0.0501124,-0.222017,-0.253117,-0.813098,0.457622,0.20569,-0.224381,-0.0523164,-0.0340604,0.163571,0.013088,0.22585,-0.0807976,-0.154731,-0.0409466,-0.0101082,0.0713532,0.126635,0.0311594,0.00143803,0.119544,-0.0591541,-0.292543,-0.466739,0.314554,-0.10487,-0.0547953,0.104935,-0.0646068,0.155308,-0.0965998,0.105348,0.0855901,0.0429347,-0.00314589,-0.0612181,0.0992661,-0.0149526,-0.149577,-0.0926196,0.034268,0.0652118,-0.131449,-0.457856,0.291193,0.00948117,-0.24173,0.303949,-0.113648,0.20012,-0.104228,0.0531654,0.031773,-0.0640586,0.0570059,-0.0251359,0.103516,-0.0506073,-0.178996,-0.213562,-0.122897,-0.162981,-0.125472,-0.194589,0.035347,0.0160127,-0.0293676,0.0507917,-0.0716176,0.496679,0.163678,0.181867,0.0836929,0.0395237,0.246744,0.111918,0.111071,-0.014263,
0.320477,0.194911,0.272684,-0.198396,-0.596492,-1.03725,0.366894,0.249041,-0.126124,0.0942677,0.0511794,-0.314899,-0.302053,0.0983636,0.0444177,0.0425411,0.153208,-0.0709737,0.0838697,-0.0145078,0.188941,0.193075,0.417439,0.121909,-0.408819,-0.989827,0.522382,0.278929,-0.102457,0.223234,-0.0166032,0.0491164,-0.0914549,-0.0438943,0.142124,-0.0345447,0.0637506,-0.0582253,0.104708,0.0427683,0.169268,0.237526,-0.0852278,-0.0938782,-0.200373,-0.703761,0.47948,0.161396,-0.073678,-0.0799744,0.0406404,-0.207561,0.0254575,-0.0886792,0.0704355,-0.0494783,0.0561702,0.0271727,-0.106086,-0.164935,-0.0444143,0.258026,0.0515068,-0.150391,-0.356439,-0.568316,0.458314,0.22482,-0.0833118,-0.0973384,-0.0273244,-0.111387,0.134744,-0.087647,0.146559,0.0880774,0.0623771,-0.249155,0.171137,-0.0962539,-0.305558,0.117099,0.166447,0.0169267,-0.223296,-0.60134,0.145102,0.275576,-0.0577782,0.0533849,-0.0475814,0.140561,0.0830296,0.0656805,0.03964,0.0935298,0.101776,-0.279914,0.0321347,-0.0716554,-0.0483338,0.109983,0.0157497,0.236453,-0.278356,-0.30153,0.245941,0.095107,0.170001,-0.171339,-0.0222217,0.0256464,0.0262576,-0.0846851,-0.102022,0.11495,-0.0347595,-0.0745155,-0.0716343,-0.130721,-0.187799,-0.00367506,0.0971929,0.0235145,-0.102187,-0.0986756,0.282348,-0.00902031,-0.220804,0.115161,-0.157688,0.137537,-0.213285,0.08925,-0.18975,0.127659,0.0152299,-0.327515,-0.166745,0.209367,-0.151753,-0.128687,0.0729495,-0.100621,-0.0285921,-0.122947,0.147253,0.0962394,-0.201136,0.341745,-0.0313183,0.163171,0.283897,0.010869,-0.0212813,0.127142,0.0795198,-0.420496,0.00844541,-0.169417,
0.0250293,-0.0200551,0.154015,-0.17776,0.06531,-0.158225,0.187564,-0.00132169,0.0303117,0.0587305,0.0146308,-0.139997,0.267938,-0.0930925,-0.00641352,0.206325,-0.162184,-0.266875,-0.0723277,-0.0479585,0.090515,0.206778,0.0739091,0.0440342,-0.119291,-0.0145529,0.141746,-0.00872489,0.00250833,-0.0235683,0.0484148,-0.0950351,0.0167485,0.118236,-0.00909665,0.0260767,0.0918637,-0.246307,-0.082509,0.109886,-0.0245452,-0.0450066,0.0861166,-0.0559948,-0.164746,-0.0394225,0.154195,-0.136288,-0.0566889,0.00723058,-0.00322989,0.101424,0.130761,0.197817,-0.022734,-0.15783,-0.0656436,-0.150834,0.0607699,0.233981,-0.0968191,-0.125156,0.112184,-0.0913694,-0.135606,-0.0120168,0.0789996,-0.0201619,0.209352,0.143574,-0.0121238,-0.017816,0.161088,-0.00850631,-0.103823,0.0621956,0.191028,-0.243086,-0.0544305,0.0323228,0.0353735,0.0432808,-0.115075,0.013194,-0.0711313,0.155623,0.267337,-0.0616841,-0.00721254,0.0721202,0.0697068,-0.0266345,0.231249,-0.0212213,0.299928,0.0576477,-0.168058,-0.0961411,0.0511925,0.061765,-0.025372,0.197772,-0.158459,0.0646989,-0.106268,0.0470533,0.132427,-0.253214,-0.138724,0.0726415,-0.0849287,-0.0846715,-0.0215129,0.0954653,-0.00378995,-0.0616202,-0.192678,-0.139044,-0.0488785,-0.000653596,-0.199126,0.10703,-0.0527954,-0.0713158,-0.339564,-0.0436719,-0.0458863,-0.0439068,-0.154952,0.0563486,-0.205552,0.0892308,0.0490627,-0.222511,0.129849,-0.00890015,0.0081713,0.0628553,-0.0348537,0.0442335,-0.0748099,-0.0184633,-0.080749,0.0259238,0.0480253,0.182468,0.0961537,0.0549223,-0.158876,0.0592615,-0.031164,0.235046,-0.0997618,0.0277359,0.0191869,-0.122076,-0.170765,-0.109722,0.169517,-0.325651,
0.0680847,-0.0680361,-0.0771096,0.0724879,-0.182658,-0.387345,0.252024,0.169312,-0.0120716,-0.0238908,-0.0835602,-0.0541382,-0.197631,0.0676857,0.00839123,-0.0383314,0.0662481,-0.264294,-0.00463361,-0.00777029,0.131942,-0.0640193,-0.274021,0.126998,-0.125052,-0.049362,0.319545,0.200896,-0.0681798,0.0814299,-0.0948306,0.161011,-0.109818,0.115733,0.103682,-0.0151019,0.0467356,-0.144274,0.00237644,0.103784,0.022407,0.13393,0.132756,-0.037616,-0.0445809,-0.155073,0.171865,0.204072,-0.198678,-0.0884317,0.19884,-0.0977421,-0.0744544,0.166585,-0.0799364,0.0758413,0.0353275,-0.36556,0.0279671,0.111976,0.0377525,-0.0652785,-0.0256414,-0.0653585,-0.065051,-0.253535,0.0242957,0.123535,-0.0822011,0.0757011,-0.0276649,0.172703,0.0458392,-0.104099,0.143863,0.0434369,-0.0926888,-0.239371,0.0769123,-0.241096,-0.04075,0.125372,-0.0697601,-0.00755919,-0.0802565,-0.0435926,0.14193,-0.0843561,-0.0367175,-0.0154078,-0.00672235,0.139984,0.112375,-0.0480423,0.048263,-0.0504926,-0.143448,-0.182648,-0.118447,0.0992933,0.097988,0.027933,0.0279554,-0.0551529,-0.19699,-0.0421233,0.150165,0.0685957,-0.00833465,0.0268316,-0.182095,0.0523032,0.235719,0.118706,0.14645,0.0622641,-0.120367,-0.148163,-0.0853905,0.0132261,-0.0966006,-0.112705,0.152211,0.128034,0.110294,0.0385436,-0.0578335,0.119124,-0.104348,0.0614574,-0.15259,0.146684,-0.155292,0.0464159,0.0547063,0.127378,-0.133093,-0.108193,0.0311597,0.252229,-0.269139,-0.211774,-0.0206641,-0.0660958,-0.0627149,0.181481,-0.122268,0.00432142,-0.0150882,-0.119584,0.0285255,0.269854,0.178638,-0.0731029,0.12707,-0.0925566,-0.18594,-0.0707359,-0.0458788,-0.145831,
0.0672714,0.130642,-0.103421,0.0507776,-0.141126,-0.0814116,-0.0107831,0.130392,-0.0822771,0.137472,-0.100554,-0.0403884,-0.238335,0.225437,-0.00300536,0.239244,-0.0835702,0.10779,-0.0947329,-0.11896,0.00721359,0.125333,0.0646415,-0.0157344,-0.177869,-0.292039,0.0726843,0.1158,-0.0930331,-0.047266,-0.0183425,-0.0846853,-0.184914,-0.015969,-0.106285,-0.0125521,-0.00492645,0.31682,0.0657141,-0.051545,0.100812,0.1225,-0.143122,-0.112975,-0.286513,-0.196133,-0.0556299,-0.146541,-0.206124,-0.0433679,-0.141346,-0.0998329,-0.0312434,-0.0483982,-0.18166,-0.00191226,-0.106385,0.130945,-0.246506,-0.0916773,0.160652,0.0778654,0.114412,-0.0540482,0.01996,-0.0609007,0.251833,-0.0547488,-0.25286,0.0480902,0.121517,-0.300418,0.187632,-0.141245,0.19683,-0.0596021,-0.0805893,0.296494,0.049874,-0.0421547,0.144109,0.160564,-0.0372245,0.0407614,-0.140684,-0.0684935,0.130394,-0.0803091,0.0995197,-0.252364,0.0628263,0.0667273,-0.14667,0.097725,0.0902991,-0.00436067,-0.0680705,0.248522,0.050424,-0.121891,-0.0534906,-0.103785,0.0626348,-0.0961921,0.00469575,-0.0939492,0.12219,-0.0215993,0.0726633,0.0853539,-0.19507,0.0710423,-0.0833005,-0.246786,0.30779,0.0195587,-0.0050519,0.236557,0.110884,-0.027256,-0.0968633,0.0679147,0.092874,-0.0944738,0.0410008,-0.0389533,-0.127591,0.00349731,-0.0712932,0.0991242,0.100169,-0.126594,0.0899184,0.0505906,0.105566,-0.129175,0.0777567,0.166287,0.295027,0.167643,0.0182527,0.120628,-0.162605,0.103506,0.0766487,0.0878581,0.0759059,-0.169925,-0.0315318,0.174619,0.0360744,-0.0203186,0.071066,-0.0782637,0.0234251,-0.0120894,0.140998,0.303891,-0.22579,-0.137651,
0.0607193,-0.130947,0.144876,-0.0930244,-0.163319,0.116206,-0.0646136,0.273164,-0.0333098,0.00254475,-0.0183913,0.180307,-0.135608,0.0507609,0.155725,0.191078,0.05594,-0.00722242,8.54397e-05,-0.089445,-0.0851895,-0.0948684,-0.155211,-0.204291,0.0694651,0.161492,-0.0491943,-0.03075,-0.0108031,0.0864434,-0.0991071,-0.0078476,0.0824937,-0.183589,0.039499,0.0263073,0.0685711,-0.0733698,0.0184237,-0.138423,-0.0243908,-0.0353958,-0.290076,-0.090166,0.0206137,0.0411368,-0.0270596,0.0600427,-0.063055,-0.0292704,1.38398e-05,0.140502,0.042136,-0.0613605,-0.024715,0.0964651,0.0261828,0.00412363,0.122898,0.0987608,0.0951854,0.0884552,-0.0542443,0.0974685,-0.0418185,-0.0367236,-0.168676,0.067638,0.123273,-0.118248,-0.0245554,-0.0463992,0.0414503,-0.126857,-0.0584367,-0.0697324,0.125248,-0.0457077,0.0197375,0.0964618,0.0253559,-0.172018,-0.0854824,-0.184751,0.027181,0.0389892,0.0729669,-0.0461199,0.00761686,-0.0473822,-0.11977,0.0655632,-0.243072,-0.0118604,-0.0199347,0.0673081,-0.025427,-0.0350342,0.0343236,0.0352665,-0.0105863,-0.0883416,0.00745795,0.0543279,-0.023224,-0.0774731,0.0536315,-0.241674,0.151799,0.0397281,0.0100093,0.233375,-0.100992,0.15083,0.0354761,-0.0766471,-0.0715034,-0.210033,0.00231211,0.0996023,-0.205721,0.033512,-0.0892146,-0.11732,-0.109387,-0.068211,0.0155565,0.1242,0.238254,-0.139696,0.181901,0.0177938,0.0417744,0.00714004,-0.0145186,-0.00679235,-0.0488558,-0.023289,0.203211,-0.0660396,-0.0925466,-0.0943709,-0.0187105,0.0162522,-0.123745,0.124307,0.154429,0.0733356,-0.232534,0.0543991,-0.133432,-0.0160833,0.00383419,0.0229528,-0.0224836,0.0386928,0.173504,0.00859601,0.0620019,0.0411292,
-0.151726,0.0362659,-0.0121239,-0.0743782,-0.0826766,-0.389434,0.410012,0.246086,-0.0267782,0.25648,-0.0802009,0.0489182,0.00212902,-0.0876761,-0.0564353,0.0526563,-0.0285666,-0.0692512,0.136607,-0.0757866,0.139142,0.0897609,-0.0450274,0.0460452,-0.268348,-0.377015,0.491485,0.193434,-0.0192634,-0.0252927,-0.145115,0.202019,-0.0881679,0.0172861,0.0364828,0.293382,0.137021,-0.201839,0.0510166,0.0322655,-0.0371291,0.0807195,-0.161808,-0.0656254,-0.107064,-0.269575,0.200481,0.00164437,-0.0251259,0.0104691,-0.137836,0.089834,0.00842296,0.135113,-0.179094,0.0787212,-0.0215999,-0.0285066,0.196491,-0.202551,-0.102912,0.0949809,0.000337838,0.0119331,-0.0998589,-0.0916518,0.562068,0.166365,-0.158204,-0.100594,0.0148324,0.18654,-0.0101045,0.105014,-0.093789,-0.00579587,0.0387503,-0.117229,0.241223,-0.151084,-0.14548,-0.148401,-0.337437,0.0580482,0.0226828,-0.00325283,0.233884,0.134861,-0.104117,0.163626,-0.162662,0.235298,-0.0275626,0.0682189,-0.318004,-0.00931596,-0.174135,0.0851327,0.0749827,0.0319639,-0.081296,-0.0478139,-0.203314,-0.202301,0.0513535,-0.36596,0.27946,-0.0453208,-0.125549,0.162811,0.0207014,0.122863,0.028933,0.103453,0.078572,-0.130024,0.0260244,0.024946,0.248309,0.140125,-0.034552,-0.136345,-0.204946,-0.121468,-0.095059,-0.163683,0.341586,-0.0467726,0.082113,-0.0332042,-0.0824626,0.285795,0.0541185,-0.0198422,-0.0147297,0.0251962,0.0977203,0.0777268,0.0904392,0.1504,-0.194771,-0.338704,-0.116758,0.0207776,-0.199186,-0.185449,0.152333,0.202059,0.0923738,0.030383,0.140907,0.173409,-0.0801738,0.0615012,-0.267712,0.0416375,-0.0774692,-0.00687854,0.0938143,0.0622022,
0.249977,0.173627,0.0031382,0.106815,-0.199365,-0.566355,0.34117,0.34053,-0.165556,-0.0357803,-0.234862,-0.283652,-0.124484,-0.0340148,0.131204,-0.0259757,-0.0259424,0.13848,-0.127004,0.0710474,0.189807,0.222206,0.0711996,-0.128671,-0.085829,-0.686204,0.0842513,0.176767,-0.126555,-0.10563,0.061524,-0.0875476,-0.161586,-0.0501895,-0.072152,-0.232347,0.00488334,0.0298372,0.0478379,0.132998,0.122247,0.212492,-0.0741833,-0.207569,-0.341528,-0.507884,0.46304,0.0572954,-0.153375,0.0301274,-0.270846,-0.289822,0.0148966,0.0148025,-0.0438907,0.189057,-0.159723,0.0737958,0.174469,0.0836529,0.141611,0.347914,0.0451155,-0.0198864,-0.3255,-0.129109,0.247275,0.04544,0.000588246,0.134896,-0.00117349,0.084434,0.272133,0.0159651,0.146291,0.148582,-0.00913268,-0.0764445,-0.183425,-0.0292342,-0.0500722,0.0245685,0.0457135,-0.0102338,-0.260017,-0.190178,0.0905828,0.134926,0.0334955,0.0815399,0.309938,0.0935589,0.00213122,-0.128325,-0.0781372,-0.0555095,0.0957713,0.117644,-0.0986277,0.0861907,-0.074852,0.0359441,0.0901183,0.130741,-0.0171793,-0.159485,0.391164,-0.026857,0.150382,0.164623,-0.0749505,0.0673816,0.0879549,0.023217,-0.0870104,0.0255356,0.0242845,0.126209,-0.118302,0.185955,-0.0377941,0.073463,-0.000411776,-0.165979,0.0296396,-0.0345957,0.411258,0.0998765,0.0972291,0.112259,-0.121726,0.182115,-0.109163,-0.125323,0.0206144,-0.0998749,-0.103493,-0.241455,-0.138183,0.141159,-0.120984,-0.192888,-0.135941,-0.0558047,0.021671,0.156162,-0.0265542,-0.117205,-0.0745363,-0.00890857,-0.0295411,0.0939722,0.000378928,0.0583403,0.0312331,-0.00975915,0.0346885,-0.0605576,-0.0375392,0.0286156,
0.106968,0.213242,0.1484,-0.160541,-0.277719,-0.874749,0.279672,0.252279,-0.182857,0.0498739,-0.0809417,-0.0453062,-0.157697,-0.0263143,0.0673734,0.187581,-0.173528,-0.324318,0.157314,-0.245316,-0.184645,0.224847,-0.0431149,-0.290984,-0.361268,-0.701539,0.381473,0.446853,0.0121877,0.0168978,0.0737486,0.101693,0.0916379,0.0931137,0.0783797,-0.172538,0.188004,-0.460016,0.15538,0.0545419,-0.215606,0.219982,0.0819047,-0.016368,-0.46541,-0.675906,0.38925,0.139134,-0.0669392,0.0566708,-0.0376584,0.0346336,0.18284,-0.114355,-0.312743,0.0816391,0.0265159,-0.258398,0.0991551,0.108851,-0.279413,-0.0939987,0.0508597,0.109293,-0.18823,-0.313631,0.382438,0.195559,0.0142441,0.190771,0.0407232,0.172502,0.371906,0.106398,-0.0739582,-0.150758,0.00141509,-0.122635,0.173296,-0.00110704,-0.148806,0.0922034,0.000418843,-0.0243626,-0.186954,-0.144826,0.262683,0.14717,0.0696745,0.100078,-0.0309656,0.0659233,0.0093809,-0.0927192,-0.0215493,-0.138844,-0.129117,-0.34637,-0.0165697,0.0612546,-0.222842,-0.00577866,0.0830449,-0.0465744,-0.145056,-0.203925,0.345033,0.0608439,0.0355809,0.182431,-0.00102829,0.207415,0.0339685,0.213979,-0.105466,-0.0488026,-0.0574436,-0.329196,0.104436,0.068097,-0.119972,-0.0354172,0.215914,0.160389,-0.0367705,-0.0268131,0.0679116,0.299309,-0.364517,0.016274,-0.0637921,0.178167,-0.0470246,-0.0925485,-0.0289017,0.111868,0.0436864,-0.386972,0.0912978,-0.069526,-0.105134,-0.129861,-0.0545699,-0.0093843,0.391135,-0.0118061,0.106517,-0.0359384,0.100984,0.165518,0.0782449,0.291903,0.242741,-0.0797584,-0.0683753,0.10934,-0.358612,-0.139083,0.0784847,0.0670869,
-0.0985046,0.0527834,-0.0694721,0.0515588,-0.0917452,-0.124186,0.0257698,-0.146117,-0.0913982,-0.0693963,0.134458,-0.100536,0.0196875,-0.204223,0.111422,-0.185923,-0.00206011,0.0132402,0.153167,0.0720563,-0.195337,-0.0291013,-0.0307362,0.0320396,-0.132134,0.00141114,0.162487,-0.24008,-0.0278207,0.134947,0.112255,-0.183207,0.0641557,-0.148485,-0.0308905,-0.0684076,-0.0581411,-0.182479,-0.0250448,-0.0671217,-0.0775649,-0.0348518,0.0476983,-0.0948282,0.0194653,-0.143772,-0.0762849,-0.00198595,-0.0281616,-0.0625457,0.145401,0.0694988,0.173689,0.144128,0.222608,-0.034719,0.0501016,0.0047456,-0.120615,-0.0428324,0.0630984,0.174321,-0.171198,-0.0705878,0.189219,0.0194781,0.00904412,0.234065,0.0625681,0.205665,-0.0299829,0.0469409,-0.131253,-0.0658161,-0.275414,0.0330243,-0.00157276,0.128947,0.00438091,-0.11524,0.026641,0.0929153,0.0986325,-0.0242288,0.0489375,0.139343,0.072422,-0.0817753,0.125868,0.198918,-0.123325,0.0583951,-0.0861173,-0.0342502,0.100399,-0.0502723,0.0933112,-0.00272433,-0.0312325,0.0158168,0.0505207,-0.130181,-0.00563798,-0.0309654,-0.0336203,0.028073,-0.0430072,-0.074302,-0.0921983,0.0331025,0.158287,0.031324,0.0419903,0.000525344,-0.0101379,-0.0208247,-0.125147,-0.156963,0.132144,-0.111605,0.0390883,0.0652451,-0.078991,-0.0773485,-0.0763522,-0.10139,0.0832796,-0.0223195,-0.0306188,-0.0116266,0.183214,-0.0808991,-0.0230114,-0.0653272,-0.204234,-0.0190275,0.116329,0.0524428,-0.020779,0.0648905,0.12902,0.0995341,8.64286e-05,0.000889988,0.0803601,0.10915,-0.181429,0.170431,-0.0310848,0.0858047,0.0781828,0.109692,0.199716,-0.245018,-0.024897,0.142348,0.00328881,0.0571387,-0.0604746,-0.0347456,
-0.1625,0.0705018,0.0366713,-0.0205249,-0.00626798,-0.204096,-0.0560362,0.116273,0.108436,0.259978,-0.0577061,-0.10907,-0.116799,-0.0795317,0.017074,-0.0733242,-0.103772,0.0456478,-0.240855,-0.0423286,0.119463,-0.0602352,-0.0190451,0.0082076,-0.128715,-0.00732133,-0.109538,-0.112445,0.0452111,0.116137,0.0290517,-0.0952546,-0.121315,0.203043,-0.092007,-0.0581583,0.0900085,-0.142648,0.00299434,0.0323685,0.0193974,-0.0611053,0.00366169,0.105276,-0.173063,-0.194986,-0.175312,-0.0605095,-0.210277,-0.092918,-0.205111,-0.0679398,0.0551263,-0.230293,0.226938,-0.0816557,-0.059329,0.041018,-0.0121479,0.0229649,-0.0470265,-0.328457,-0.0338623,0.00618992,-0.185054,0.0128591,0.158401,-0.0474915,-0.022,-0.102106,0.0283104,-0.127815,-0.0356557,-0.0488215,-0.0499467,0.192883,-0.089553,0.0857059,0.00646173,-0.167204,-0.142335,0.00715831,-0.0985181,-0.0916514,0.213871,0.126368,-0.113126,0.0514636,-0.0455629,0.133191,0.0349004,0.0289406,0.00487799,0.271659,-0.0445761,0.100622,0.0357765,-0.139902,0.12647,0.266038,0.205783,-0.0207337,-0.0798218,0.0473107,0.093228,-0.0210714,-0.234816,-0.199287,0.101168,-0.143984,-0.182227,-0.0162464,-0.0822976,-0.0279138,0.174506,-0.214548,0.014514,-0.0470361,0.0218088,0.0972509,0.0212708,-0.0669295,-0.00827657,0.0766105,-0.0969676,-0.143735,0.120232,0.034091,0.0493211,-0.147829,-0.10138,-0.0295182,0.00437695,-0.0748272,-0.107036,-0.148167,-0.131992,-0.0917041,-0.0622462,-0.134368,0.00456452,-0.0306151,-0.113309,0.00274684,-0.195606,0.213276,-0.183454,-0.00782936,0.0333038,0.0665014,-0.0475961,0.114793,-0.0582543,-0.00729566,0.0753602,0.0109684,0.172574,-0.130406,-0.0234629,0.0383235,
-0.0400695,-0.137186,-0.0606059,0.0033976,0.0185304,-0.311994,-0.104742,0.0972453,0.0324417,0.274092,0.0317661,0.0439032,0.0632713,-0.263051,0.0918307,-0.149063,-0.0809288,-0.121755,-0.208257,0.122153,-0.119438,0.0931791,-0.128224,0.158705,0.0919772,0.0602591,-0.090438,0.0495421,-0.00472508,-0.0778299,0.0669995,-0.011303,-0.0422896,-0.0262091,-0.221506,0.181783,0.110346,0.17236,-0.0569715,0.0845755,-0.00897129,-0.192094,-0.188307,0.0764467,0.0438263,0.0468345,0.0577744,-0.102728,0.153611,0.00570591,0.0143771,-0.201737,0.138803,-0.0169331,-0.0128946,0.00275026,0.0454662,0.0527331,-0.0480301,-0.230959,-0.0192032,-0.191527,0.180475,-0.0809394,0.019108,-0.120652,-0.178377,-0.0767736,-0.0352757,0.117116,-0.162695,-0.00246987,-0.0871254,0.0443656,0.00290872,-0.0497818,0.31749,0.054926,-0.207292,-0.138277,0.0934895,-0.119846,0.15021,-0.30957,-0.160261,0.246893,0.202255,-0.0944536,-0.0430969,0.16925,0.171188,0.0665435,-0.0229165,0.128118,-0.0950077,0.0197757,0.0502097,-0.0903916,0.0230615,-0.140705,-0.0529505,0.000939987,-0.0688363,-0.213575,0.079187,-0.00313754,-0.0527694,0.0443755,0.14371,0.0998277,-0.223693,-0.0962732,0.00374815,0.0297287,-0.0801406,-0.19409,-0.184113,-0.145268,0.217734,0.0754576,-0.089155,-0.0705525,-0.210734,-0.149181,0.121192,0.144743,-0.0110016,0.0665054,-0.0220587,0.0666432,0.0945419,0.168409,-0.0872755,-0.171092,0.183519,-0.0428908,0.0424457,0.277511,-0.196764,-0.104664,-0.138696,-0.229655,-0.0312905,0.00709971,-0.0697243,-0.0567089,-0.16787,0.108346,0.0484829,-0.127691,0.0529761,0.0543291,0.129264,-0.0658093,0.209332,-0.177421,-0.0940004,-0.00784022,0.104271,-0.102513,
-0.232151,-0.0543282,0.0644345,-0.0892747,0.0460411,0.025034,-0.0225502,0.034886,0.0268717,0.07172,-0.0706886,0.185965,-0.0116614,-0.116714,0.164343,-0.248428,-0.289325,0.0681729,-0.0105262,0.0202986,-0.0223704,-0.107611,0.0566138,0.0997619,-0.0188913,0.108108,0.0202931,0.0762221,-0.0760011,0.072905,-0.00941139,0.0649722,-0.0876775,0.057022,0.0509768,-0.18286,-0.0182303,-0.15868,0.00724773,0.0769946,-0.00620774,0.0149111,0.0964376,-0.0929964,-0.0504241,0.0403522,0.0340785,0.0227197,-0.0189714,0.0424892,0.0796557,-0.155151,-0.108815,-0.137178,-0.127665,-0.0491758,0.0221255,0.170153,-0.0392779,0.203749,-0.0177629,-0.0610443,0.0645262,0.095325,0.0546719,0.000831686,0.032531,-0.00196152,-0.0481413,0.14072,0.0889671,0.0982587,0.0550231,-0.0847257,-0.0152296,0.310496,-0.0914414,-0.00063632,-0.0379206,-0.18364,0.0102546,-0.0940041,-0.0668116,0.191341,0.0833806,0.271123,0.271273,-0.0417081,0.0244197,-0.0648028,-0.114727,0.200554,-0.0409575,0.0364162,0.0790205,-0.0962422,-0.198268,0.243099,0.0950322,-0.034893,-0.143638,0.169312,-0.0343437,0.186379,0.0504743,0.0844525,-0.109543,0.00322109,0.00193717,0.13035,-0.0804126,0.0293001,0.0274639,-0.100306,0.00230365,-0.0437531,-0.261046,0.104557,0.0116784,0.0503573,-0.165318,-0.0176078,-0.0825148,0.0499813,-0.193024,-0.219644,-0.0385809,-0.149581,0.0775243,0.104696,-0.114218,0.108595,0.0318427,-0.0216958,0.127412,-0.143656,-0.0950838,-0.121906,-0.128308,0.17412,0.108555,0.0802997,0.00552275,-0.0463058,-0.0659337,-0.0709311,0.0766044,-0.1324,-0.0280029,0.130096,0.0763461,0.0891354,-0.16905,-0.00189392,-0.145892,-0.0642731,0.0516659,-0.336866,0.0176319,0.0104253,
-0.0461403,-0.0858822,0.0602069,-0.0723581,-0.0966671,-0.0470465,-0.0766199,0.131351,0.0581674,0.156733,-0.0389151,-0.021805,0.0270021,-0.122673,-0.1212,0.00348019,-0.0081391,-0.0775727,-0.1193,0.101823,-0.124076,0.0445712,0.0520104,0.0503766,-0.0287394,-0.0342491,0.0176589,0.225216,0.119622,0.0412104,0.107782,-0.0420921,0.157414,0.0106053,0.0131059,-0.12769,0.0310702,0.181037,0.0443656,-0.00289131,0.183398,0.111869,-0.193007,0.182374,-0.0284459,-0.0653393,-0.0240367,-0.00756942,-0.0726137,-0.147879,0.126977,-0.00690717,-0.188346,0.041627,-0.154449,-0.0552287,-0.0213573,0.0853807,-0.0828258,0.0907573,0.132842,-0.0152171,-0.0537545,-0.0592792,-0.186531,0.117091,0.126185,-0.0476164,0.0697523,0.0653742,-0.193496,0.0130755,-0.244643,0.198405,0.0545016,0.294965,0.0156414,0.264832,0.242429,-0.0924162,0.00694123,-0.0553557,0.160101,-0.25266,-0.100552,-0.165152,-0.0189931,-0.213496,-0.0988423,0.0509012,0.0251379,-0.124,-0.0707937,-0.239961,0.00317013,0.0339716,-0.113817,-0.0219308,-0.0916025,-0.0343412,-0.13089,0.161481,0.166274,-0.0328086,-0.0398885,0.146109,0.0116545,0.100109,-0.0229415,-0.0610659,-0.061858,-0.0544779,-0.0230235,-0.0350651,-0.0414231,-0.178074,-0.133745,-0.0574486,0.0355795,-0.144134,0.111418,-0.102717,-0.0772073,-0.147759,-0.153889,0.0024273,0.0822603,-0.0893422,-0.0331195,0.288188,0.21577,-0.0320098,-0.139364,0.184835,0.0118367,0.085253,0.0918972,0.109829,0.0796467,-0.0486189,0.128831,0.0926096,-0.0486563,0.111162,0.0756417,-0.0588628,0.102367,-0.170159,-0.0832641,0.050818,0.0987006,0.0123826,0.0103918,-0.0666299,0.157427,-0.149611,0.11594,-0.00966967,0.047515,-0.136053,
-0.0745457,0.0977533,0.216648,-0.143044,-0.322401,-0.585507,-0.0267391,0.140487,-0.119232,-0.0090181,-0.20142,-0.0367316,-0.315448,0.00511401,0.168255,-0.0597628,0.23764,0.0125445,0.0775788,0.307076,0.0730997,0.0619203,0.0539328,0.0935889,-0.30464,-0.637461,0.144411,0.00537419,-0.231579,0.155222,-0.0807764,0.0670751,-0.206643,-0.242384,-0.0443028,-0.100334,-0.0755443,-0.0524917,0.0746719,-0.146978,0.0278686,0.416814,-0.0672592,-0.0701697,-0.106284,-0.391486,0.0815348,0.276279,-0.145018,-0.0511242,-0.256986,-0.0471278,-0.0467166,-0.122613,-0.107307,0.233479,-0.096223,-0.188467,0.0434033,0.00630867,0.0253903,0.0684833,-0.123326,-0.0886163,-0.209833,-0.155878,0.112954,-0.0193078,-0.109909,0.116861,0.106757,-0.0643591,-0.119665,0.0874136,0.0165306,0.155832,0.0651431,-0.155611,-0.0845946,-0.143107,0.0107533,0.106956,0.153167,0.0697041,-0.18009,-0.280389,0.110285,0.0582651,-0.0921674,0.0612561,0.0798311,-0.209428,-0.198742,-0.0590625,0.266274,-0.110053,0.0287454,0.157128,0.0286583,0.126926,0.0037468,0.0845601,0.260034,0.0233177,0.0146934,-0.180127,0.206426,0.0638726,0.0527443,-0.2986,-0.108967,0.0445657,0.154618,0.00793045,0.0288079,-0.0157609,-0.143259,-0.0324294,0.0754642,-0.0633302,-0.193037,0.141347,0.173377,0.157495,-0.0318236,-0.00932825,0.0136655,-0.195559,-0.344097,0.0319422,0.0401744,-0.245914,0.210828,-0.0284721,-0.0582259,0.0521482,-0.101334,-0.110938,0.12032,-0.0298492,-0.299805,-0.119119,0.0806944,0.278979,0.0521021,0.172644,-0.205511,-0.0712575,-0.107144,-0.0567364,-0.124103,0.120144,-0.0715255,0.0276524,-0.0810987,0.0704108,-0.0403569,-0.0710199,-0.0185009,0.0384845,
0.021222,0.0510565,-0.128228,0.0388353,0.064683,-0.518276,-0.0398628,0.11805,-0.0589144,-0.0277149,-0.134289,-0.305431,-0.0636063,0.18666,0.0447227,0.173644,0.0447737,-0.0488204,-0.015413,0.0305187,0.181179,0.00958061,-0.132082,0.0268064,-0.142246,-0.266973,0.126437,0.0464821,-0.0205525,-0.000799919,0.0144612,0.109674,-0.212351,0.111139,-0.0571105,-0.00365132,-0.103159,-0.118922,0.0349797,0.123117,-0.0443611,0.144231,-0.0226623,0.0583583,-0.208638,-0.0691673,0.268375,0.0710357,-0.168633,-0.0112216,0.289095,-0.074434,-0.0103548,-0.147948,0.0592893,0.0506017,-0.210099,-0.0364067,0.0917942,0.0496445,0.202438,0.0883066,-0.115984,0.0713955,0.128723,-0.082996,0.191229,0.0087289,-0.0243455,-0.112972,-0.147017,-0.0925946,-0.138551,0.182226,0.102973,0.209497,0.102891,0.0580959,-0.129778,0.0104988,0.125708,0.0489929,0.157162,-0.101633,0.0349304,0.0202503,0.140995,0.151577,-0.168521,-0.149129,0.0650567,-0.316736,0.0220651,-0.0131329,-0.0607779,-0.0207148,0.239743,-0.181335,0.0267997,-0.0879591,-0.015328,-0.25264,0.164346,-0.0752416,-0.160187,-0.0170103,0.0639877,0.107748,-0.188576,0.0241551,-0.149187,0.0537479,0.117907,0.163666,-0.219176,0.150083,0.0606567,-0.0925619,0.0665665,0.0168945,0.0346174,-0.0197762,0.0513187,0.0326452,0.0960408,0.0083214,0.0283068,-0.0501825,-0.149054,-0.0676643,-0.0872672,-0.0997833,-0.0824262,0.134278,-0.019417,0.0836227,0.239056,0.0374446,0.0537412,0.0122851,-0.0990679,-0.0124569,-0.181723,0.0285334,0.00283947,0.200511,-0.121188,-0.139273,-0.0897605,-0.0565793,-0.0641348,0.167154,0.0104534,0.028467,0.19043,0.0556846,-0.0475736,-0.156376,-0.210756,0.0245409,
0.213407,0.0132277,-0.0014545,0.0294902,-0.0309734,-0.293227,0.0848588,0.236269,-0.0870325,0.0904554,0.152455,-0.264573,-0.428859,-0.0388795,-0.00598134,-0.0790628,-0.0331255,0.0346926,-0.130006,-0.159582,0.269676,-0.0524289,-0.0068918,-0.0439787,-0.258025,-0.516874,0.192187,0.151541,-0.180491,-0.148425,-0.0299448,-0.0265991,-0.311549,0.111524,0.166396,-0.00428123,0.223497,0.413368,0.104622,-0.0859866,0.171647,0.10172,0.0372649,-0.182903,-0.0148736,-0.389175,0.195721,-0.089715,0.125543,-0.0843346,0.00577355,-0.291237,-0.0503614,-0.00194493,0.00314319,0.0374988,0.259868,0.408976,-0.0916041,0.484221,0.132269,-0.0639426,0.274908,-0.0445333,-0.0792876,-0.241511,0.164941,0.0316905,-0.10937,0.0334061,0.103463,-0.139233,-0.13506,-0.125593,-0.206132,-0.128534,0.0542826,0.417005,-0.0562601,0.0586337,0.23785,-0.0486483,0.186981,0.0152038,0.0110792,-0.214616,0.125514,-0.0190921,-0.0123968,0.00171013,-0.0307062,-0.15839,-0.0483765,0.132275,-0.2157,0.0413826,0.229516,0.340312,0.191507,0.0589474,0.0216994,-0.17136,-0.0249777,-0.127888,-0.16549,-0.370153,0.0254053,-0.112266,-0.226542,-0.0479748,-0.211467,0.0527313,-0.0834244,-0.0895687,-0.100695,-0.115007,0.237773,0.133729,-0.189991,0.0221463,-0.147302,-0.0601445,-0.180606,-0.0416439,2.66916e-06,-0.155138,0.156765,-0.0138818,0.086374,0.21616,0.0488343,0.00494991,-0.209924,0.0292074,0.149651,-0.0109642,0.310607,0.249831,0.136936,-0.152633,-0.174169,-0.114074,-0.0714217,0.0284184,0.169832,-0.127458,-0.0715058,-0.409621,-0.170453,-0.117255,-0.189588,0.0373023,-0.0727849,-0.0815572,-0.0627545,0.0120112,0.389685,0.103725,0.0584118,-0.109912,
0.0625777,-0.0353502,-0.113063,0.0247741,-0.154972,0.183991,0.105902,-0.15016,-0.13112,0.01591,-0.1837,0.0770821,-0.121369,-0.0309167,-0.0618945,-0.121033,0.0102279,-0.0567856,0.0872706,-0.11587,-0.21945,-0.19656,0.112748,-0.144393,0.134731,0.168391,0.0522455,0.317788,-0.0243208,0.12066,0.0549979,0.0849222,-0.127912,0.118096,-0.027622,-0.0621456,0.118997,-0.100152,-0.0578539,-0.0385338,0.0993565,-0.0947224,-0.224341,-0.015341,-0.016876,0.223621,-0.055664,-0.0236184,0.0864267,-0.048981,-0.030114,0.0215931,0.127752,0.0794504,0.178262,-0.0933412,0.126136,-0.14083,-0.0142546,-0.0503209,-0.0365239,-0.00630646,0.229873,0.00897681,-0.168225,-0.00743421,0.0568772,0.18657,-0.0856669,0.0274947,0.036448,0.0671807,-0.0633929,-0.153597,0.0402168,-0.0235135,-0.0357604,-0.0880453,0.0784156,0.0971614,-0.180527,0.0869458,0.0930196,0.170931,0.0392447,-0.0509553,-0.105407,-0.180112,-0.175618,-0.068395,0.157445,-0.100618,0.0919549,-0.114433,0.112469,-0.139673,0.0429617,0.058452,0.182927,0.044299,0.00659002,0.0521382,0.0523341,-0.0981598,0.0140748,-0.189561,-0.139072,0.00136109,-0.0571795,0.000992958,0.211544,-0.0608358,-0.105173,0.0256702,0.209127,-0.0344168,0.0697129,0.148426,0.0659968,0.202626,0.0354162,-0.142537,-0.0480812,-0.0667044,0.0422627,-0.240993,-0.0196338,-0.0497016,-0.0950341,-0.0844979,0.100408,-0.149165,-0.0846152,0.130421,0.0538689,-0.00593896,0.0383499,-0.139008,0.0694864,0.0376002,0.0207341,0.260854,-0.112445,0.0408328,-0.0755498,-0.0858626,-0.0596089,-0.0045728,-0.110018,0.240317,0.0136912,0.0643014,-0.00246321,0.0238638,-0.230192,0.0267821,0.167563,0.210886,-0.21887,-0.138734,
-0.0817115,0.0714789,0.124336,-0.0807173,-0.0339303,0.0275945,0.118418,-0.0812272,-0.0459172,0.111795,-0.0453598,-0.0656383,0.179931,0.194205,-0.00957686,0.0129176,0.0645762,0.0466978,0.0301455,0.0386308,-0.0723094,-0.318303,0.0133254,-0.0850743,0.140637,0.0815484,-0.0230758,-0.269631,0.0620881,0.102799,-0.0693694,0.177557,0.0962692,0.189187,0.0410222,0.0659036,-0.000698555,-0.0429529,-0.0394597,0.123711,-0.0544295,-0.0788739,0.130229,-0.0338549,-0.054126,0.035234,-0.200913,0.103725,0.0558953,-0.0338506,-0.0795346,-0.0796604,-0.033591,0.209674,-0.0444974,-0.32388,-0.00552713,0.0484502,-0.00615659,-0.0741335,-0.0312236,-0.0175129,0.2678,0.0097466,-0.0266637,-0.155351,0.0837241,-0.000261201,0.0209606,0.0382643,-0.098906,-0.0164518,-0.228942,0.0730383,0.0483444,-0.0157659,-0.360286,-0.10083,0.165582,-0.0508078,-0.344462,0.0143535,-0.156983,0.0709836,-0.0821464,-0.10291,-0.0988577,0.00579016,-0.00920652,0.0288087,0.168148,-0.143255,-0.0117722,-0.0439939,0.308025,0.180991,-0.0867097,-0.0994962,-0.0332275,0.0552316,-0.0539424,0.051769,0.0522479,-0.124392,-0.076459,0.0479235,-0.105141,-0.183439,0.0779659,0.0711875,0.0246284,-0.0199391,-0.214104,0.0142918,-0.115245,0.196494,-0.123763,0.000340126,0.00975932,0.068052,-0.0758338,-0.19935,0.018858,0.179184,-0.279055,-0.00614632,-0.112484,-0.136138,-0.0277188,-0.0263831,0.120102,0.315501,-0.0619958,-0.0116335,-0.0803763,-0.111892,-0.13864,-0.00925883,0.0754552,-0.133669,-0.0756274,-0.192165,-0.0661449,-0.0584388,0.026303,0.0726553,-0.0303315,0.457751,-0.0197686,0.04772,0.0979572,0.000306717,-0.101434,-0.0365118,0.137214,-0.0853806,-0.188315,0.0486587,-0.178014,-0.036148,
0.00548077,-0.181816,5.89276e-05,0.0315503,0.173299,-0.0843695,-0.0955916,0.0983844,-0.0168871,0.0794875,0.177177,0.0273878,0.0617925,0.000881572,-0.00284399,-0.143202,-0.144541,-0.0557105,0.0437244,-0.0196688,-0.01608,0.156886,-0.020286,0.0802173,0.0234786,-0.232858,-0.079581,-0.077227,-0.0831413,-0.0494721,-0.104848,-0.14557,0.128661,-0.0547895,0.148114,-0.175524,0.062954,-0.0313082,0.122237,0.305778,0.133683,-0.0109232,-0.134128,-0.361213,0.0540201,0.000436916,0.194399,-0.0974787,0.0709792,0.151912,0.115819,-0.138266,0.0552218,0.194008,-0.0982421,-0.140973,-0.237511,0.100641,-0.236943,-0.0404619,0.0629786,0.0198021,-0.141158,-0.106634,-0.0471281,0.00708454,-0.0527516,-0.0143744,0.0480622,-0.0650774,0.0627542,0.003619,-0.0858023,0.0706948,0.178255,-0.0387598,-0.0823986,0.0359959,-0.0978482,0.123843,-0.119964,0.0749431,-0.00229466,-0.173347,0.00576507,-0.0291477,0.119156,0.126851,0.0882178,0.153733,-0.0755437,0.00559425,-0.00899281,0.197622,-0.113413,0.0346007,-0.0202665,-0.00276169,0.0901762,0.0154289,-0.0772707,0.0721611,0.0433558,-0.011083,-0.0919198,0.143716,-0.0118733,-0.205058,0.0827391,0.0323154,0.0434177,-0.0253092,0.22014,-0.168754,-0.0648014,-0.168072,-0.00163989,0.0631779,0.110649,0.0433155,0.0170862,-0.20787,0.0487701,-0.0346731,-0.0456299,-0.0800647,-0.02473,-0.0978234,-0.0171373,0.0467283,0.0586889,0.101479,-0.0342893,-0.110249,-0.12143,0.016338,0.00179077,0.20608,0.100399,0.0388265,-0.112313,0.129433,-0.117371,0.0691881,0.101474,0.0719376,-0.142456,0.181995,-0.10031,-0.00177345,0.0442116,0.0881609,0.0538461,-0.0922815,-0.0654022,-0.0994567,-0.0126339,0.0243702,0.185709,0.0853744,
0.24333,0.189674,-0.0105461,-0.264516,-0.391384,-0.991981,0.48115,0.158241,-0.216268,0.0622703,0.00732551,-0.32536,-0.481687,0.184861,0.0470325,0.193827,-0.018407,0.628552,0.0690905,0.00165595,0.00735775,0.230356,0.0973938,-0.305028,-0.544214,-0.99541,0.251179,0.286076,-0.27053,0.220983,0.205126,-0.174004,-0.130189,0.00738317,-0.029975,-0.0574925,0.0110959,0.559072,0.231274,-0.00525966,0.171065,0.2165,0.193744,-0.130755,-0.338202,-1.08121,0.362179,0.26946,-0.170606,0.0829797,-0.0799874,-0.090127,-0.29359,-0.0548138,-0.126421,-0.0748685,0.0205397,0.670609,0.208322,0.092846,-0.0491969,0.021992,-0.0666184,-0.155647,-0.584625,-0.831808,0.415811,0.139998,-0.143818,-0.0584692,-0.048334,0.0977759,-0.0221028,0.00316966,0.0253187,0.147445,0.226788,0.178241,0.124396,-0.04593,-0.0637618,0.216632,0.110867,-0.0787499,-0.249992,-0.563345,0.469154,0.120052,-0.0876957,0.131694,-0.0108596,0.00510439,-0.0237762,-0.16673,-0.0536738,-0.0467119,0.0312771,0.517947,0.189029,0.0421071,-0.172997,-0.0494947,0.0818002,-0.198892,-0.148286,-0.314387,0.308449,-0.240085,-0.0160143,0.142904,0.0831628,0.307984,-0.0659437,0.0378205,0.0187822,0.0751824,0.0964917,0.477399,0.0619942,-0.016193,-0.259229,-0.0198819,0.00216272,0.038262,-0.0989856,-0.235552,0.315538,-0.221749,-0.109533,0.304935,-0.084363,0.416783,-0.13268,0.0720773,-0.0565286,-0.162593,0.137359,0.303289,-0.0689606,-0.0381228,-0.217417,-0.173642,-0.0949539,0.0949769,-0.0714174,0.0730757,0.107663,-0.0648485,-0.127871,0.144338,0.0429967,0.494545,0.204152,-0.004157,-0.09647,0.0328634,0.382696,0.404545,-0.0706173,0.131769,
-0.074166,-0.0113623,-0.0365594,0.124971,-0.177753,0.0213787,0.0856998,-0.101529,-0.0296085,0.0281021,0.0299393,0.029901,0.0915941,-0.0238438,0.214103,-0.137269,-0.140422,-0.248542,0.0780154,-0.0128073,0.210859,-0.102408,-0.0114253,0.00535008,0.0371775,0.150702,-0.128105,0.0106954,-0.19888,0.0223715,0.0708562,-0.0382405,0.0591245,0.157483,-0.110235,-0.179478,0.0364845,-0.144522,0.119987,0.067316,-0.0984475,0.0800045,-0.00446405,0.139583,-0.0113274,-0.131966,-0.146775,0.0623524,0.15657,-0.261992,0.0297403,-0.128874,-0.176201,-0.124476,-0.0811774,-0.142423,0.013412,0.144328,-0.0759313,0.128414,0.0395736,-0.137522,-0.135379,-0.0536076,-0.00716564,0.103905,-0.0429353,0.0369067,-0.104022,0.20077,-0.0754256,0.0701958,-0.0855036,-0.193846,0.145438,-0.131257,0.137553,-0.0715783,-0.18268,-0.102823,-0.0713656,-0.310274,0.00093347,0.213386,-0.0525656,-0.171827,0.0115725,-0.0718094,0.287597,-0.367056,-0.204033,0.181502,0.0622261,-0.0819321,-0.130052,-0.192276,-0.253102,0.0507791,0.194343,0.0903105,-0.170746,-0.118855,0.114958,-0.00848795,0.124379,0.0979022,-0.0937697,-0.0512529,-0.241495,0.352578,-0.0162502,0.0864736,-0.0019626,-0.0898406,0.031531,0.0245629,0.0573874,-0.0111953,-0.0722694,0.0577766,0.000991692,-0.0786652,-0.00441895,-0.0920988,-0.147005,-0.0766095,-0.169209,0.0290625,0.113488,-0.290106,-0.00570238,-0.228891,-0.137752,0.189433,0.0132546,0.00291547,0.0125008,-0.0769741,0.219488,0.120395,-0.234753,-0.121693,0.0953899,0.0231041,0.0408609,-0.0625968,0.0189032,-0.256003,0.0402547,-0.0383201,0.0204522,0.15379,-0.0485366,-0.0838476,0.00579757,-0.170511,-0.00555569,0.0114999,-0.0330993,-0.118037,
0.174774,0.128066,0.0505563,-0.0242025,-0.218056,-0.216963,-0.00338326,0.121469,-0.12844,-0.0476032,0.0545895,0.0300743,0.0126424,-0.129508,0.0379507,-0.119166,-0.0791739,-0.0406949,0.123397,0.0350465,0.0727866,0.220526,-0.123226,0.147589,-0.0165817,-0.379819,0.0712288,0.0884162,-0.0592005,0.0171714,-0.0256488,0.250633,-0.0475793,0.113037,-0.0894347,0.0563505,-0.0690956,0.0361657,-0.0457247,0.0488367,0.0424623,-0.242877,-0.0887584,-0.0615563,0.0409576,-0.284415,-0.101745,0.230603,-0.03993,0.0421023,-0.00271108,-0.0322817,-0.0562387,-0.0756999,0.0372138,-0.0334373,0.0620163,-0.0474367,0.119019,-0.0408233,0.186758,0.177202,0.0181596,-0.0023825,0.0531973,-0.31155,0.107263,0.196452,0.0538147,0.121531,-0.190194,0.088817,-0.037081,0.0129452,0.0632546,0.111582,0.114736,-0.0458576,0.0853389,0.101969,-0.105682,0.0397223,-0.22048,-0.0235315,0.00302211,0.0257137,0.0245404,0.217458,-0.0367926,0.0544284,0.0677328,0.0935709,-0.0159759,-0.160773,0.0893175,0.196739,-0.109893,-0.0577188,0.0625879,0.0503763,0.0320952,0.0445766,-0.149771,-0.0946832,0.0980862,-0.0694297,0.0724274,0.0973592,-0.0600398,0.00644641,0.0632247,0.308732,0.109647,0.165627,0.0129362,0.128556,0.23513,0.219602,-0.0883032,0.0128037,-0.0860036,-0.0221126,-0.0366867,0.0605859,-0.0381645,0.235502,-0.0694384,0.0680086,-0.126133,-0.00100208,-0.0867596,-0.116386,-0.00984036,0.091794,-0.103854,0.0692039,-0.0396535,-0.120093,-0.0614561,0.151765,-0.197005,-0.018151,0.0437017,-0.246461,-0.159823,-0.0371457,0.154283,-0.0678881,0.0384846,0.0584277,-0.0831018,-0.065853,0.117305,0.00261514,-0.00728675,-0.235932,-0.0240433,-0.0399727,0.307273,0.187177,
0.0069452,0.0137104,0.137288,-0.115249,0.0628397,0.0590296,-0.0303013,-0.113075,0.00527184,-0.190058,-0.0719704,-0.142208,0.0557311,-0.33289,-0.0439887,-0.147417,0.05356,0.250181,-0.086948,-0.0701608,0.227709,-0.0188803,0.00943867,-0.155484,0.010291,-0.0111648,-0.0533212,-0.0112366,0.252425,0.0605197,0.0608636,-0.0746657,-0.158936,-0.0916607,0.0302857,-0.0216325,0.0329304,-0.0767954,-0.0677227,-0.004347,0.0436861,-0.0280215,0.145957,0.129017,0.108547,-0.0402031,-0.050082,-0.212986,-7.74435e-05,0.140224,0.000690862,-0.357823,-0.155594,0.147675,0.0917054,-0.0495698,-0.00196686,-0.0860731,0.0978863,0.00841461,-0.0261786,-0.00121741,0.00627624,-0.0371578,-0.14182,-0.00937922,0.0823144,-0.0538794,-0.0169718,0.0523144,-0.141165,-0.119596,-0.0849343,0.111185,0.00895234,0.0515645,0.115313,0.0232238,-0.0444645,-0.0815927,0.105283,-0.0150567,0.0606634,-0.0172592,0.019993,0.00296376,-0.105043,0.0507773,0.0706178,0.0573575,-0.0215717,-0.00179116,-0.233829,-0.120615,-0.00230286,0.0274125,-0.114955,-0.0708995,-0.0789998,-0.0378335,0.204505,0.0575584,0.128231,-0.272983,-0.0955338,-0.0983452,-0.086961,0.0392333,-0.0660335,-0.0206661,-0.227055,-0.27384,-0.0892452,0.0171451,-0.068129,0.00447022,-0.189344,0.277145,0.064918,-0.0729109,-0.0315848,0.0491533,0.199041,-0.0488215,-0.0736817,-0.0150395,-0.0863152,-0.102316,0.0329734,0.0824535,0.101203,-0.00805666,-0.0133922,-0.00771603,-0.108416,-0.160147,-0.119103,0.00804616,0.0729964,0.0395255,0.0111263,-0.102455,-0.0621138,0.0495427,-0.259288,-0.10954,0.0213587,-0.156573,-0.0665651,0.14437,-0.159077,-0.193271,-0.126755,0.112877,0.0603439,-0.0246018,-0.141125,-0.030628,-0.0466718,-0.051,
-0.106521,0.0220382,-0.101489,0.119776,0.163273,0.126024,-0.0735072,-0.000156415,-0.0784193,0.068167,-0.21823,-0.152953,0.109462,0.106596,0.129013,-0.0939544,0.280345,-0.298585,-0.0908528,0.0318389,-0.108911,0.0155325,0.149561,0.0899972,0.00873948,-0.00112959,0.0347322,0.0747925,0.0652921,0.18288,0.160471,0.0872497,-0.0372591,-0.0115228,0.104681,0.0765298,0.0431612,-0.137267,0.0138366,-0.12325,0.175229,-0.0600294,-0.104384,0.106423,-0.122463,0.0271566,-0.031216,0.0658202,-0.0687581,0.00475055,-0.0406166,0.036863,-0.0284001,-0.0971006,0.0975048,-0.145316,0.248197,-0.25785,-0.014727,0.168715,-0.138796,-0.0416545,-0.0583149,0.0231549,0.0701605,0.20197,-0.0911698,0.0897702,-0.0607135,0.0346628,-0.112137,0.105434,-0.0342067,0.224678,-0.0318997,-0.107486,0.305401,-0.0852675,-0.144925,-0.0466458,0.0528644,-0.0235303,-0.0384061,-0.0629701,0.0394824,0.125978,0.134153,0.0403783,-0.0418451,0.116433,-0.129213,-0.0106693,0.0391651,-0.103496,0.0412704,-0.130235,0.142326,0.0241197,-0.048171,-0.112429,-0.203058,0.0335584,0.0254904,-0.0370076,0.189453,0.00463444,-0.0346393,0.100776,0.180669,0.172555,0.0594126,0.0553788,0.0875988,-0.00471512,-0.0959303,0.045507,0.420639,-0.00409912,-0.0960143,0.272065,-0.175806,0.0201331,-0.0559899,0.00955435,0.0141894,-0.052834,-0.0605195,0.105126,0.0465636,0.0695939,-0.245994,-0.10612,0.0278714,0.0412494,-0.0703956,-0.0399216,0.152439,0.0642318,-0.0198929,-0.292518,0.0233123,-0.014944,-0.032439,-0.132354,-0.0223078,0.030992,-0.287378,0.191409,-0.0372544,-0.0103636,0.130835,-0.0176095,-0.189514,-0.0378667,0.0361272,-0.138978,0.138557,0.167184,0.171769,0.0215045,
-0.0575631,-0.0386026,0.00654267,0.0481126,-0.0660984,-0.221514,0.0235137,0.152779,-0.123044,0.059268,0.0590029,-0.316785,-0.00836514,-0.0241833,-0.163009,-0.0270943,0.0323426,0.0264002,-0.18171,0.0595207,-0.0940784,0.209113,0.0121098,-0.102385,-0.056662,-0.217329,0.0127445,0.0424516,-0.256662,-0.0497504,0.0327302,-0.0620214,0.0720294,0.0621996,0.0883304,-0.124025,0.0538642,0.017827,0.324506,-0.105238,0.0571214,-0.0541139,-0.134916,-0.071477,-0.173694,-0.290981,-0.0146762,0.0847423,0.0609203,0.108544,0.127897,-0.047294,-0.0971867,0.0697758,0.023317,0.0626528,0.234568,0.346449,0.0664684,-0.0250063,-0.0186192,-0.12243,-0.196753,-0.0328177,0.0542097,-0.0706978,-0.0252797,0.11483,0.106729,0.0258773,0.0645328,-0.192111,-0.156368,0.0996522,-0.0336923,0.172504,0.0264257,0.346637,0.0740718,0.106314,0.0709333,-0.079512,0.00379582,-0.121606,-0.241108,-0.0663452,0.0637077,-0.129037,0.0194588,0.0964391,-0.176518,-0.164663,-0.0596425,0.0427053,0.111493,0.00854987,-0.104134,0.238664,0.0383394,-0.103764,0.0120629,0.0193917,-0.0441873,0.068418,-0.185049,-0.165434,-0.00846415,-0.146994,0.202316,-0.0482788,-0.0189438,0.15109,-0.0634564,0.195654,-0.012691,-0.249178,-0.0448344,0.297738,0.00229142,0.0394174,-0.171263,-0.0835012,0.12451,-0.0481164,0.0478697,-0.0693551,0.000850524,-0.0034483,0.169071,-0.0620764,0.0489636,0.197046,0.0578562,-0.0901118,0.0558245,-0.174304,0.13273,-0.0853564,-0.0245919,-0.132887,-0.0799043,-0.00402051,0.122773,0.0326781,-0.0325325,-0.120062,0.245407,-0.114977,-0.074236,-0.14354,0.0823299,-0.00384898,0.157224,0.0346095,-0.189462,-0.0130753,0.310147,-0.12949,0.122978,0.13905,
0.0754707,-0.186515,-0.14516,-0.143961,0.159147,-0.23993,0.0963945,-0.00392807,-0.309724,-0.0792913,-0.0686016,-0.0912857,0.0276506,-0.228275,0.112048,-0.0680747,0.108725,-0.0589621,-0.00983514,0.0862877,0.0409169,-0.043925,-0.0348985,-0.0294061,-0.0953124,0.0602315,0.00726739,-0.0343178,0.0727216,0.134465,0.0312415,-0.0249211,0.101167,0.190244,0.172021,-0.0884877,-0.065708,-0.0984591,-0.0112736,-0.105208,0.00247681,0.0320261,0.142796,-0.0354966,0.0953664,0.0754162,-0.0282989,-0.0332928,0.141593,-0.0797143,0.156443,-0.00946369,-0.0825698,0.119689,0.142054,-0.0194142,-0.158641,0.12689,-0.246194,-0.181433,0.00903303,0.0450587,-0.192865,-0.0918877,-0.0931091,-0.0302647,-0.0132413,-0.0136061,0.0464631,-0.05675,-0.0701127,-0.116846,-0.0359222,-0.102406,-0.238708,0.0646587,-0.127289,-0.105875,-0.00245752,0.0396259,0.114461,-0.126004,0.109476,0.0907943,-0.059742,0.0389257,0.074746,0.0288235,0.118021,-0.0728712,0.248483,0.00295918,-0.0254352,0.155273,0.236302,-0.150872,0.0284309,0.137284,0.0733169,-0.008133,0.128454,-0.0292592,-0.0292614,-0.0979749,-0.11282,0.124933,-0.166995,-0.147898,0.0982799,0.0437572,-0.0333809,-0.152937,0.0817068,0.142655,-0.00610951,-0.197907,0.172327,-0.0112979,0.114066,0.166498,-0.0867281,-0.0493601,-0.0349383,-0.102793,-0.0870357,-0.282118,0.138783,0.00656569,0.0118771,0.199216,-0.0574105,-0.0261155,-0.205164,0.0348071,-0.250778,-0.00960791,0.0446534,0.194891,-0.00984993,0.0239557,-0.217008,-0.0307251,-0.159902,-0.137758,0.10381,0.112014,-0.131154,0.0147844,-0.0784814,0.131893,0.111129,0.0613664,0.0746678,0.151595,-0.042414,0.141276,-0.152118,-0.130092,-0.0229586,-0.134775,
0.0209004,0.0944793,-0.25144,-0.00431964,-0.213982,-0.16443,0.0763333,-0.176509,0.154385,-0.165193,-0.0531363,0.00873266,-0.134022,-0.144043,0.0347277,-0.294871,-0.00249058,-0.00764807,-0.0486654,0.0427894,-0.0385417,0.0673115,-0.0300872,-0.0440526,0.048343,-0.0596531,0.119239,-0.164155,0.114613,-0.160663,-0.0128879,-0.0728201,-0.158736,-0.00972843,0.0598428,0.011081,0.147162,-0.0135461,0.0392054,-0.041697,-0.0140461,0.139096,-0.141691,-0.0517986,-0.022664,-0.0542984,-0.139366,-0.181899,-0.153066,0.169465,0.225511,0.200055,-0.205527,0.0285487,0.0428578,-0.073239,-0.0241135,-0.189009,-0.00458383,0.0150363,0.0705468,0.237377,-0.0888487,0.00579886,-0.188407,0.0183847,0.0976042,-0.0346856,-0.111871,-0.0361645,-0.063359,-0.120301,-0.099244,0.0318657,-0.127116,0.106807,0.0592233,-0.0433093,0.139601,0.0789506,-0.112277,-0.0381833,0.120699,-0.175326,0.0362936,0.0842487,0.1088,0.124434,-0.0672359,0.0178682,-0.0105893,-0.0129366,0.0726063,0.0904349,0.127799,0.0191025,-0.0220952,0.0193053,-0.158304,-0.0543527,-0.0552347,-0.0838788,-0.0667542,0.078967,0.0205861,-0.0767365,-0.0110885,-0.0668458,0.240991,-0.139298,0.0326135,-0.115956,-0.0680003,-0.0511347,0.0853113,-0.221363,-0.0373743,-0.00386287,-0.0275347,0.192483,0.0742051,-0.0781624,-0.151473,0.141705,-0.0965346,-0.0245671,0.0978928,0.00322794,-0.103732,-0.0515991,-0.150131,-0.0357579,0.0967477,0.000504083,0.00443778,-0.2086,0.0895212,0.0989838,-0.158986,0.0600058,-0.0531159,-0.0421027,-0.076906,-0.137109,6.11508e-05,-0.0536591,0.178143,0.0808477,0.188204,0.0120002,-0.183727,0.00746087,-0.265568,0.075777,0.0578598,0.197266,0.0183411,0.159477,-0.13162,0.0832904,
-0.0615341,0.0639392,-0.171016,-0.263945,-0.0599635,0.0468036,-0.131127,0.0908411,-0.0513705,0.0625173,-0.0915076,-0.0544714,-0.0529608,-0.250832,0.267222,-0.043689,0.00976844,0.0749606,0.0716844,-0.0172395,-0.0420766,-0.00281838,0.0775994,0.131831,0.0186163,-0.0990369,0.064756,0.0592372,-0.0289016,0.066111,-0.0946275,-0.0519891,-0.0604937,0.0336598,-0.196689,-0.109874,0.07348,-0.0330694,-0.148614,0.0997946,-0.0125576,-0.077536,-0.211547,0.143546,-0.224948,-0.222885,0.0242055,-0.112006,0.208782,-0.0866196,-0.197614,-0.0153827,0.0480363,-0.135466,-0.0248911,-0.126172,0.0134939,-0.100332,0.139626,-0.0599981,0.0737527,-0.0692906,0.0617381,-0.0920513,0.274837,0.230113,-0.0131466,-0.129879,0.0518103,0.157884,0.121823,0.059247,0.0618393,0.104879,0.207267,-0.0616367,-0.10222,-0.114722,-0.0208555,-0.144025,-0.0913296,0.106614,-0.0955094,-0.0782541,0.0397452,-0.0453543,-0.0655641,0.0295524,0.0242424,0.13466,0.0735532,0.0817708,-0.0187069,0.0681898,0.00245943,-0.252206,0.24987,-0.196681,-0.113848,-0.0592602,0.0356417,-0.0699024,-0.103423,0.00167125,0.130598,0.054178,-0.0785041,-0.0382739,-0.0287882,-0.185522,0.0393975,-0.127129,-0.260066,0.00466221,-0.0162843,-0.090917,0.0840026,0.0293292,0.0208999,0.01881,0.00401086,0.0124036,-0.142083,-0.0512975,-0.0133869,0.0900021,-0.0340249,0.112601,-0.1347,-0.0286612,0.0784167,-0.308072,-0.0406237,-0.1798,-0.130429,0.0293964,-0.0631738,-0.181361,0.00988787,0.0221768,-0.148215,-0.0502314,0.0377441,0.100365,0.0954413,0.0845578,-0.00688282,-0.117232,0.0318761,-0.0807635,0.0183096,-0.0339427,0.196785,-0.0110534,-0.0722593,-0.17531,0.0857148,-0.012775,0.147855,0.119818,
0.117962,-0.0878454,-0.00869422,-0.10253,-0.120846,-0.0309864,0.0303591,-0.0225645,0.108477,-0.102417,0.00775573,-0.067759,0.105236,-0.0611733,-0.203577,-0.109654,0.0351258,-0.128044,-0.158744,-0.165234,0.107963,-0.0741959,-0.0868611,-0.048009,-0.0273738,-0.278629,-0.132062,-0.120481,-0.241825,0.016385,-0.0435573,0.0877039,-0.0406046,0.104468,-0.131297,-0.0304057,0.0898941,0.081614,-0.0450956,0.0128475,0.0868712,-0.156604,0.112154,0.0590858,-0.059372,0.053895,0.175503,0.0573141,0.0360031,-0.217543,-0.0811695,-0.106255,-0.114292,-0.0826281,-0.0727227,-0.0101626,-0.0580295,-0.131497,-0.0464971,0.0419248,-0.114373,-0.0218922,0.0369021,0.0947732,-0.13072,-0.106002,-0.00590701,-0.138521,-0.0759194,0.0148311,-0.0653592,0.0713816,0.1299,0.196482,0.134475,0.00546382,-0.0490473,-0.231822,-0.00454168,0.0792346,0.0386064,-0.146665,-0.10211,0.0840163,-0.0396572,-0.219767,-0.0737211,-0.068695,-0.14585,0.267312,0.00201031,-0.0532531,0.0709878,-0.0333916,0.307447,-0.106873,0.156532,-0.0466881,-0.162835,-0.0231451,-0.0594494,0.171223,-0.159775,-0.0490877,0.178664,-0.0218994,0.0214262,-0.0592087,0.013626,-0.130831,0.104036,0.145825,0.0127806,-0.0876849,0.0461893,-0.192118,0.100761,-0.00277795,0.144059,0.222902,0.0185403,0.0687197,-0.0160468,-0.211781,0.024681,-0.202651,0.24341,-0.15625,0.0611386,0.0861806,0.0290199,-0.13674,0.178496,0.0935321,-0.0120034,0.0246817,0.147969,0.0844323,-0.05106,0.0413177,0.148081,-0.209975,0.0593425,0.0698952,0.00223045,-0.0180585,-0.153838,0.0763423,0.114129,-0.054973,0.0453645,0.102045,0.074394,-0.00865155,-0.00627897,-0.0315899,-0.0361596,-0.0553055,0.00402325,0.0854875,
0.145854,0.0823109,0.114755,0.036134,-0.2806,-0.498721,0.189126,0.205386,-0.0962086,0.00460617,-0.0465762,-0.347876,-0.318794,-0.0980637,0.051705,0.11214,-0.0491269,0.0547756,0.104844,0.0442933,0.0832969,-0.0279514,0.0145998,-0.118291,-0.2486,-0.462456,0.11304,0.178262,-0.0645315,0.125406,-0.0440738,-0.170699,-0.059904,-0.0621393,0.185936,0.0479778,-0.320905,-8.82094e-05,0.0666863,-0.0654632,-0.00493032,0.0779026,0.0125249,0.0495215,-0.158553,-0.0916152,0.204365,0.0836991,-0.108435,0.0703353,0.157854,-0.149968,-0.100978,-0.11487,-0.102876,0.0770353,-0.100273,-0.0872122,-0.150786,0.199901,0.00231737,0.0376355,0.124505,0.0317748,0.0184141,-0.0728261,0.0426187,0.305974,-0.0525676,0.000443551,0.117084,-0.0162592,0.24581,0.00096419,0.0220477,-0.0496964,-0.0360949,-0.0540982,0.185603,-0.0108785,0.125329,0.163324,-0.0266445,0.101379,0.17437,-0.149827,0.19276,0.119192,0.017449,0.114073,0.0533557,0.0398616,-0.149584,-0.235473,0.173149,-0.15734,0.0422356,-0.00596863,0.000866635,-0.14008,-0.13623,0.0230559,0.15444,-0.0643234,-0.0323988,-0.127791,0.0253747,0.117523,-0.050437,0.0809755,0.0626629,0.0309158,0.0410133,-0.105494,0.0642439,-0.00216308,0.179045,-0.156576,-0.0415312,0.0666463,0.0299264,-0.136842,0.0810456,0.148082,0.0780939,-0.00973562,-0.0182871,0.0684441,-0.104079,0.139638,-0.243178,0.00530526,0.0939276,0.124923,-0.0710185,0.118995,0.092769,0.0713463,-0.145204,-0.133711,-0.105748,-0.30943,0.0257538,-0.0533694,0.249978,0.0762048,0.0963148,0.110414,0.0837633,0.097751,0.102248,0.225396,0.188492,-0.0368338,0.178035,-0.0893045,-0.0557835,-0.0768941,-0.0757736,-0.0829632,
-0.136078,-0.209116,-0.0522311,0.0426923,0.176499,0.465484,-0.237723,-0.223082,-0.0767351,0.0258365,0.027778,0.19126,0.0870644,-0.00900772,-0.0361109,-0.228794,0.377638,-0.260772,0.0201294,0.0570564,-0.153901,-0.213053,-0.191649,0.00480923,0.14017,0.397254,-0.26228,-0.134554,-0.00513641,0.256505,0.0269553,-0.01022,0.0855084,-0.0298073,-0.0726659,-0.0534245,0.572366,-0.139296,0.124938,0.210461,-0.132785,0.0645912,-0.0708565,0.182316,0.134163,0.407818,-0.150366,-0.0469862,-0.232772,-0.0127417,-0.118447,0.169686,0.0338324,0.163056,-0.0447632,0.0735123,0.543343,-0.242092,-0.108558,-0.082735,-0.177203,-0.0146412,0.0879256,-0.147692,0.15972,0.304994,-0.0961679,0.199553,0.0303741,0.0502458,0.0158108,0.0392304,0.0694627,0.100737,-0.00906163,-0.139173,0.505837,-0.152288,-0.197601,-0.0888939,-0.0766895,-0.150919,-0.116383,-0.0830873,-0.00301259,0.152758,-0.0929945,0.136499,-0.0259028,0.146164,-0.00858897,-0.0541151,0.0769481,0.10882,0.0195131,-0.227422,0.427637,-0.0569255,-0.238394,-0.0367471,-0.0841664,-0.00104764,-0.0393172,-0.10031,0.174471,0.111998,0.211783,-0.119143,0.0479612,0.15234,-0.144055,0.230824,-0.0855532,0.136506,-0.150364,0.115015,0.360826,-0.133001,-0.180341,0.0837945,0.0367964,0.232846,0.0737268,-0.0183389,0.0523762,-0.0437988,0.0161873,0.15775,-0.170088,0.179222,0.0707781,-0.00920548,-0.0880748,0.18106,-0.0207383,-0.0507521,0.454682,-0.0248808,-0.159703,0.0291581,-0.0816595,0.106958,0.0218162,0.0832647,0.155567,-0.0482305,-0.05483,0.218969,-0.0476723,-0.0388519,-0.0223062,-0.210294,0.219458,-0.0888122,0.139806,-0.120262,0.738831,0.083496,-0.1646,0.0688225,
0.0676011,0.206331,-0.0222961,-0.0556047,-0.390329,-0.407816,0.397591,-0.185018,0.0427001,0.141012,0.18189,-0.203469,-0.0332449,-0.0138465,-0.139393,-0.0300134,0.0643435,-0.358974,-0.13458,-0.0365635,0.13772,0.221243,0.149908,-0.0204774,-0.27779,-0.46323,-0.0897525,0.028801,0.0980662,-0.0875411,0.0936489,-0.237042,0.0505251,0.0953042,0.0731683,0.0267831,0.0442317,-0.255832,-0.141722,-0.253207,0.24842,0.308709,0.073376,0.0120703,-0.127622,-0.188764,0.270302,0.0239635,0.275216,0.10529,0.0839592,-0.0142892,0.00450099,0.100576,0.120492,0.0281307,-0.0183325,-0.368792,-0.0570783,-0.0833379,0.0590528,0.135258,0.0377619,-0.0190051,-0.294462,-0.270144,0.106853,0.0349667,0.0689775,0.0176182,0.0666846,-0.0361657,0.194202,-0.153169,-0.201516,0.0262082,0.0614443,-0.247843,-0.0739222,-0.00609257,0.0248157,0.0652747,0.00450168,0.00254396,-0.0716248,-0.0819395,0.159807,0.0442765,-0.133358,0.0188845,-0.0134272,-0.163111,-0.00689685,0.0391642,-0.0044927,0.268754,0.0239518,-0.530419,-0.233314,0.167068,0.0622237,0.0226453,-0.0681432,-0.0426668,-0.119546,0.0730153,-0.165873,-0.0832114,-0.0106462,-0.133248,0.204686,-0.111767,0.144793,-0.0552966,-0.084043,0.230032,0.0103448,-0.473342,-0.0334444,0.0230734,-0.144397,-0.202553,-0.124587,0.0954721,0.134541,-0.000650966,0.237532,0.0613874,-0.142116,0.16017,0.0903458,0.0240235,0.282827,0.00679942,-0.130343,0.0280932,-0.135659,-0.358324,-0.0671128,0.116298,0.146755,-0.0175846,0.0594861,0.036185,0.105212,0.0365534,0.071076,-0.165848,-0.0708681,0.0386163,0.0190475,0.0669551,0.0761173,-0.144161,-0.327286,-0.00144409,-0.323632,-0.380125,-0.0883423,0.181104,
0.0792964,0.0520193,-0.173357,0.0214141,-0.18858,0.0800268,-0.214784,-0.00691134,-0.0438204,0.0470879,0.00536056,0.115228,0.032467,-0.153838,-0.0957165,0.0283914,-0.106267,0.0619409,0.0609938,0.0894761,-0.128575,-0.144557,-0.101616,-0.13568,-0.00389524,-0.138831,-0.0291196,0.253289,-0.0245404,-0.0790293,0.0893285,0.0149863,0.124308,0.0724674,-0.0106027,-0.236155,-0.0743975,-0.00346,0.0361018,0.148374,0.00655716,-0.231563,0.0835601,-0.076711,-0.0653211,0.00011179,0.109386,-0.0138689,0.163264,-0.00336762,0.1951,0.096608,-0.0173665,-0.0797736,0.167014,0.217676,0.117608,0.159032,0.113947,0.175271,0.0255906,0.00824706,-0.103038,-0.0421872,0.0998896,0.156108,-0.00206032,-0.0292586,-0.0949854,0.0106314,0.0533367,0.106241,-0.0588298,-0.0524834,-0.0371404,-0.123501,0.127563,0.0755842,0.0653341,-0.0786567,0.120233,0.154307,-0.0408179,-0.0677665,0.0907751,0.0658073,-0.108502,0.0838253,0.00396876,-0.0895682,0.0926266,0.206103,0.0334101,0.102004,0.0570182,0.0975983,-0.0393138,-0.0241916,0.389206,0.0185373,0.000164444,-0.0454463,-0.0158532,0.166545,0.220332,-0.162063,-0.128943,-0.119314,-0.117015,-0.00163636,-0.0479417,0.20898,-0.0861874,0.0147063,-0.00798252,-0.176665,-0.075172,-0.106165,-0.0770095,0.0889599,0.151744,0.0512401,-0.0930409,-0.0272388,-0.167146,0.00251469,-0.0508164,-0.0646074,-0.115486,-0.0976582,0.0229767,0.181998,0.0568335,0.136662,0.131906,-0.025028,0.0826998,0.0422814,-0.131945,0.192095,0.0516798,-0.103618,0.0478712,0.0715366,0.12879,0.0869069,0.103404,0.0255997,-0.049144,0.0829323,0.154047,0.180308,0.257254,0.0470983,0.0358889,-0.163611,-0.0385483,0.0900167,0.0538687,-0.082723,
0.0454818,-0.0218085,-0.107017,0.00408004,0.0470667,0.0348803,-0.117427,-0.119256,-0.0763419,0.0298563,0.0174795,0.193207,-0.0379651,-0.0448167,-0.129193,0.0730892,-0.122015,0.0694944,0.0552105,-0.255885,0.0812588,0.000626433,-0.112068,0.136231,-0.166959,-0.0708184,0.0498462,-0.0428073,-0.183855,0.174515,0.0647447,-0.236149,-0.158616,-0.00437589,-0.0979039,-0.0308056,-0.0278976,-0.0570974,0.0527467,0.0763354,-0.0762902,0.140024,-0.0683937,-0.006248,0.191775,-0.150126,0.094238,-0.184402,0.157602,-0.159991,-0.0212514,-0.00414974,-0.315961,0.0342493,0.0551614,-0.212123,0.0715718,-0.0873476,-0.0906269,-0.0902189,0.201377,0.0676564,0.0776985,-0.0370261,-0.0156839,0.0665546,0.0252733,-0.188199,0.0101474,-0.10302,-0.0160165,0.102516,-0.0677807,0.0818899,-0.0378424,-0.0946519,-0.147206,0.255451,0.0458864,-0.217767,-0.00426877,-0.0444138,-0.100624,-0.105139,-0.130203,0.0227772,-0.201973,-0.137824,0.289343,-0.265334,-0.00433195,-0.0754655,-0.00210017,0.0757004,0.0602947,-0.0409209,-0.0714613,0.235831,0.293216,0.0224256,-0.133273,-0.0505452,-0.0420518,-0.0456872,-0.0560384,-0.0821665,0.253121,-0.0715723,-0.0406508,0.27471,-0.128708,-0.0827601,-0.0934638,0.141254,-0.15452,-0.171121,0.0109829,0.123192,0.0729963,0.140736,-0.073629,-0.196912,-0.110536,-0.0751067,0.0289932,0.086485,-0.0233604,0.111545,0.162031,-0.171659,0.0871231,-0.0264472,-0.153134,0.0300544,-0.0937523,0.0501461,0.108483,-0.130661,-0.14429,-0.00295264,0.0392313,-0.237022,0.0477331,-0.0663722,-0.0844886,0.12368,0.144171,0.0564356,0.192767,0.0778522,0.0684175,-0.0954029,-0.185975,-0.0129826,-0.0197673,-0.0331378,-0.0671003,0.018145,-0.068388,0.222318,
0.157096,-0.233437,-0.287935,-0.153238,0.221787,0.420566,-0.406306,-0.237152,0.181211,-0.133835,0.0423001,0.147313,-0.218106,-0.0393627,-0.0692245,-0.27118,0.265493,-0.181559,-0.283588,0.000715692,-0.0789739,-0.430818,-0.286838,-0.0443779,0.0915464,0.508036,-0.223021,-0.0507334,0.0698099,-0.0942922,0.0031193,0.1702,-0.258975,-0.02704,0.0306911,-0.0710155,-0.0289941,0.00776276,0.0541154,-0.0553273,0.114155,-0.228931,-0.0814185,-0.140221,0.135527,0.397679,-0.111162,-0.11389,-0.0420621,0.0452288,-0.0191267,0.1091,-0.166159,-0.0181342,-0.00797684,-0.00452114,-0.0799059,-0.207901,-0.115217,0.0842652,-0.048437,-0.167625,-0.0648852,-0.199068,-0.0111359,0.153046,-0.317994,-0.122198,-0.193126,0.133173,-0.156134,0.0295957,-0.281491,-0.0710311,0.0160721,-0.212782,0.136474,-0.0179452,-0.0882621,-0.148893,0.139677,-0.306985,-0.288147,-0.178511,-0.0270169,0.29445,-0.0551882,0.0516172,0.235506,-0.279278,-0.0515535,-0.173958,-0.300042,-0.0586184,-0.0307657,-0.0519728,0.15932,-0.268751,0.0858409,0.020149,0.00143527,-0.226216,-0.11019,0.00355583,0.28541,0.132864,-0.115826,-0.0526847,-0.235178,-0.0233977,-0.0974263,0.156239,-0.270632,0.128976,-0.0676914,-0.065957,0.386472,-0.0831215,0.213354,0.175159,0.153701,-0.377715,-0.0386459,-0.106689,-0.0350602,0.262202,-0.168099,-0.00352343,-0.112456,0.0502106,0.047439,-0.0455552,-0.275389,-0.110104,0.0426694,-0.233117,0.304262,0.0627253,0.0358247,0.121365,0.185239,-0.21053,-0.0746426,-0.00138382,0.00408752,-0.109891,0.0642334,-0.0211209,0.0412286,0.192185,0.0238771,-0.196501,-0.177592,0.0930856,0.140824,-0.222397,0.117534,-0.0633463,-0.160051,-0.104057,
0.198965,0.0377045,-0.0645294,0.0884545,-0.236732,-0.177815,-0.0991242,0.234552,0.0182491,0.0462644,0.117871,-0.0626851,0.174363,-0.0755734,0.091028,0.129478,-0.096859,-0.151946,-0.0724099,-0.144714,0.167019,-0.180081,0.00706848,-0.046596,-0.043033,-0.0680231,0.307752,0.0293473,-0.101685,0.0103496,0.0136694,-0.039682,0.23745,0.13133,-0.25099,0.0884268,0.201272,-0.0590778,0.00125728,0.182121,0.127521,0.21493,0.0835698,-0.213495,0.0862395,-0.0999845,0.0150034,0.100925,-0.0346487,0.134031,0.04748,-0.0743095,0.102906,-0.205815,-0.0311329,0.0271357,-0.185984,0.290451,0.0476854,0.0441742,0.212684,0.202901,0.0964511,0.129049,0.0231164,0.00752515,-0.107391,0.00477161,-0.0278947,-0.0995247,-0.0764743,0.24711,0.0885248,0.149468,-0.0793358,0.0344943,0.0857637,-0.0404049,-0.114099,-0.0602765,0.0265261,-0.0738604,-0.315315,0.273615,0.0589133,0.177751,0.0292316,0.0193154,-0.0649257,0.00497964,-0.0749649,-0.0896462,0.159974,0.0232548,0.0334914,-0.0778187,-0.0712904,0.0954948,0.07933,-0.00848695,0.0109145,-0.176649,0.0226292,-0.116215,-0.103764,0.11173,0.208144,0.0122833,0.0110591,0.135302,-0.0222419,0.0319808,0.0446193,-0.00745715,0.0345679,-0.13489,0.0248212,-0.111386,0.308213,0.140462,0.0241047,0.116579,-0.0086369,-0.0219819,0.108878,0.014636,0.0168468,-0.132445,0.0193966,0.123098,0.143969,-0.106113,0.173974,0.00658136,0.0947409,0.0223466,-0.040803,-0.059282,0.0280529,-0.254056,-0.064837,-0.103346,0.0441743,-0.0396356,0.0572212,0.0666337,0.0715003,0.140162,0.0325309,0.168827,-0.029258,0.0460371,-0.143616,0.25557,-0.191122,0.028511,0.0832615,-0.0358143,0.131234,-0.0131826,
0.0864721,-0.197184,0.0856832,-0.0874983,0.192949,0.164785,-0.209803,0.0885995,0.0617576,0.0680602,-0.0272582,0.121513,0.0248136,0.0709677,0.209578,-0.0495889,0.0561368,0.129231,-0.00339535,-0.0570431,-0.285064,-0.174095,-0.0606994,0.00261016,0.0044051,-0.0271618,-0.00965017,-0.113382,-0.142802,0.0787023,-0.0606074,0.0693641,-0.0443064,-0.0339403,0.0560794,-0.028677,0.121032,-0.241509,-0.0699797,0.0657832,0.143816,0.0115701,-0.101222,-0.0894241,0.182906,0.187089,-0.237763,-0.265423,-0.094539,0.0294048,0.12011,0.10164,-0.288276,-0.0785679,-0.0158629,0.0696358,0.0463441,-0.0639846,0.0769384,-0.171633,0.103573,-0.18917,-0.00182901,-0.0272737,-0.0839059,-0.0152316,0.0651899,-0.262474,0.144184,-0.0245894,-0.00757775,0.0491221,0.023659,-0.246719,-0.0639587,-0.0297996,-0.128804,-0.0955756,-0.0458391,-0.0573153,0.0796564,0.028795,-0.13799,-0.113745,-0.098352,-0.154977,-0.0530059,-0.0565592,0.118147,-0.0288834,0.182437,0.140797,-0.227755,0.115831,-0.12748,-0.0444526,0.232393,0.0531681,0.144207,0.129451,-0.13295,-0.0988345,0.0565342,0.0206526,0.144494,0.0722226,0.135335,0.0863271,-0.230294,-0.019075,0.0457699,-0.0992293,-0.0638972,-0.219142,-0.14832,-0.172704,0.0932059,-0.0556022,0.102489,-0.0248383,-0.0828176,-0.208209,-0.138642,-0.00711335,0.0408756,0.038527,0.104946,-0.0322063,-0.0321561,0.24281,0.0744915,-0.0432467,-0.0108197,0.241989,0.0996821,-0.113338,0.250169,-0.0422759,0.106225,-0.0194277,0.0697462,0.131614,0.000393501,0.103484,-0.0709207,-0.0106576,0.0269816,0.0397116,0.13873,0.0213161,0.129511,0.0808111,-0.232188,-0.0711902,-0.0439409,-0.157866,0.0533573,0.0283419,-0.191303,-0.165276,
0.110312,0.21647,0.236298,-0.184697,-0.60717,-0.576594,0.200172,0.381358,-0.119551,-0.027044,-0.0288487,-0.276326,-0.121893,-0.0166234,0.142138,-0.0371932,-0.191571,0.551496,0.188816,-0.134245,0.0112271,0.179536,0.117651,0.121895,-0.404773,-0.312358,0.353797,0.220389,0.0410377,0.225341,0.124733,-0.276955,-0.123623,-0.128305,-0.187622,-0.0850594,-0.036912,0.312856,0.179774,-0.00930105,0.0186343,0.0848572,0.159734,-0.116926,-0.216352,-0.534399,0.407884,0.216932,-0.173038,-0.0169812,-0.101028,-0.0529418,-0.0308155,0.284824,0.141304,-0.0520702,0.0362486,0.339665,0.101847,0.137335,-0.0500706,0.305206,-0.0646485,-0.0378875,-0.119713,-0.530854,0.131897,0.395521,-0.0782029,0.123167,-0.0922719,-0.0452594,-0.157578,0.120089,0.0190196,0.0833828,-0.126787,0.0496901,-0.0229102,0.0863467,-0.143225,-0.0184774,0.0331748,0.264375,-0.187574,-0.197243,0.128039,0.0695191,0.121429,0.197869,0.00948873,0.316458,0.088229,0.0462511,-0.0486913,0.0546046,-0.168556,0.270888,0.0396706,-0.266811,-0.0631312,-0.0634382,0.0214611,0.0754881,-0.0880293,-0.0729411,0.143706,-0.123841,0.125458,-0.078232,-0.122751,0.312347,0.0888199,-0.0191153,-0.015194,0.0895565,-0.00362879,0.0402199,0.0286053,-0.0893976,-0.0662425,0.0392975,0.0707459,-0.0163544,0.102977,-0.268959,0.208921,0.107307,-0.059646,0.0343462,-0.0755602,0.162654,-0.0204014,-0.0680692,0.0643496,-0.0192024,0.104657,0.223494,0.127917,-0.106509,-0.0464659,-0.177839,-0.139777,0.10264,-0.12101,0.0747741,-0.031145,0.106008,-0.0923512,0.0988497,9.5358e-05,0.34812,0.300782,-0.0261743,-0.0633165,-0.0741614,0.234382,0.24657,0.194457,0.0247539,
-0.199572,0.0449937,-0.200172,0.0127419,0.09156,-0.130115,-0.157686,0.134828,-0.184399,0.0442671,-0.0468947,0.107833,-0.0371582,-0.0873312,-0.15224,-0.206366,0.00305341,0.286303,0.173259,0.00708312,0.0148125,0.281695,0.035005,-0.0324503,-0.0795952,0.103273,0.0852936,-0.108676,-0.100183,0.172655,0.308774,-0.0499598,0.17169,-0.194063,0.000975726,0.110126,0.19118,0.00588462,-0.1722,-0.0365121,0.151707,0.180747,-0.215304,0.14651,0.158432,-0.0155261,-0.0448531,0.13101,0.193569,-0.0480253,0.0989601,0.120042,0.0437816,0.0248512,0.0516664,-0.0715997,-0.103024,0.0519069,0.0613445,-0.0844059,0.149442,-0.0692687,-0.207266,0.0090642,0.111244,0.0245767,-0.114506,-0.0122017,0.137911,0.154144,-0.197967,-0.00476138,-0.0658025,0.0637743,-0.0788088,-0.305417,-0.126832,-0.228265,0.0768116,0.0514838,-0.00597327,0.0218014,0.113229,-0.196344,-0.0270961,-0.136195,0.00998421,0.107307,0.200603,-0.146959,0.118733,0.0927481,-0.168536,0.0199533,0.223965,-0.0700967,-0.0124295,-0.0813106,-0.0398789,-0.21778,-0.270617,-0.286539,0.17201,-0.0507797,0.0945701,-0.0621857,-0.171671,0.0118029,-0.0960547,0.176597,-0.107858,0.122646,-0.0250405,-0.0560759,-0.107527,-0.0140812,-0.158301,-0.12895,-0.116285,-0.0870894,-0.160501,-0.241437,-0.0984746,0.0501046,-0.0212468,-0.051527,0.126758,-0.0805578,-0.0965097,-0.129968,-0.124766,0.00464261,0.0240797,-0.0320526,-0.00930461,-0.0947049,-0.15661,0.0560053,0.0122376,0.133132,-0.0535302,-0.0207829,0.0228709,-0.194521,-0.182901,-0.0575982,-0.121008,0.196606,-0.0204261,-0.068175,0.0513995,0.115614,0.0447264,0.343198,0.0169644,-0.150587,0.292786,0.144353,-0.135767,0.177448,
-0.140913,-0.045306,0.130939,-0.0845469,0.0212019,0.0295493,-0.0709535,-0.106955,-0.0740255,-0.155054,-0.0953338,0.264745,0.141837,-0.0118233,-0.0204041,-0.0703751,-0.0683343,-0.374472,0.0241303,0.0390982,-0.0369741,0.104971,-0.138644,0.207716,-0.0461916,-0.0792992,0.0199793,0.0570357,0.0533429,-0.10237,0.0417834,0.0878142,-0.114264,0.00331433,-0.0755443,0.143068,0.0327287,-0.0493203,-0.0010742,0.0666637,-0.0244558,-0.0137103,0.0497534,-0.181087,-0.141456,-0.0879357,-0.0776224,-0.0503138,-0.0827084,0.223254,0.0783372,0.0327804,-0.216475,0.00294882,-0.00219507,0.031491,0.0709202,-0.0925494,0.0905067,0.0559511,-0.155362,0.0223338,-0.107097,0.0499568,0.0361665,-0.0371989,0.206827,-0.0740268,0.113894,0.0486634,0.0300728,-0.14796,0.158447,-0.203025,-0.0319991,-0.178189,-0.0217247,0.0289849,0.0947981,-0.0281904,-0.0844541,0.0782825,-0.0619869,0.0959754,-0.155574,-0.077072,-0.141419,-0.0939283,0.111552,-0.0933393,-0.145509,0.191078,-0.151089,0.026309,0.1268,0.054515,-0.0258459,0.0607002,-0.0527047,0.0592227,0.0322554,-0.0789891,0.0740612,0.0742222,0.0218473,-0.0734263,0.0122103,0.152995,-0.0642811,0.127952,-0.0202864,0.0892921,-0.00510165,0.0906258,0.0831893,-0.153437,-0.0165704,-0.204606,0.0724626,0.14826,0.0259926,-0.0587163,0.0395569,-0.126473,0.123727,0.0527359,-0.316207,0.149495,0.0768766,0.22338,-0.0854755,0.0308443,0.0483638,-0.0839715,0.210139,-0.119272,0.0634302,-0.0277796,0.0228792,-0.0594253,-0.0567295,0.0693177,0.127034,-0.108953,-0.0239642,-0.14381,0.00689917,-0.197366,0.227328,-0.0607016,0.00672945,-0.0600848,-0.0360299,0.0337288,0.0633538,0.000409143,-0.126844,0.129282,0.100848,0.0738659,
0.231226,-0.132383,0.0212812,0.099794,0.0553863,0.0234945,0.0568602,0.125632,-0.0152022,0.029126,-0.111039,-0.222398,0.0191969,0.130214,0.112963,0.024397,-0.0380702,-0.0718002,-0.0705906,0.245397,0.0827448,-0.0209428,-0.158143,-0.0432099,0.126554,0.0835998,-0.158771,0.213705,-0.062761,0.039566,-0.0122908,0.00989906,-0.272165,0.0149664,-0.0391317,-0.0473478,-0.047741,-0.0707258,-0.0142546,0.105033,-0.0158601,-0.0612897,-0.0631258,-0.105326,-0.000892374,0.157751,0.0507243,0.0442205,0.0261857,0.0621826,-0.057642,0.0690394,0.0160058,-0.00866356,-0.160688,-0.335531,0.0309149,0.267544,-0.00650727,0.0891571,-0.170042,0.140222,-0.0375236,-0.0722633,0.121651,0.152143,0.0422393,0.00804794,-0.215611,-0.177772,-0.120364,0.00325662,0.0742742,-0.0435976,-0.186857,0.147958,-0.142927,-0.0314458,-0.112414,-0.0856531,-0.00510681,-0.124333,-0.124437,0.0791573,0.0435721,0.0797672,0.0640899,0.150682,-0.164338,-0.133623,-0.0100989,-0.0319173,-0.00321065,0.167871,-0.235086,0.0835079,-0.107892,0.0335071,0.131177,0.0551858,-0.0508066,-0.00328476,-0.22197,-0.0794047,-0.0444167,-0.104543,0.0188492,-0.0147224,0.0196334,0.0566302,0.00112101,-0.0968599,0.0698269,0.22819,-0.149315,-0.0049318,-0.147987,0.056139,-0.0138416,-0.0144545,0.0516112,0.0466994,-0.151646,-0.0328316,-0.147976,0.0173982,-0.182502,-0.0923719,-0.058359,0.0422535,-0.152612,-0.0395493,-0.128144,0.268212,-0.134419,0.0261546,0.0766239,-0.0523752,-0.0361298,-0.1812,0.146992,-0.185154,-0.0224938,-0.111823,-0.0410401,-0.0473196,-0.16896,0.143213,-0.0201077,0.0805437,0.220573,-0.0480632,-0.236772,-0.0102544,-0.0913844,-0.0129056,0.0230145,0.0250343,-0.100981,-0.263725,
0.19263,-0.223208,0.0202548,-0.164043,0.121414,0.0253263,-0.132886,0.0619771,-0.159982,-0.0021956,-0.0513899,-0.0661198,-0.0193306,0.0467715,0.0119252,0.304706,-0.0104954,-0.0550676,0.0386281,-0.0833637,-0.113341,0.120148,-0.0230744,-0.0112138,-0.0781462,-0.202888,-0.0629998,0.0255206,0.0158369,0.0721074,0.0956151,-0.0979843,-0.0296842,-0.0191774,-0.0385872,-0.0615189,-0.0321607,-0.146738,-0.00997691,-0.0894046,-0.00181333,-0.0137211,-0.0209904,0.0383607,-0.200357,-0.173462,-0.0542596,0.0590234,-0.235604,0.13061,-0.0794208,-0.069899,-0.0839619,0.188777,-0.169924,-0.209182,0.0692224,0.111856,0.00208943,0.0555568,-0.179227,-0.253805,0.148084,-0.0542788,-0.0199593,-0.195602,-0.0157449,-0.198889,-0.00783781,-0.109284,0.0448042,0.163194,0.0908222,-0.100386,0.0779642,0.0704914,-0.179933,0.0333626,0.109312,0.0758884,-0.0521667,-0.126446,-0.00181625,0.116999,-0.144856,-0.0737991,-0.0868218,0.0500999,0.0940404,-0.147753,0.095554,0.00440589,-0.0186039,0.00918664,0.0871524,0.00694304,0.0979898,0.0956257,-0.221123,-0.112008,-0.0380855,-0.0993869,0.00340893,0.12758,0.00317064,-0.199882,0.107175,-0.0610081,-0.0128783,0.128161,0.0246719,-0.0354731,0.0709967,-0.100665,-0.004575,0.121248,0.00934487,0.0126655,-0.0035193,-0.0136989,0.237702,0.0197899,-0.112751,0.160836,-0.29717,0.0617489,-0.107529,-0.135526,-0.0660599,0.100947,-0.0778127,-0.116557,0.0932327,0.0304161,-0.0385046,0.00770844,-0.131817,0.210846,0.0205306,0.141492,-0.228358,0.0908998,-0.254977,0.00566554,0.00197028,0.111089,-0.0499654,0.107731,-0.116105,0.08072,-0.0510384,-0.0406581,-0.0604578,0.081674,0.125033,0.0126867,-0.137577,-0.0395723,0.0186071,0.0938296,
0.118438,0.0513141,-0.177762,0.0713872,0.0211342,0.266001,-0.418344,0.0605795,-0.0719307,0.057804,0.00394396,-0.0724434,-0.114649,0.0975717,0.0561752,-0.169521,0.179242,-0.0962592,0.121795,0.107329,0.181773,-0.242716,-0.00511,-0.120278,-0.0119096,-0.0442406,-0.0529158,-0.00737677,-0.0624874,0.0849613,-0.0847282,0.0254561,-0.193821,-0.130951,0.0956266,-0.242784,-0.0413488,0.129403,-0.0218957,-0.116677,0.124509,-0.289967,0.019193,-0.0700433,0.044447,0.154266,-0.264882,0.0426378,-0.160439,0.124769,-0.0667432,-0.153133,0.0850513,-0.037361,-0.030992,0.0289208,0.0164932,0.00965069,-0.193025,0.0734141,0.0654766,-0.103788,-0.00580241,-0.115534,-0.00187885,0.183092,-0.228516,0.312378,0.10157,0.19392,-0.0955519,-0.149442,0.00318499,-0.0983447,0.0931022,-0.194276,0.0532476,0.13162,0.0296998,-0.145498,-0.162945,-0.271698,-0.196499,-0.0796642,0.223664,0.238163,-0.0702382,-0.0576736,-0.0650928,0.0928215,-0.0440286,0.2144,-0.0124641,0.0414718,0.0880637,-0.116266,-0.132686,0.0331272,-0.169755,-0.0585726,0.0569205,0.0622206,-0.0481825,-0.0400068,-0.00931163,0.159003,-0.152819,-0.0269645,-0.0995007,-0.00362161,0.0930752,0.146496,0.0344697,-0.0253819,0.00407991,-0.141473,-0.044176,-0.17051,-0.0639389,0.143167,0.0677664,0.0989179,-0.143353,-0.0865619,0.148454,0.212504,-0.0297427,0.225,-0.134185,0.0479565,-0.117829,0.131066,0.103483,-0.0127862,-0.154943,-0.14672,-0.251538,0.0497133,-0.0978378,0.110206,-0.122973,-0.203083,-0.10886,-0.149762,0.139077,0.0853918,-0.0153532,0.194847,-0.0944125,0.0190824,0.0821341,-0.0598259,-0.222156,0.105068,-0.00613027,0.0559378,-0.0363173,-0.110249,0.0115128,-0.1087,
-0.152733,0.0436849,0.038391,0.037093,-0.112424,-0.0460505,-0.105015,-0.130994,0.197363,-0.00883524,0.0967852,0.0208457,0.0986215,-0.129188,-0.0607094,0.0389778,0.0690213,0.0423478,-0.0129973,-0.154129,-0.119055,-0.190303,0.0225951,0.131061,-0.0884216,-0.140681,0.106624,-0.109925,0.095133,0.0254729,0.00781019,-0.00709576,-0.137792,0.1575,0.0704749,-0.0303944,-0.0344609,-0.0776328,-0.1051,0.0767417,0.108966,-0.137135,0.114214,0.0924834,0.0821233,-0.0289426,0.146788,-0.0647477,-0.0442002,0.0803966,-0.146888,0.034699,0.172195,-0.0570507,0.0779246,0.12874,0.154058,-0.0660245,0.0508029,-0.080779,0.048705,-0.0199054,-0.0875358,-0.0306791,-0.139965,0.00422819,0.0631934,-0.174448,-0.150024,0.0162584,-0.0449496,-0.222326,-0.00915763,-0.08464,-0.0500693,-0.144171,0.170575,-0.00379216,-0.0129466,-0.147104,-0.154198,0.0543417,-0.0412902,-0.00576761,0.0539557,-0.283439,-0.107808,-0.0582376,-0.0073374,0.00572414,-0.0861784,0.175129,-0.0664885,0.0926609,-0.228643,-0.00569843,-0.0765991,0.0168851,-0.0931546,-0.0648444,-0.259721,0.0351081,-0.00426096,0.0144594,0.165141,-0.0253211,0.208868,-0.0666167,0.129274,0.0800578,0.0951989,0.110181,0.011081,0.0618969,-0.151701,0.170013,0.18146,-0.068705,0.0717646,-0.0814133,-0.108373,-0.0328016,-0.114451,-0.204151,-0.0503719,0.0331434,-0.0977693,0.0803082,-0.0977199,0.0245158,0.0103287,0.031895,-0.0715289,-0.102527,-0.00903158,0.0466145,-0.169436,0.0298424,0.0169526,0.0411817,-0.225427,-0.159885,-0.158363,0.0642859,-0.0860296,0.120256,0.132352,-0.102979,-0.00538583,0.00984976,-0.0506157,-0.0974265,0.0497918,-0.0203172,-0.240663,-0.00243384,-0.111365,0.111647,0.0874252,0.00691352,
-0.169061,-0.411714,0.149702,0.126173,0.394104,1.38649,-0.59122,0.105044,0.0696709,0.177905,-0.0132154,0.401799,0.52999,-0.00953826,0.042007,-0.0655542,-0.243188,0.159421,-0.38361,-0.0306288,-0.145475,-0.54521,-0.352734,0.133212,0.493779,1.01714,-0.462623,0.00444432,-0.318261,0.328497,-0.158833,0.154199,0.414972,-0.133265,-0.0372616,-0.283834,0.00276176,0.0874715,-0.400828,0.225441,-0.0489698,-0.116814,-0.332606,-0.069688,0.395989,0.937317,-0.430802,0.16126,0.0618508,0.133807,0.0526221,-0.0651289,0.113198,0.0450443,0.0292151,-0.13616,-0.238963,0.0247107,-0.360644,-0.0710208,-0.0225801,-0.370726,-0.0660217,-0.068346,0.232499,0.615997,-0.280517,0.26318,0.0100772,0.0916596,-0.00204614,0.110888,0.186613,-0.113452,0.14022,0.00901018,-0.213968,0.174183,-0.320103,-0.0493556,0.400144,-0.0685608,-0.254182,-0.00299839,0.268247,0.637622,-0.628356,0.428344,-0.140408,0.00856474,-0.0622004,-0.182448,-0.189029,-0.0706941,-0.00681419,-0.326569,-0.125254,0.229935,-0.293348,-0.083924,-0.0651182,-0.0869966,-0.0603196,-0.0496125,0.288321,0.270645,-0.369365,0.427196,-0.23928,0.528615,0.0310973,-0.358357,0.0740915,-0.167907,-0.044866,-0.180636,0.134494,0.216155,-0.31152,0.241355,0.211956,0.00319146,0.0581733,0.0629966,0.208049,0.00418331,-0.16374,0.544048,-0.0964227,0.053578,0.0450892,-0.375991,-0.216643,-0.0902074,-0.126295,0.0367701,0.153202,0.289714,-0.235191,0.173032,0.089428,0.434476,0.0397441,0.112026,0.0867657,0.0772578,-0.0477386,0.315479,-0.00430138,0.138731,-0.0654355,-0.591366,-0.163586,0.0822718,-0.0648333,-0.277427,0.0784438,0.030619,-0.272793,-0.156551,
0.0484573,0.0112993,0.00901598,-0.00691579,0.00573889,0.193243,-0.142104,-0.15063,-0.108505,-0.245502,0.101377,0.17516,-0.141809,-0.0307999,-0.0111985,-0.091778,-0.0815165,0.0791248,0.0203914,0.0973452,0.0499341,0.0847001,0.0657262,-0.0878391,0.0127661,-0.036386,0.0504621,-0.0723837,0.0614457,0.111655,0.0187212,0.0199155,-0.0856353,-0.013816,-0.117068,-0.25161,-0.014193,0.112715,0.195087,-0.13897,0.228755,0.153172,-0.0556111,0.209471,-0.146158,-0.114672,-0.0887913,-0.169249,0.131749,0.0320501,0.146821,-0.0270295,0.0395041,0.226009,0.108054,0.0896971,-0.117179,0.00741199,-0.102991,0.0230042,0.016628,0.0760115,-0.0385739,0.104251,-0.0411552,0.0638654,0.0864049,-0.105066,-0.0520918,-0.00583486,0.0375883,0.0729718,0.128725,0.0543404,0.0464516,0.103072,-0.110099,-0.00118156,-0.109116,0.113506,0.0265115,0.0113683,0.0870889,0.0642808,-0.0729767,-0.302297,-0.0541938,0.0371444,0.110215,-0.0802944,0.132181,0.128128,0.199609,0.0315093,-0.120739,-0.105829,0.0999209,-0.155315,0.0919609,-0.148106,0.0530674,-0.130239,0.0510898,-0.112593,0.0683055,0.137197,-0.0406601,-0.0681863,0.0766202,0.000477473,0.015812,-0.219318,0.0930052,-0.131686,-0.180705,-0.0279999,0.0754045,-0.067217,-0.153859,0.0116318,-0.156655,-0.178539,-0.0593463,-0.0328463,-0.19811,0.0395055,-0.0134218,0.323495,0.00475188,-0.0993002,-0.0389701,-0.120513,0.238195,0.0517053,0.0645314,0.0387557,-0.054972,0.0682594,0.0204311,0.0957248,-0.171256,0.00579491,-0.0266984,-0.158972,-0.127962,-0.0268577,-0.00759727,-0.0756247,0.0513198,0.147647,0.126729,0.0705904,-0.00515921,0.0251589,-0.125352,0.0387267,0.152665,0.220334,0.0226616,0.106799,
-0.172456,-0.095336,0.114866,-0.216538,0.0520797,0.057007,0.189416,-0.0765582,-0.0941708,0.155755,0.0345361,-0.122386,-0.129904,-0.0928335,0.151711,-0.0409589,0.0934382,-0.138579,-0.139809,-0.039488,0.0892973,-0.0152818,0.06059,-0.107889,0.0134271,-0.0880281,0.0465406,0.0930835,0.139446,-0.0808668,-0.00770984,0.205486,-0.0100778,0.130132,0.131913,0.00954568,0.111544,-0.0704013,-0.0918577,0.117133,0.0333528,-0.0256668,0.102832,-0.144113,0.135319,0.0572301,0.136498,0.0513381,-0.0700884,-0.0189067,0.089512,-0.129359,-0.150753,-0.137188,0.00548492,-0.195718,-0.0811365,0.189632,-0.115712,-0.19963,-0.0920464,0.00414587,0.123227,0.00836268,-0.114095,0.0553476,0.172528,-0.0300377,-0.140881,-0.0280647,-0.116689,0.212229,0.0304556,0.00328276,0.172391,-0.131762,-0.0886765,-0.00253629,0.103783,-0.0801244,-0.179945,0.0133441,0.128339,-0.14644,0.056647,-0.0991016,0.106834,-0.289265,-0.175698,0.224782,0.213861,-0.113904,-0.0215008,-0.10026,-0.0506158,0.027967,0.127165,0.162013,0.0047431,-0.0314288,-0.16661,0.0331215,-0.0432795,-0.129713,-0.123529,0.0535357,-0.067386,-0.0255915,-0.235389,0.0554678,-0.114121,-0.119016,-0.136834,0.033123,-0.0340274,-0.0590123,0.121947,-0.237435,0.0642791,0.0645875,-0.172533,-0.0315906,0.112675,0.0812763,0.073685,-0.0239906,-0.0323068,0.0246176,0.162794,-0.145375,0.166942,-0.284319,0.0163156,-0.0615065,-0.229976,0.0655811,-0.045276,-0.0376694,0.0234963,-0.0675591,-0.0689653,-0.0429718,-0.0170329,-0.0388435,-0.0381704,-0.0398118,0.037988,-0.121466,0.0537524,0.0842301,-0.0385741,-0.0328535,-0.134603,-0.0842429,-0.0804593,-0.00992562,-0.0910455,0.105952,-0.0193867,-0.121591,
-0.040987,0.0475223,0.019221,-0.047007,-0.242954,-0.495318,0.15344,0.145548,0.0997318,-0.043669,0.117256,-0.351395,-0.0640009,-0.016878,0.133759,0.0883095,0.022322,-0.111627,0.217919,-0.00817192,0.0282225,0.311114,-0.0311473,0.0812672,-0.0955015,-0.369761,0.369256,0.0415022,-0.100574,0.0460258,-0.0180972,-0.160217,-0.127372,0.0557738,-0.0932297,-0.082568,-0.0644474,-0.119607,0.170445,-0.0250951,0.15732,0.229946,0.0916179,0.092245,0.0961182,-0.501723,0.287839,0.0559166,0.00687314,-0.116501,-0.185756,0.126221,-0.0236586,0.105716,0.0490146,-0.0120102,0.0385427,-0.233911,0.151817,0.0070854,0.00412502,0.182206,0.0328171,-0.116723,-0.222947,-0.256566,0.0769038,-0.224971,-0.034691,-0.017864,-0.0250906,0.0909724,0.0626604,0.0861498,0.0244465,0.0159213,0.0845856,-0.325147,0.0439665,-0.0513341,-0.0142972,0.26861,0.176278,0.00723066,-0.0737569,-0.319283,0.13395,0.182728,0.0519752,0.128496,0.138472,-0.181852,-0.0860148,-0.0638036,0.0423694,0.0621139,0.00267444,-0.213149,-0.00963138,-0.0590206,-0.0713953,0.120465,0.00114671,-0.101066,0.0162718,-0.269164,0.357366,-0.158235,-0.0714033,0.100849,-0.016688,-0.0494847,0.0583056,-0.103322,-0.0272881,-0.184628,0.00199551,-0.155552,-0.0129823,0.027035,-0.0240581,0.145366,0.125423,-0.0262561,-0.121996,-0.0831513,0.19694,-0.0304768,-0.142608,0.0877028,0.0726675,0.145467,-0.0704125,0.0423863,0.00701978,0.0157123,-0.194015,0.0501679,0.00626658,0.117324,-0.211225,-0.0707655,-0.0457916,0.00287973,0.0974875,0.146194,-0.0761522,0.129552,0.0222109,0.140332,0.0930839,0.146413,0.177043,-0.0366824,0.132895,0.138107,-0.100285,-0.20009,0.0548629,-0.0524686,
-0.0893166,0.107405,0.0436022,-0.0188051,-0.417523,-0.433719,-0.0452956,0.056129,-0.0192692,0.0523085,0.121538,-0.208746,0.0700995,-0.0819001,-0.094352,0.0186188,-0.0951261,-0.296576,0.108651,0.0995587,0.0587505,0.18835,0.132036,0.0410802,-0.43449,-0.496794,0.176894,0.179694,-0.215096,0.0384731,-0.117215,-0.107884,0.154608,-0.108542,-0.138011,0.0257818,-0.202376,-0.413434,0.0245699,0.00425939,-0.192268,-0.0333236,0.0503711,0.0642949,-0.211858,-0.270155,0.105958,0.102875,-0.235753,0.0595199,0.0486605,-0.0179186,0.0532191,-0.190213,0.0169978,-0.231308,-0.0668989,-0.394084,0.0284226,0.167608,-0.064414,0.146356,0.034564,-0.104753,-0.04884,-0.284914,0.124864,0.0648201,0.085085,0.0552637,-0.0249171,-0.0966803,0.247534,0.0411859,0.120718,0.0116755,-0.180824,-0.354643,-0.159088,-0.0998066,0.0172251,0.0813741,-0.000592886,-0.0179413,-0.0263383,-0.207874,0.0913956,-0.0406957,-0.239296,0.0465746,-0.112119,0.147564,0.00577697,-0.030228,-0.130677,0.0664854,-0.187593,-0.353124,0.0168139,0.0310511,-0.0615551,-0.0139271,0.045213,0.0358325,0.0615722,-0.0497441,0.153757,-0.0725873,-0.21868,-0.0318448,-0.134441,0.0467256,0.0511034,0.141561,0.0571893,-0.0211424,-0.232443,-0.340357,0.0682247,-0.0496099,0.0704663,-0.146301,-0.0976553,-0.0242123,-0.0509877,-0.0536552,0.0329871,-0.0171337,0.0387382,0.0679377,0.00557462,0.00348704,0.0472219,-0.22109,-0.0088621,-0.111029,-0.37942,-0.24164,-0.148378,-0.000909544,-0.187325,-0.101125,0.0713995,-0.214642,0.21583,0.178133,-0.176736,-0.111827,-0.0359354,-0.0336911,0.00595772,0.0177049,0.119631,-0.0216689,0.0876527,0.14655,-0.167828,0.145393,-0.103888,0.0017232,
0.0355629,0.151849,0.0383583,0.0340259,0.310541,-0.04604,0.0331373,0.195241,0.0819174,0.0313302,0.227461,0.148576,-0.0393538,-0.017415,-0.0117296,0.134157,-0.0749461,-0.0712854,-0.0769017,0.184645,-0.189901,-0.0194894,0.01846,-0.0532007,-0.0385431,0.0583816,-0.124845,-0.112524,-0.0338293,0.0448375,-0.0916508,0.11139,0.0140677,0.136507,0.141063,-0.0273886,-0.0994892,0.131082,0.11479,0.122954,-0.0583153,-0.0230268,-0.130514,-0.110682,0.0577917,-0.112982,0.0835047,-0.117106,-0.095575,0.102446,-0.103941,0.0096761,0.0133317,-0.13789,-0.0219999,-0.137044,0.0550348,0.244507,0.0127838,-0.0157493,0.0769107,0.117446,-0.00145542,0.00812752,-0.0158356,0.0556691,0.0243943,-0.107482,0.00183966,0.00993742,0.181646,0.195465,0.179555,-0.0161709,-0.0754336,-0.0686577,-0.048632,0.149327,0.225115,0.14918,0.0575952,0.147431,-0.271055,0.0976264,0.0159985,0.00129762,0.0146786,0.0150444,-0.161765,0.0444004,-0.200947,-0.031404,-0.0221644,-0.0341098,0.0756802,-0.0155124,-0.0918916,0.171664,-0.0353566,0.0168358,-0.106277,0.030368,-0.0726049,-0.236252,-0.10323,0.161493,-0.0661756,-0.0932491,-0.220673,-0.0499707,-0.134822,-0.00734459,0.0705073,-0.0335499,-0.139389,0.0130006,-0.0923374,0.105258,-0.0214236,0.175936,0.107271,0.142857,-0.314273,0.145302,0.17824,-0.0331171,-0.0242072,0.101268,0.0490301,0.237865,-0.013289,0.0440611,-0.157825,0.1582,0.0174006,-0.0456598,-0.127612,-0.0626339,0.111017,0.0876876,-0.177193,-0.0513625,-0.196549,-0.285439,0.103822,-0.320224,-0.0312315,-0.0707797,-0.0578176,0.104631,0.00966506,0.0443743,0.0372232,-0.137215,-0.0229745,-0.182375,-0.0537038,-0.0352406,0.21809,0.040139,
0.105176,0.015606,0.0769341,0.0167415,0.131738,-0.173064,0.109494,-0.143268,-0.0583937,-0.0187773,-0.0730642,0.128069,0.0821645,-0.0433152,-0.0552954,-0.041317,0.304687,-0.155095,0.146011,0.0680628,0.0734923,-0.0938917,-0.295739,0.041631,-0.0261748,-0.0368917,-0.100622,-0.17853,-0.060176,0.052211,0.0220556,0.273117,-0.14126,-0.0278131,0.000172335,0.191809,0.136862,-0.0266105,0.12058,0.194672,0.173494,0.00242301,-0.290399,-0.0175797,-0.228117,0.210532,0.0815638,0.226573,0.123233,-0.300542,-0.0736995,0.168674,-0.125527,-0.176432,0.156775,0.000295156,0.0673283,0.110015,0.101624,0.0574266,-0.0745854,-0.0288312,-0.0554686,0.0144582,0.0415024,0.231068,0.240548,-0.00497002,-0.114121,0.196516,0.0272037,0.0484318,-0.060877,-0.0317605,-0.114468,-0.0824268,0.121124,-0.112087,-0.00220085,0.0623895,0.17793,-0.0262334,-0.134647,-0.132708,-0.135208,0.0123458,0.0594186,-0.0912521,-0.204545,0.0163586,-0.0871599,0.17161,-0.107372,-0.000865813,0.0728657,-0.0708668,0.215486,-0.0111011,-0.241017,-0.0145369,-0.124494,-0.0177488,-0.101265,-0.0616186,0.105894,-0.0917744,0.0972309,0.109861,0.16392,-0.325771,-0.0559113,0.067346,-0.0418575,-0.0418788,-0.239847,-0.0982418,0.300026,0.00969349,-0.0102172,0.0554594,-0.201625,-0.181972,-0.0859764,0.123549,0.0210726,0.181161,0.231202,0.0538665,-0.00632605,0.0417852,-0.181025,0.0413706,-0.088309,-0.0470973,-0.0560759,0.0816142,0.059043,-0.176059,-0.0782118,0.0306423,-0.0203022,-0.0888819,-0.140809,-0.0747087,0.010083,0.272769,0.112222,0.184162,0.149821,-0.315594,0.039277,0.0497661,-0.209553,-0.0893809,-0.0459004,-0.0920138,0.172946,-0.0426967,0.0328981,0.0631321,
-0.0435475,-0.0243158,-0.173747,-0.0384182,0.0209131,0.0205406,-0.151224,0.0975275,0.0640103,-0.0964917,0.148079,0.0297773,-0.111372,-0.144229,0.032684,0.0613527,0.0385987,-0.0132432,0.0223198,0.0012519,0.153192,0.107051,0.166662,-0.0198832,0.0502685,-0.079746,-0.0123222,0.0713991,-0.185358,-0.00823493,-0.0371012,0.112125,-0.0475968,0.00736942,0.0979975,-0.133306,0.014193,0.0453053,0.213189,-0.0907553,-0.00756695,-0.0168277,-0.131426,0.137949,-0.00420157,-0.0597097,-0.0418329,-0.145016,0.0205458,0.157384,-0.0202547,-0.0536118,-0.107771,-0.191512,-0.0184309,-0.0383125,-0.0183377,-0.128593,-0.0942685,-0.157787,0.0658131,0.0454342,-0.114019,0.204715,0.108352,0.0819568,-0.0667692,0.130634,0.0221871,0.0596181,-0.240392,-0.216575,-0.0624391,-0.0321869,0.0669017,-0.174558,0.0251095,-0.0279359,-0.177817,0.126145,-0.0187216,0.0328742,0.0288098,0.0102614,-0.237329,-0.0755053,0.0736593,-0.0473374,-0.0438789,-0.291946,-0.0751377,0.148042,0.112059,-0.0455637,0.135792,0.0881481,-0.0297634,-0.215316,0.203972,0.20145,0.00461434,-0.0306,0.0615778,-0.0940742,-0.0420074,0.0979513,-0.0385618,-0.20128,-0.0253476,0.0164556,-0.0735819,0.0706973,0.0562226,0.122203,-0.101135,0.00385072,-0.132229,0.0669516,-0.124258,-0.0988249,0.0750374,-0.0579216,-0.213217,-0.0274495,-0.0807041,-0.210718,-0.023605,0.0225593,0.00234127,0.243221,0.0647669,-0.0164776,-0.0512226,-0.0960871,0.00110972,-0.022657,0.0465982,-0.197701,-0.174818,0.0838025,0.0930952,-0.0898931,0.0541957,-0.22203,-0.0288799,-0.150873,-0.14356,-0.0964068,-0.00855163,-0.00435682,0.0899875,0.0197647,-0.211894,0.0569019,0.0661388,-0.0100245,0.0508975,0.141425,-0.0407665,-0.10891,
0.221636,0.0200796,-0.0024908,0.0558467,-0.102267,-0.261421,0.406718,-0.122847,0.0857206,-0.13085,-0.0950308,0.0347598,0.0510403,0.101518,-0.0877026,0.0876787,-0.0867315,-0.0821357,0.0184501,0.00678154,-0.122398,0.105445,0.100791,-0.0881773,-0.0525428,-0.458595,0.295405,-0.00562323,-0.0977884,-0.116963,-0.0164441,0.156184,0.0382531,-0.226082,0.145237,0.0298222,0.0501781,-0.12593,0.304894,0.0367724,-0.0905776,0.0428457,-0.188219,-0.0527414,-0.21536,-0.312117,0.421129,0.16733,-0.129137,-0.0812268,0.0280319,0.22115,-0.014559,-0.0829777,0.155752,-0.0123507,0.147961,-0.0492363,0.372791,-0.0274408,-0.165329,0.0449725,-0.143756,0.0336116,-0.0425875,-0.336652,0.079598,0.201325,-0.128457,-0.103961,-0.111955,0.182335,0.00301067,-0.190275,-0.00917022,0.0906167,-0.0155334,-0.32245,0.170312,-0.0130393,0.0605417,-0.0309279,0.0395253,0.113964,-0.174074,0.0257978,0.179856,0.266649,0.026958,0.100356,0.249077,0.126809,0.159544,-0.00796646,0.107972,0.00127936,-0.166374,-0.0432974,0.0482792,0.0064777,-0.0329459,0.05538,0.00271215,-0.0210793,-0.0213844,-0.111671,0.105686,0.215895,0.0775881,-0.143554,0.0296373,0.238886,-0.100811,0.0614628,-0.0989711,0.074021,0.0794763,-0.0782062,0.100307,-0.0960468,-0.200605,0.0524184,-0.156022,0.0715807,0.0997563,-0.0410107,0.214437,0.0563496,-0.0883186,0.0177915,0.0412985,0.129623,0.136948,-0.0292774,-0.0255726,-0.151481,-0.0470494,0.072973,0.0389179,-0.122982,-0.263356,-0.207646,-0.0857235,-0.100373,-0.175133,-0.09246,-0.187048,-0.00784321,0.0289694,0.253668,0.0877986,-0.0399171,-0.0589169,0.0736006,-0.0913063,-0.160535,-0.283717,0.183898,0.0239155,-0.071074,
-0.152672,0.0934168,-0.0442358,0.0979726,-0.0140869,0.0766385,-0.107479,0.0550426,0.00529593,0.113906,-0.0601598,-0.0100843,0.06727,0.0517762,0.0580548,0.170879,0.104006,-0.0759605,-0.0337573,0.0268593,-0.176103,-0.152693,-0.0350595,0.0468091,-0.13728,0.0267994,-0.0271801,-0.138305,0.0662027,0.253797,0.0615698,0.025589,-0.0202745,-0.167228,0.0471536,0.150754,0.10684,0.0118622,-0.180192,0.106106,0.143048,-0.0319244,-0.121695,0.0628046,-0.068344,-0.170935,-0.0454716,0.0572709,0.0676887,0.158983,0.0553997,-0.211423,-0.0608043,0.0800731,0.099323,0.0203608,-0.0682235,-0.0228172,0.0287604,-0.115769,-0.118485,0.0110755,0.0575035,-0.245963,0.236192,0.099645,0.133679,-0.0525982,-0.169679,0.150515,-0.024538,-0.111982,-0.134639,0.139786,-0.109107,-0.0579296,-0.0302672,-0.125028,0.0863415,0.0198605,-0.0815983,0.0594242,-0.278001,-0.0251507,0.0958795,-0.179171,0.122764,-0.0277518,-0.0584729,0.00913854,0.023068,0.023611,-0.0407366,0.0110871,-0.0532586,-0.110589,0.000990019,0.0617709,-0.0160776,-0.0769868,-0.358173,0.00786524,-0.0292805,0.0363533,0.0318718,0.00285137,-0.129603,0.0686359,-0.165256,-0.00395189,0.0997993,0.221089,-0.102714,0.0543284,-0.21316,-0.0686582,0.0227589,-0.040534,-0.0700389,0.00854845,-0.0748877,-0.00309394,0.0279335,-0.076456,-0.0714967,0.0245596,-0.00327789,0.167706,-0.188062,0.0322411,0.0422345,0.0828058,0.0354795,0.0536861,-0.0130448,0.0452252,-0.0872944,0.00979591,0.00465842,0.0256441,-0.00395719,-0.112474,0.144257,-0.0959184,0.108077,0.093963,-0.0112817,0.143524,-0.0115477,-0.00164266,-0.00837887,0.100277,-0.129525,-0.0536307,0.156109,0.0201766,0.019907,0.132029,-0.175832,0.133364,
-0.231784,-0.389622,0.0509979,-0.141172,0.0191977,0.420702,0.00302603,-0.00131586,-0.0962474,0.205834,-0.151101,0.0654822,0.255282,0.16388,-0.0180984,-0.0415129,-0.307998,0.213339,0.0844607,-0.147605,-0.0664443,0.0397937,-0.000205758,-0.0922484,0.126432,0.461363,-0.0654452,0.218341,-0.0052598,0.0614403,0.0386378,0.0130482,-0.0914715,0.103261,0.0117816,-0.103202,-0.125424,-0.0240117,-0.115605,-0.246314,-0.144038,-0.0828194,-0.110742,-0.210651,-0.0288777,0.290907,0.0402771,-0.0491987,0.0500496,-0.170039,-0.100308,-0.110171,-0.110803,-0.0486291,0.206644,-0.0734145,-0.222749,-0.0830611,-0.194708,-0.139737,-0.255552,0.043768,0.0398704,-0.11262,-0.120676,0.0210632,-0.179174,-0.0126279,-0.104902,0.0816076,0.0390028,-0.0149019,-0.138718,-0.0533123,0.0120152,-0.107802,-0.213922,0.00250469,0.127074,-0.0398707,-0.0105865,-0.0115037,-0.0954301,-0.132421,0.187808,0.151158,-0.100219,0.0865536,-0.00329501,0.0600816,-0.0710698,0.0674317,0.0141396,0.143758,-0.0519976,0.207225,-0.310482,0.0482631,-0.0286807,0.184445,-0.0460706,0.148402,-0.120264,0.103809,0.152004,-0.0938488,0.0217671,0.01422,0.00209452,0.214175,-0.00112159,-0.109817,0.0595181,0.0121212,-0.0620263,-0.0987559,-0.234046,0.0338209,-0.0596449,0.0291469,0.108656,-0.146564,0.0604858,-0.00830501,-0.196445,0.0388903,0.155663,0.048252,0.059516,0.0750272,0.191232,-0.187154,-0.200852,-0.108895,0.145533,-0.290532,-0.553123,0.011804,-0.00310221,0.110145,-0.0429669,0.101548,0.309597,-0.193778,-0.0512601,-0.145732,0.119698,0.176364,-0.0834235,0.0765869,-0.0420661,-0.0667817,0.111142,-0.206193,0.237148,-0.14984,-0.284173,-0.15442,-0.155701,0.016936,
0.232376,0.237143,0.0668716,-0.0617781,-0.632596,-1.38803,0.768928,0.529496,-0.148677,0.0101768,0.123524,-0.294749,-0.483705,0.047609,0.158525,0.298753,-0.205703,0.95902,0.40292,0.0358819,0.137353,0.170364,0.122669,-0.119103,-0.581053,-1.12227,0.789612,0.339762,-0.111152,-0.0187473,0.142579,0.00119541,-0.087106,-0.242058,-0.0410235,0.108645,-0.275815,0.998227,0.472193,-0.0833786,-0.0347816,0.204574,0.157424,-0.118014,-0.401774,-0.977663,0.806502,0.412866,-0.189283,0.190288,0.216445,0.263665,-0.193795,-0.0219205,-0.0389242,0.30838,0.183919,0.696977,0.3786,0.00867488,-0.0928452,0.14558,0.0897302,0.0139605,-0.26303,-0.860919,0.592645,0.308139,0.0572372,0.18143,0.098857,0.436417,-0.116606,-0.0897551,0.183818,0.18794,-0.0707791,0.690768,0.364625,-0.054278,0.193404,0.101062,0.154318,0.151727,-0.204938,-0.490313,0.663957,0.125146,-0.274982,0.0885932,0.112237,0.665059,-0.0880166,0.119549,0.0272877,0.0732975,0.146237,0.713043,0.35646,0.197427,0.0588353,-0.194839,0.0198298,0.125005,0.0395677,-0.163084,0.487702,0.316927,-0.177711,-0.0282011,-0.113077,0.491069,0.0222725,-0.0974324,0.160262,0.156986,0.198466,0.670352,0.315977,-0.18658,-0.155439,-0.315945,-0.270885,-0.0213651,0.0924708,-0.0415505,0.283162,-0.0638816,-0.188039,-0.0365449,-0.0127598,0.520513,0.109875,-0.122769,-0.0205733,0.137218,0.250606,0.478676,0.222134,-0.0492681,-0.270319,-0.496486,0.0309906,0.20555,0.340955,0.391199,0.391294,-0.0110556,0.0859345,0.221801,0.13219,0.785481,0.320426,0.0895694,0.0643312,-0.0784528,0.53675,0.573521,0.231584,-0.16842,
-0.0116263,-0.0670684,-0.0470067,0.0455286,0.0317908,0.0742835,0.137358,0.0130213,-0.125752,0.0866844,0.0608752,0.0495184,-0.141227,-0.0398781,0.108892,-0.0454252,0.257566,0.0664718,0.180096,-0.124582,-0.0698598,-0.1038,-0.197754,0.0267683,-0.126581,0.171871,-0.0300188,-0.116396,-0.088823,0.133391,-0.119848,0.135073,-0.00841481,-0.16728,0.0797418,0.0481351,-0.292951,0.010127,-0.112008,0.0974458,-0.0237035,-0.125435,-0.302839,-0.0736797,0.0461517,0.0428738,-0.0199113,-0.0810689,0.120832,-0.0336936,0.0630347,-0.131951,-0.065471,0.0962143,-0.0114993,-0.073051,-0.138667,-0.0133634,-0.0439799,0.0351052,-0.0284448,-0.237396,0.0851396,-0.201663,0.0416349,-0.140528,0.085195,-0.0119295,0.147773,-0.197987,0.130969,0.100807,-0.0675287,-0.0380678,-0.223409,-0.253937,0.0235688,0.0429702,0.0968183,0.176288,-0.0579647,-0.173319,-0.145115,0.0192027,0.135466,-0.0422601,-0.0699658,0.0908272,0.0419078,0.142899,0.00647826,-0.107326,-0.0016481,0.143471,0.0857081,-0.169802,-0.134418,-0.0810037,-0.0683629,0.164584,-0.100675,0.111502,-0.145014,-0.00877604,-0.0559747,0.148807,0.127142,-0.0705248,0.294719,-0.00397576,-0.113571,-0.0168129,0.0592743,0.0868656,-0.181032,0.0368765,0.00210088,0.124461,0.194936,0.0252441,-0.0678047,-0.0616616,-0.0182923,-0.0996675,0.102168,0.066206,-0.0566467,0.193118,-0.0931182,0.145264,0.069778,0.109616,0.0743333,-0.0845763,0.162734,0.0545276,-0.0849033,0.167706,-0.0716435,-0.126676,0.00149074,-0.060251,0.133523,-0.12973,-0.025939,0.231353,0.0494226,0.0861905,-0.12089,0.053879,-0.00200815,-0.0680045,-0.140129,0.115172,-0.0875927,0.0577198,-0.0395061,-0.00103696,0.152989,0.17815,
-0.0363366,-0.165363,-0.251711,0.0542243,-0.139278,-0.0572033,0.0464919,0.0228301,-0.0273919,0.102721,-0.0928273,0.00709387,0.119297,0.0157491,-0.0992894,-0.13303,-0.0940856,-0.0870845,-0.0189498,0.201311,0.124123,-0.080083,0.0165322,0.0670413,-0.0937722,0.115384,-0.165547,0.0245674,-0.0219354,0.132381,-0.191318,0.100898,0.0416655,-0.164605,-0.230973,-0.179166,0.0666033,-0.0964177,-0.167339,-0.0158468,-0.00324805,0.0764205,0.108968,-0.316699,0.0598033,-0.108428,-0.137851,0.217515,0.0180591,0.154741,0.238916,0.171877,-0.0903576,0.0468646,-0.0405625,-0.126515,0.344345,-0.0678446,0.0272459,0.0934278,0.29096,-0.213173,-0.0215087,-0.195465,0.118468,-0.0987126,-0.0958739,-0.015768,-0.050344,0.038907,0.0146414,-0.143988,0.151979,-0.00659165,-0.117596,-0.161428,0.0553322,-0.0322108,-0.0931538,-0.00734827,-0.0294517,-0.102432,-0.0321683,0.305507,-0.0520872,-0.0190684,-0.117683,0.00900703,-0.170875,0.129933,-0.0840217,-0.311291,-0.00291192,-0.0881447,0.203637,0.0235947,-0.000714009,0.120569,-0.0835504,-0.119439,0.103786,-0.0645164,-0.107944,0.161555,0.103831,-0.231299,0.0551174,0.119795,-0.0269345,-0.00540308,0.158159,0.156317,-0.055462,-0.188342,-0.150524,-0.114477,-0.12279,-0.0269827,-0.0910895,0.118763,0.112316,-0.0777954,0.103889,0.017667,0.00146012,0.185074,-0.0340519,0.0228432,0.0297985,0.127407,-0.023163,-0.0876878,0.0261986,0.0271781,0.0709814,0.0574079,-0.081271,0.147937,-0.188113,-0.17388,0.107803,0.0795433,0.117157,0.0658505,-0.178313,0.173542,0.25288,0.00862531,-0.0333619,0.0115045,-0.0990731,-0.153385,-0.0969352,-0.158655,0.122765,-0.0566577,-0.119622,0.0425998,-0.168056,-0.0204102,
0.0240841,-0.170946,0.0609939,-0.140554,0.00139723,-0.0334848,-0.0307156,0.0166658,0.241676,-0.196809,0.00927882,-0.072547,0.0342583,-0.0585902,0.0714845,-0.0250315,0.0763915,-0.15231,-0.0205944,-0.059045,-0.00421804,-0.295731,-0.0460056,0.0323088,-0.0177105,0.162232,-0.00189285,0.0677431,0.0735971,-0.290272,0.0851909,-0.00876463,0.0376756,0.0921743,-0.223996,-0.0327853,0.0928856,-0.177454,-0.256526,0.203023,0.0313909,-0.0280543,0.0836293,-0.269731,-0.0451364,0.0781413,0.0436024,-0.326572,-0.0114498,0.160357,0.0884395,0.125836,-0.121094,0.0155905,-0.0446634,-0.235991,0.116521,0.020914,-0.146631,-0.0837064,-0.190908,-0.106293,-0.0435496,-0.111266,0.0956244,-0.155681,-0.137245,0.0507435,0.0101649,0.0509441,-0.0249136,0.0378568,-0.223273,0.142581,0.0517999,-0.197469,0.146749,0.0621636,0.0759814,-0.0674276,-0.108429,0.0368395,-0.0518698,-0.0688545,0.0595762,0.0701317,0.0487023,0.167471,-0.0482752,0.0876662,0.00736171,-0.0674222,0.0635393,-0.0412001,0.0408865,0.0472696,-0.0891323,0.0544313,0.0597986,-0.0989017,-0.130977,-0.082098,-0.128183,-0.00817142,0.129299,-0.0903806,-0.217254,-0.100784,-0.123927,0.143683,-0.0124831,-0.13931,0.119486,0.199466,-0.00532324,-0.178415,0.0100954,0.163708,-0.0387154,0.0191758,-0.0843394,0.159114,0.0831576,-0.0469631,-0.0253398,-0.021193,-0.0260155,-0.174087,0.180177,-0.115773,0.00784206,0.0245644,-0.151471,0.175261,-0.0198761,-0.0077092,0.155995,-0.0625538,-0.00961105,-0.094223,0.103188,-0.00546625,0.186657,-0.175606,0.0599278,-0.0143003,0.00336544,-0.130541,0.018536,0.13787,0.066669,-0.109121,-0.0982574,-0.101133,0.0578093,0.047029,-0.0404912,0.0449592,-0.208675,-0.111368,
-0.113178,0.246627,-0.0963011,-0.00255004,-0.197718,0.104666,-0.0290772,-0.190367,0.0117199,-0.179197,-0.181452,-0.04848,-0.168788,0.123709,-0.0515287,0.052616,0.0927522,0.124446,0.0879545,0.0918425,-0.246428,-0.0951805,-0.112369,-0.317906,-0.0268079,-0.0131563,-0.143029,-0.247132,0.234843,0.0261926,-0.13035,-0.02228,0.120309,-0.0196278,0.218365,-0.261463,-0.192083,-0.161838,0.0854521,0.0181212,-0.132237,-0.124754,-0.169528,-0.135473,-0.0370163,-0.022122,0.00456986,-0.179211,-0.0664676,0.0793312,0.118863,0.273294,-0.0354701,-0.183791,-0.0463766,0.0504862,-0.0401417,0.0508045,-0.073028,0.0350695,-0.130343,-0.0797485,0.168412,-0.112218,0.0379604,-0.172064,-0.0253548,-0.140861,0.113319,-0.0660648,0.0112474,0.167021,0.108563,0.0731352,0.0132268,-0.145199,0.0251027,-0.0225059,0.163481,0.148037,-0.0299836,-0.0855927,0.114628,0.071798,0.00794477,0.00898371,0.173009,0.117732,0.409554,-0.348796,-0.0236292,0.0164689,-0.00255437,0.1461,0.149576,-0.111538,0.0231527,-0.0717878,0.155806,-0.210963,-0.0264807,-0.0960582,0.0730545,0.178062,-0.174399,-0.0242326,0.152139,-0.0721803,-0.216378,0.123927,0.098234,-0.00200887,-0.00244752,0.0316097,0.0514665,-0.00464196,-0.150202,0.0693346,-0.0605917,0.121603,-0.240243,0.0251151,-0.0736236,-0.132633,-0.0853433,0.0265036,-0.0985228,-0.0720749,0.115242,-0.258748,0.0797235,0.0899758,0.0875887,-0.0936653,-0.198445,0.10129,-0.058106,-0.0803359,-0.0186395,-0.00266179,0.154399,-0.0157655,-0.107864,-0.0660286,-0.171838,0.0483588,-0.11682,-0.0710679,-0.0704606,-0.0782468,-0.0272174,-0.0258719,-0.144309,0.102512,0.205176,0.0373361,0.0563475,-0.01819,-0.0139229,0.0181286,
0.108879,-0.256407,-0.190852,-0.0206168,-0.0991306,0.22722,-0.281309,0.00804946,-0.177873,-0.0626239,0.162606,0.213789,0.111219,0.0575003,0.0820894,-0.0404522,-0.0510836,0.0871587,-0.084424,0.0990976,-0.0932408,-0.162375,-0.0606443,-0.0422757,-0.14022,0.365247,-0.0479236,-0.0171385,0.177685,-0.0984444,0.0251921,0.098287,-0.186977,-0.195147,-0.0292103,0.102342,-0.24213,0.0701049,-0.0395237,0.0986089,0.0729951,-0.169135,-0.236266,-0.0568526,0.135598,-0.0124114,-0.107665,-0.00227644,0.0461776,0.081556,0.217163,0.130763,-0.0417619,0.0840481,-0.030143,0.0117467,-0.277507,0.0408048,-0.0574822,0.180968,0.00632889,0.0134703,-0.0395024,0.20518,-0.10763,0.230434,-0.0498412,-0.0469303,0.000670042,0.220712,-0.000538609,-0.102502,-0.0725065,0.181946,-0.140503,0.120516,-0.356292,0.0691305,-0.00225578,-0.105674,-0.0294943,8.43451e-05,-0.18057,0.0988841,0.12866,0.0698976,0.0804978,0.0576017,-0.160625,-0.0987226,-0.0701937,0.0198684,0.0714603,-0.104197,-0.0938474,-0.0129431,-0.219559,0.159525,0.035486,-0.00174297,-0.0176991,-0.101221,-0.119929,0.0966929,-0.0280798,-0.00883808,-0.053105,-0.0989723,0.0313666,-0.0362303,0.0853595,0.100893,0.0182095,0.111452,-0.196335,-0.0799801,-0.266918,0.111166,-0.0912717,-0.0278396,-0.0389402,0.0784335,-0.0377508,0.0740665,-0.00474502,-0.108804,0.0994239,0.0852241,0.094431,-0.0851436,-0.104015,0.0492965,-0.136356,-0.0608078,0.0298861,-0.0605904,-0.427635,0.0371133,-0.0256514,-0.138022,-0.0834765,-0.135053,-0.0865023,0.0023076,0.0456033,0.0347465,0.0143285,0.143488,-0.0629857,0.0794896,-0.162844,-0.24118,-0.120233,-0.00692719,-0.0499742,-0.0315721,-0.475868,-0.0702556,0.142697,-0.0102948,
-0.231095,-0.0730077,-0.324294,-0.061167,-0.0226583,0.309879,-0.110615,0.0742723,-0.252981,-0.0567468,0.085903,0.223005,0.368851,0.237058,0.0502771,-0.105167,-0.185047,-0.156385,-0.00851597,-0.0151979,-0.159697,-0.210297,-0.0797785,-0.00366202,0.0359022,0.254468,-0.151973,0.0277214,-0.121261,0.00925306,-0.10418,-0.0486239,0.0832015,-0.147689,0.0577089,-0.0644733,-0.249517,0.043725,-0.127695,-0.037799,-0.103081,-0.111283,0.0727871,-0.0224514,0.199046,0.118817,-0.185463,-0.146056,-0.0905641,0.011431,-0.0466923,0.020651,-0.174307,0.00589242,0.0122997,-0.149294,-0.40479,0.026744,0.00275146,0.0363833,0.00447142,-0.079693,-0.0332813,-0.0809597,0.24574,0.271144,-0.229555,0.0387736,0.0069931,0.144503,0.0678483,0.266144,0.10032,0.0107729,0.249053,0.0714782,-0.167449,0.104918,-0.11765,0.113134,-0.195349,0.124941,-0.0607056,0.0160098,-0.0268517,0.0972564,-0.25469,0.0843709,-0.181685,0.252389,-0.0131886,-0.0926066,-0.0639815,0.032967,0.0315356,0.017709,-0.18478,-0.223662,-0.111685,-0.174631,-0.0287766,0.0552005,-0.205767,0.0530493,0.106161,0.00895201,-0.0507843,0.199545,-0.0156144,0.0698153,0.105278,0.148479,-0.263191,0.152453,0.0903826,-0.139683,-0.222484,-0.0239978,0.0696129,-0.0936128,-0.0375849,-0.164802,-0.0930009,-0.203639,-0.0540822,-0.0133721,-0.240125,0.258089,-0.0722634,-0.031222,-0.00411546,0.00540071,-0.216421,0.125987,0.0483101,-0.131139,-0.081496,-0.0421396,0.0639801,-0.219093,0.14158,0.105705,0.0627835,0.0570801,0.00528287,-0.296202,-0.153179,0.10431,0.143583,0.169509,-0.0400457,-0.17634,-0.256622,0.145899,0.0735057,0.155282,-0.307335,0.00808996,-0.329275,-0.218652,
-0.091611,-0.0952208,0.0638797,0.205658,-0.110655,-0.330678,0.18491,0.0359012,0.124344,-0.205197,0.166494,-0.200859,-0.0818774,0.17783,0.088996,0.000778975,-0.100044,-0.344355,0.228524,0.0455299,0.0148242,-0.0274281,-0.134406,-0.141048,-0.106695,-0.51297,0.377458,0.249768,-0.0369311,0.0301231,-0.0475979,-0.198049,-0.0845131,-0.0871371,0.0149726,0.0304719,-0.158157,-0.261041,-0.174379,0.0195627,-0.0439944,-0.0960814,0.31164,0.166304,-0.369275,-0.343512,0.332457,0.109946,0.166899,0.0861997,0.345075,0.0478042,0.124818,0.0450785,-0.067894,-0.0201752,0.174729,-0.374929,0.0901802,-0.054538,0.100187,0.0259693,0.0544569,0.214498,-0.144067,-0.449561,0.25048,0.18086,-0.025625,0.0745986,0.229068,0.0810533,-0.0298153,-0.070347,-0.0770579,-0.134705,0.0681725,-0.261188,-0.00973071,0.0222229,-0.0577989,0.196332,0.178486,0.192692,-0.203024,-0.132681,-0.0935362,0.117986,-0.0657926,0.227475,-0.0814354,-0.0624777,0.0360782,0.144544,-0.164726,0.291784,0.172265,-0.173788,0.00215448,-0.0680795,0.0561191,0.279023,0.010943,-0.131467,0.0518996,-0.232568,0.176926,-0.172304,0.115804,0.185636,-0.0094705,-0.015434,0.0413291,-0.0252461,-0.00982635,-0.0585193,-0.0352291,-0.267886,-0.0136008,-0.224618,-0.172057,-0.0204922,0.0379814,-0.05091,-0.166301,-0.0571899,0.0491543,-0.0451116,0.0740382,0.104969,0.182835,0.113434,0.0533333,-0.187735,0.0398097,0.0933726,-0.103088,-0.213348,0.0478615,0.002415,-0.132611,0.142275,0.225132,0.13747,-0.0213163,-0.0340757,-0.210473,-0.172342,-0.0200487,0.151327,-0.117621,0.075724,-0.151734,0.124349,-0.0630687,-0.0596529,-0.371777,0.028595,0.192676,-0.0179877,
0.484549,0.547474,0.370361,0.0219082,-0.568558,-1.71504,0.818226,0.602201,0.00198948,0.114743,-0.0305808,-0.79933,-0.690732,0.0292476,-0.0394563,0.0528907,-0.118276,0.800941,0.0780608,0.169355,0.347629,0.527586,0.282122,0.0978024,-0.40485,-1.65452,0.589491,0.540739,0.253561,-0.158118,-0.0627466,-0.759859,-0.125014,0.181117,0.0825924,0.0771842,-0.242368,0.551806,-0.00272583,0.0105644,0.235016,0.5012,0.383344,0.0826728,-0.45646,-1.41869,0.510855,0.421184,-0.224017,0.272266,-0.0166803,-0.476459,-0.273518,0.0679089,-0.264603,0.139607,-0.211788,0.621756,0.125567,-0.137877,0.00644479,0.35386,0.334337,-0.121108,-0.229146,-1.14089,0.607173,0.201252,-0.253491,0.218748,0.0674528,-0.445512,-0.119021,-0.245261,-0.176832,-0.0751727,-0.461691,0.762456,-0.0752541,0.0173051,0.212118,0.193678,0.116793,0.0607957,-0.147764,-0.516617,0.546109,0.20206,0.0101864,0.182118,0.0834677,-0.0147498,0.201788,0.0927316,0.0686554,0.139706,-0.153275,0.612119,0.233839,-0.00061189,0.0843961,0.0681077,0.23289,0.192715,0.0867394,-0.433597,0.371112,0.180815,-0.0617035,0.0206094,-0.0636256,0.293377,0.238148,-0.112367,-0.0880544,0.0237316,-0.137093,0.394817,0.00533436,0.049244,-0.0084065,-0.0853459,0.178964,0.100998,0.0404693,0.0393802,0.164668,0.0265814,-0.0612176,0.175236,0.156547,0.135905,0.234492,0.220995,-0.00746391,-0.10047,-0.0601107,0.402084,0.00174616,-0.184846,-0.167387,-0.523653,0.111009,0.300257,0.339412,0.375793,0.0925712,-0.0329086,-0.114349,0.0527227,0.148925,0.338701,0.267402,0.0991958,0.0996285,0.199612,0.174098,0.417697,0.124551,-0.151729,
0.180023,-0.0821374,-0.00283999,0.0476495,-0.141619,-0.158941,-0.00849791,0.275731,-0.0578732,0.180452,0.170816,-0.158609,-0.114901,0.0920314,-0.145427,-0.0419829,-0.0293295,0.210302,-0.0590923,-0.0676179,0.112156,0.262831,0.0189016,0.194223,-0.13196,-0.228566,0.103873,0.080076,-0.0820995,-0.0169752,-0.0636433,-0.076391,0.0844715,-0.0288729,0.176099,-0.0885053,-0.0573709,0.218606,-0.0777812,0.000873745,-0.0400815,0.175287,-0.0894844,0.090959,-0.000621087,-0.240037,-0.00309984,0.188456,-0.0115392,0.0118823,0.0376414,-0.0931874,0.0319781,0.111647,-0.0371269,0.124877,0.0534093,-0.0175869,0.101338,0.0288313,0.110484,0.100658,0.0644773,0.237459,-0.114447,-0.0788884,-0.117595,0.0418767,0.117269,0.15291,-0.066192,-0.0189616,0.144784,-0.105257,-0.29188,0.015337,-0.195358,-0.0975915,0.248358,-0.0218107,0.0711234,-0.158523,0.0100948,0.0327795,0.223725,0.027843,0.0503082,0.233903,-0.139452,0.0139233,-0.0493118,-0.137832,0.0733199,0.0279724,-0.0794478,0.00393902,0.0159355,0.23796,-0.122383,-0.0623841,0.0812728,-0.196268,-0.123001,0.0261042,-0.0221801,-0.0307135,-0.0311112,-0.068811,-0.0937487,-0.0567859,0.068863,-0.0302121,0.161997,-0.0725481,0.0387143,0.0355542,0.156496,0.0109977,-0.289279,0.054799,-0.0402478,-0.0981249,-0.211998,0.153741,0.0123787,-0.0921952,0.0435405,-0.0628084,0.0886631,0.280446,0.0936953,0.124409,-0.106487,0.074425,0.00524911,-0.100292,-0.0332249,-0.13724,-0.107305,-0.206312,0.164769,-0.234292,0.0104795,-0.206632,0.0695513,0.0118574,-0.0276915,-0.0134231,0.0548998,0.129026,-0.0181745,0.202889,-0.044206,0.00858343,-0.00230432,-0.0150519,-0.0323758,0.310763,-0.116341,0.0352584,
-0.159494,0.356464,0.0133276,-0.220446,-0.602618,-0.608612,0.350392,0.131939,0.0573124,-0.144467,-0.1798,-0.0765307,0.1729,0.0513217,0.00888511,-0.22216,-0.0356748,-0.298911,0.0247431,0.141997,-0.0219346,0.121882,0.0468554,-0.00425562,-0.390977,-0.695199,0.385595,0.163255,-0.328795,0.110966,-0.0310029,0.0768838,0.102411,-0.0315257,0.0300814,-0.0417011,-0.00216102,-0.255789,0.174079,-0.0694502,-0.0496704,0.327851,0.193859,-0.206146,-0.44248,-0.488941,0.263596,0.148485,-0.152632,0.0196286,-0.0478503,0.0724273,0.0701617,0.022255,0.0168255,-0.0874584,0.0619815,-0.210054,0.0742048,-0.0278109,0.024762,0.18749,-0.0520179,-0.0296403,-0.30823,-0.357548,0.332048,0.163257,0.0242756,-0.0471682,0.0469608,0.0620464,0.240057,-0.0783008,-0.140025,-0.301905,0.0796165,-0.10657,0.0246968,0.0339797,-0.0608385,0.302466,-0.0772219,-0.0181717,-0.243511,-0.389787,0.32827,0.071307,0.00829139,0.103021,-0.0895944,0.0287641,-0.142646,0.0737189,-0.050306,-0.0773771,-0.0848811,-0.0888859,0.16748,0.161658,-0.192354,0.123301,0.0648417,-0.098181,-0.0591876,-0.281647,0.42768,0.217015,-0.0932899,0.0289937,0.14321,-0.0197891,0.0569469,-0.0386107,-0.222589,-0.105632,0.130209,-0.218146,-0.179943,-0.130239,-0.0138737,0.0455568,0.0631194,-0.0551728,-0.0794767,-0.159292,0.332622,0.0836157,-0.23189,0.221646,0.234119,-0.0892603,-0.00125513,-0.0736241,0.0357903,0.18083,-0.141392,-0.196158,0.124736,-0.0306741,-0.0628099,-0.0801731,-0.0877849,-0.0247506,-0.134622,-0.0685654,0.180786,0.0169046,0.0965004,-0.20027,0.21719,0.199244,0.0769944,-0.0553324,-0.185407,-0.0225191,0.0212193,-0.271869,0.131472,0.108407,
0.0806111,0.217946,0.0357294,-0.044949,-0.42039,-0.28334,0.0516248,0.298914,-0.0162438,0.0181853,0.145198,-0.270817,-0.0242445,0.0177904,-0.1234,0.15666,0.108583,0.172331,-0.106106,-0.0750563,0.0190774,-0.0533798,-0.0644789,0.0124532,0.0532561,-0.248411,-0.035513,0.3711,-0.0378808,0.193305,0.107956,-0.159224,0.0277314,-0.0502163,0.0123302,0.16046,-0.229692,0.162802,-0.050334,-0.164736,-0.00229601,0.141137,0.182412,-0.0123908,-0.0859342,-0.118607,-0.13656,0.049335,-0.230426,0.0356141,0.200385,0.152262,-0.121075,-0.182431,-0.123205,-0.00251199,0.243204,0.209256,0.182276,-0.0220437,-0.154145,-0.00109497,-0.00774955,0.0585618,-0.0736666,-0.148477,-0.0923679,0.270881,0.0106498,0.0986488,-0.142798,-0.0556735,0.108632,0.0137069,-0.11496,-0.0748954,-0.242928,0.0742945,-0.111086,-0.0134205,-0.0712643,-0.0616109,-0.0106782,-0.0523625,0.265299,0.0647841,0.231815,0.080353,0.0735196,0.195664,-0.0401177,0.122858,-0.106521,0.0122831,0.0991207,-0.00438435,-0.057524,0.0111989,-0.0626527,-0.14904,-0.0128724,-0.0311603,0.0331236,0.0428207,0.0559009,0.0762173,0.0312005,0.113744,-0.130694,-0.0513888,0.0325755,0.1649,0.0510771,0.115603,0.0752984,-0.123735,0.0886853,-0.045075,0.161292,-0.00260605,0.239798,-0.218612,0.0700207,0.118165,0.0341266,0.120201,-0.17484,-0.0197293,-0.121086,0.0292354,-0.0363225,0.103645,-0.0400114,0.116831,0.0706581,-0.0761355,0.169843,0.00166199,-0.152441,0.0309449,-0.207455,-0.222494,0.0184134,-0.0691131,0.0748006,0.239679,-0.0274968,-0.0400694,-0.254276,-0.105789,0.122351,0.0375396,-0.17063,-0.0170141,0.198444,0.0848714,-0.0540617,-0.0512148,-0.0223988,0.0933531,
-0.16505,-0.347772,-0.161704,-0.0913649,0.280878,0.989058,-0.2294,-0.199409,-0.0217327,0.0445502,-0.180634,0.324413,0.062503,-0.25184,-0.0787978,-0.155446,-0.763112,0.298552,-0.267729,0.0562696,-0.210707,-0.280946,-0.281329,-0.16227,0.217861,0.536963,-0.280645,-0.0506915,-0.205914,0.100649,-0.0200349,0.139145,0.00166616,0.0827764,-0.0193871,-0.276508,-0.85314,0.231726,-0.20491,0.0393614,-0.11246,-0.261743,-0.211465,-0.0975296,0.264028,0.581919,-0.439159,0.0844481,-0.0405416,0.00935213,-0.144318,0.0582695,-0.110869,0.00378008,0.198069,0.0170578,-1.04228,0.135531,-0.0600672,-0.0430844,-0.0427428,-0.341341,-0.253709,0.0441968,0.157733,0.258836,-0.243442,-0.0147229,0.102806,0.245328,0.11967,0.0445274,-0.137578,0.391473,0.0163202,-0.305528,-0.972199,0.218012,0.0386688,-0.0702444,-0.0452141,0.0912862,-0.354306,-0.0888212,0.140301,0.269402,-0.117323,0.193348,-0.0680547,0.0420907,-0.0499314,-0.077793,-0.0821777,-0.0456896,-0.0395587,-0.128501,-0.871592,0.0563048,-0.257059,0.0878017,0.107485,-0.0492455,-0.0128141,-0.0527549,0.0223208,0.195447,-0.0213443,0.195856,-0.0100151,0.142389,0.107122,-0.135881,-0.0207498,0.0332567,0.0784376,-0.0479945,-0.95134,-0.172486,0.0152733,0.0839497,0.211638,-0.0308574,0.00221006,-0.060986,0.0333444,-0.188823,-0.00084137,0.0453711,0.031826,0.0757219,0.01914,-0.234901,-0.0329357,0.163969,0.169055,-0.350397,-0.808433,0.346398,-0.109952,-0.170515,-0.0665247,0.193157,-0.0507977,-0.185481,-0.176432,-0.253812,0.00730982,0.101826,-0.0760761,0.0176149,0.0691479,-0.233058,-0.463602,-0.107424,0.117423,0.0477558,-0.829847,-0.0358563,-0.144912,-0.0212143,
-0.119434,-0.264013,-0.227165,-0.166713,0.230511,0.631203,-0.223245,-0.0480068,0.062436,0.0887194,0.0279594,0.322646,0.230143,0.0423863,0.029418,-0.0933543,0.588582,-0.100032,-0.0948941,-0.00246243,-0.373351,-0.405905,-0.0379559,-0.0240357,0.133246,0.46711,-0.166923,-0.00301327,0.0498401,0.122895,0.0616107,0.248944,-0.0196283,-0.0888215,0.0437898,-0.0797462,0.313206,0.00656993,-0.114511,0.169985,-0.126623,-0.200506,-0.0391731,-0.130764,0.0374829,0.386385,-0.0816689,-0.0916791,-0.00573993,0.0306473,-0.0231795,0.044726,0.138573,0.0955498,-0.189914,0.0271043,0.510331,-0.104512,-0.0629934,0.0252563,0.144949,-0.277,-0.163864,-0.0638545,0.130173,0.389301,-0.230637,-0.0798227,0.116133,0.126975,0.00102416,0.123554,0.0155672,-0.0906543,-0.070642,-0.158419,0.5022,-0.156426,-0.137841,0.19129,-0.15967,-0.0992863,0.0803104,-0.00228439,0.134801,0.133865,-0.109601,0.174585,0.117151,0.188756,-0.0928916,-0.0734818,-0.0869983,-0.0715759,-0.142141,-0.0335336,0.615476,0.205704,0.201891,0.0120691,-0.0235847,-0.0788539,0.230606,-0.0116245,0.0294736,0.0513077,-0.108285,0.105304,-0.257576,0.228711,0.0268519,0.0659248,0.0321719,0.0680614,0.0486753,-0.0968033,0.474407,-0.0373412,-0.178998,0.0717169,-0.0316357,0.0614089,-0.00608038,0.0480697,0.14399,-0.0490333,-0.0478421,0.125285,-0.0345925,0.0580894,0.287068,-0.0976153,-0.0402087,-0.112364,-0.170943,-0.222128,0.576821,0.233503,-0.0145299,0.118183,-0.0395246,0.269678,0.0444958,-0.0237918,0.272084,-0.182957,-0.17669,0.00261089,0.054185,0.0862176,-0.0465136,0.0848984,0.00236157,-0.120669,-0.0208966,-0.0699615,0.305726,0.290313,-0.137344,0.0431224,
-0.0479637,0.0147954,-0.00768901,-0.123,0.0385774,-0.200581,-0.222617,-0.252083,-0.0579286,-0.208997,-0.0558463,0.0757489,-0.104593,0.0611736,-0.128524,-0.147135,0.148985,-0.0267363,0.124736,0.0481329,-0.0133472,0.014713,-0.144061,-0.0742829,0.166992,-0.181038,-0.25293,0.118402,0.00133324,0.236616,0.122208,0.0832218,0.0797445,-0.033048,0.0333091,-0.0268394,-0.11146,0.191383,-0.0433562,-0.0554953,-0.0424836,-0.0561175,0.269977,0.0330587,-0.239022,0.0163755,-0.0361923,-0.0456036,0.142708,-0.0919527,-0.0758191,0.0873063,0.132421,0.13206,0.205566,0.0157568,0.243741,0.0656398,-0.115856,0.185743,-0.0437493,-0.046628,0.116684,0.00232284,-0.114871,-0.0721215,0.223275,-0.0747397,0.100721,0.0918576,0.186468,-0.106795,-0.131661,-0.0597844,-0.0845988,-0.0115285,-0.0950876,0.132786,-0.182821,-0.225387,-0.330253,0.0662095,-0.118578,0.0297902,-0.013835,0.0664115,0.0638753,-0.0488076,-0.188704,0.132283,0.143351,-0.0361917,0.19568,0.101335,0.145464,-0.0321746,0.0586573,-0.0323641,0.0833635,-0.0715931,-0.102267,0.0912225,-0.0951263,0.0173647,-0.126713,0.0130466,0.036959,0.153424,-0.113637,0.0916069,-0.132937,-0.00485148,-0.0844199,0.062658,0.151706,0.00973656,-0.117208,-0.0559095,-0.106796,-0.155969,0.0587349,-0.120517,0.100121,-0.24633,0.0316706,-0.110328,0.0654605,-0.170373,0.228879,-0.0264371,-0.0877966,0.025263,0.0639774,-0.0148862,0.0843512,-0.0685353,-0.0226117,-0.0434231,-0.0405914,-0.0456132,0.229219,-0.0462794,0.0155161,-0.00815628,0.12097,0.210384,-0.105001,-0.102595,-0.153584,-0.070959,-0.0718753,0.128255,0.16462,-0.146802,-0.0946508,-0.0516119,-0.0464526,-0.108478,0.063232,-0.0455774,
0.169632,0.225574,0.0871545,-0.108402,-0.202882,-0.335491,0.00423705,0.270135,-0.023292,0.033153,-0.150682,-0.229589,-0.0446311,0.101467,0.12275,0.0135994,-0.223973,-0.189874,0.0618543,-0.133113,0.093254,0.210632,-0.279811,0.0560183,-0.134296,-0.374677,0.0888426,0.205979,-0.0349765,0.149675,-0.109682,0.00263609,-0.0474596,-0.1295,0.0298404,-0.0979604,-0.230689,-0.0794537,0.0179803,0.00254275,0.0276724,-0.0312266,0.0373961,-0.106283,-0.231055,-0.447389,0.0878417,0.22308,0.125216,-0.0656369,-0.0683719,0.102413,0.0607984,0.0845401,-0.000726594,0.028978,0.0476907,-0.209087,-0.103958,-0.1615,0.0828889,-0.103159,0.0243411,-0.0454181,-0.296901,-0.19358,0.0994174,0.0912341,0.0155329,0.348792,0.210202,0.0275199,0.0213473,0.0771141,0.0888468,-0.242677,0.0610964,-0.159526,0.0392422,-0.0158968,-0.0177129,0.259763,0.0375966,-0.0740973,-0.0986484,-0.256493,0.230213,0.137752,0.0232817,0.0515304,0.0126031,0.0095681,-0.124283,0.0686888,-0.294778,0.0323753,-0.025172,-0.212845,0.128048,0.194889,-0.0585485,0.0133851,-0.0509389,0.201725,-0.305025,0.0420038,0.261778,0.0713188,-0.00673473,0.0184929,-0.0429419,0.009927,-0.0454613,-0.000176152,-0.0942362,0.262738,-0.00131438,-0.262795,0.0484921,0.0152019,-0.0553179,-0.29641,0.0549325,0.000539882,-0.112001,-0.0609539,-0.0828219,0.0366661,-0.137455,-0.151573,-0.241392,0.242273,-0.127279,0.10574,-0.0569794,-0.0261411,-0.060993,-0.201678,-0.206738,-0.220458,-0.0109212,0.0673155,0.0994943,-0.00915981,-0.0945716,0.271455,0.130124,0.0879211,0.0393949,-0.0736278,-0.264282,0.25799,0.196769,-0.00940855,-0.0861999,-0.0920841,0.0146943,0.0244245,-0.127845,0.132851,
0.0615576,0.31492,-0.0320503,0.0447657,-0.12508,-0.48155,0.344046,0.352674,-0.0361354,0.0576295,-0.0946708,-0.0846668,-0.149272,0.0347761,-0.060687,-0.105274,-0.228612,-0.0881648,0.254923,-0.17714,-0.0513652,0.0991324,0.110192,0.0854502,-0.0642103,-0.564215,0.363057,-0.0661184,-0.167205,0.0437141,-0.147738,-0.00192915,0.130269,0.0323708,-0.013501,-0.0445735,-0.14494,-0.241705,0.0791933,-0.175638,-0.0223569,0.0101926,-0.129336,-0.123555,-0.360945,-0.273526,0.42937,0.218883,-0.0220844,0.141482,-0.25028,0.189106,0.0855178,0.13991,0.023696,-0.150208,0.0561196,-0.15038,0.196919,0.00174225,-0.203589,0.0909138,0.0133907,-0.0123744,-0.169019,-0.325058,0.428272,0.148668,-0.0826544,0.105888,-0.0225704,0.0731824,0.239642,0.0292229,-0.0839069,0.0437056,-0.0363829,-0.363599,0.105965,-0.105913,-0.184333,0.162863,0.0647583,-0.229375,-0.29395,-0.271287,0.237671,0.111461,-0.19852,0.0305832,-0.0175072,0.141235,0.238394,-0.0668624,-0.113132,0.325318,0.0417216,-0.0280928,0.200952,0.0663979,0.0991855,0.0158669,-0.215486,-0.102701,0.122095,-0.232946,0.283323,0.107555,0.102853,0.141764,-0.14316,0.232057,-0.0511578,0.0874538,0.0258161,0.135885,0.235857,-0.05651,0.332355,0.00254501,-0.156301,-0.0314891,-0.0490566,0.0897506,-0.113616,-0.0281365,0.035279,0.223362,-0.145107,0.110975,0.151448,0.159992,-0.044482,0.0696551,-0.0058979,-0.00330805,-0.218619,-0.18505,0.137774,-0.138953,-0.108755,-0.0770448,-0.165435,-0.0596964,-0.204042,0.0179447,0.106981,0.0238444,-0.0426947,0.125077,0.264708,0.249893,0.0418701,0.0345109,0.0931356,-0.04867,-0.00303321,-0.0463796,0.104431,-0.0347355,
0.182426,0.341984,0.192967,-0.0515115,-0.43934,-1.06413,0.405853,0.406369,-0.224644,0.126555,0.0222414,-0.621984,-0.324848,0.0997507,0.129124,-6.47528e-05,-0.0262603,0.400954,0.127839,-0.0926003,0.265488,0.307537,0.411979,-0.0284319,-0.26594,-0.837161,0.386544,0.269983,-0.136839,0.0202233,-0.0055197,-0.327257,-0.428552,0.204722,0.00648103,0.00806985,-0.127669,0.435875,0.0833582,-0.10021,0.215924,0.284655,0.348215,-0.0394624,-0.391727,-0.573066,0.0924278,0.242972,0.0688357,-0.136135,-0.174848,-0.207417,-0.380107,-0.0791942,0.0563702,-0.049096,-0.0592818,0.382697,0.122862,-0.100977,0.180838,0.238495,0.19323,-0.0383932,-0.382518,-0.615651,0.479401,0.131489,-0.0531007,0.203344,0.0309666,-0.150194,-0.176278,-0.0510493,0.193718,0.264386,-0.181218,0.211779,0.175035,0.122451,0.142946,0.104364,0.188468,-0.0843577,-0.123775,-0.490021,-0.0220659,0.217938,-0.18044,-0.000912387,0.00645376,-0.212785,-0.120518,-0.1033,0.111842,0.00712635,-0.222303,0.220828,-0.0761028,-0.132822,0.187066,-0.0213002,0.244248,0.0691271,0.168047,-0.199915,0.0106277,-0.0622132,-0.13997,0.141391,-0.156729,0.15121,-0.0900995,-0.0707292,0.0458007,0.210208,-0.0557242,0.533502,-0.00122731,-0.0308758,-0.155619,-0.182427,0.261427,0.199974,0.0709781,0.0923073,-0.015172,-0.0502287,0.28905,-0.280081,-0.131433,-0.137781,0.0618419,0.110875,0.0166902,-0.114378,-0.0819661,0.489516,0.0485448,0.138851,-0.0141067,-0.145077,0.0301046,0.159936,0.231165,0.187967,-0.10304,-0.085314,-0.228194,0.128124,-0.13839,0.520246,0.176366,0.147892,-0.0595552,-0.0162819,0.0355833,0.128897,-0.0380552,0.00912623,
-0.053528,0.125213,-0.302789,0.0670684,-0.19371,-0.581699,0.235198,0.27456,-0.301307,-0.0324108,-0.0809498,-0.122542,-0.182694,-0.0434142,-0.0992927,-0.0810507,-0.0575364,0.201468,-0.00673597,0.0169084,0.152561,0.188628,0.0692693,-0.136407,-0.54051,-0.755622,0.201151,0.158669,-0.135931,0.00922994,0.0885968,-0.0435838,-0.154198,-0.00376528,0.134393,-0.0389229,0.043154,0.0664715,0.187888,-0.0864701,-0.0785293,0.211633,-0.109415,-0.151284,-0.358434,-0.499771,0.280809,0.182003,-0.12045,-0.0845961,-0.141588,-0.163479,-0.0653099,0.0330073,0.0761286,0.111957,-0.0500475,0.265496,0.0239995,-0.159305,-0.0217269,-0.00677426,-0.000133872,-0.0234795,-0.346011,-0.297359,0.33992,-0.0772104,0.0299286,0.102579,0.00229997,0.158034,-0.062786,0.0391134,-0.0361027,0.0353636,0.101488,0.11473,0.104955,0.155562,-0.0112938,0.279889,0.110545,-0.207586,-0.230103,-0.364545,0.177037,0.00170355,-0.112884,-0.0819319,0.0715958,-0.0586815,-2.94802e-05,-0.0844465,-0.129537,-0.080204,-0.0576537,0.127678,0.0535782,-0.12912,0.0603256,0.0815149,-0.0311388,0.0888434,-0.478333,-0.290465,0.125891,-0.0815843,-0.11201,-0.0892923,0.0319938,0.0509551,0.117509,0.118173,0.036367,-0.0114604,0.134919,0.00640846,-0.010367,-0.0672605,-0.0979279,-0.0122985,0.09649,-0.0178368,-0.238657,-0.121742,0.025404,-0.129058,-0.0811384,0.011621,0.0665338,0.00794087,0.10577,-0.089112,0.0315379,0.0520876,0.117311,-0.159641,0.173152,0.0450351,-0.27396,-0.0815606,-0.0763384,0.0294085,0.130093,-0.055737,-0.0981017,-0.113516,-0.0174345,0.0120852,0.100414,0.0531263,0.0898163,-0.00966177,0.0779087,0.00927134,0.138669,0.0339718,-0.00734897,-0.076557,
-0.15243,0.170867,0.0809419,-0.105491,-0.349611,-0.47779,0.1378,-0.0899065,-0.137105,-0.0975334,-0.312238,-0.230693,-0.209794,0.041302,0.0369362,0.0119648,-0.0580755,-0.0155467,0.182302,0.0330484,-0.229384,0.150547,0.202297,-0.152164,-0.221955,-0.46855,0.105972,0.205982,-0.20068,0.0127096,0.141278,-0.089446,-0.0368047,-0.00380747,0.0461067,-0.0964863,-0.00350197,-0.0596437,-0.00838034,0.138289,0.0455811,0.13508,0.0212433,0.0242111,-0.212073,-0.303531,0.163606,-0.0577756,-0.127248,0.0639746,0.160806,0.0257215,-0.00814277,-0.104959,0.212041,0.116179,0.202918,0.0179861,-0.176383,0.0239707,-0.0805971,0.135626,0.0155482,-0.0353124,-0.210353,-0.32721,0.0477668,0.0328168,-0.0414097,0.0255863,0.0738674,-0.0223914,0.062952,0.16125,0.231871,-0.0182016,-0.0535677,0.0203417,0.000927004,-0.0182718,0.0682241,-0.0100619,-0.0117216,-0.0168644,-0.360511,-0.236385,0.211367,0.0227049,-0.0202113,0.00626557,0.0456297,0.257038,-0.0336768,0.148462,0.0973907,0.129298,-0.0268789,0.0682229,0.0911413,0.0381518,-0.0722671,0.00925457,0.049356,-0.052446,-0.336027,-0.376241,0.0493666,0.0665471,0.22298,-0.163415,0.0355857,0.175804,0.11847,0.0328775,0.0511029,0.100328,-0.158984,0.0518337,-0.110355,-0.108258,-0.0644888,0.0637794,0.107706,-0.0305541,6.2162e-05,-0.209396,0.188393,-0.00391729,-0.183353,0.101589,0.175644,0.0378233,0.167198,-0.0954722,0.0905735,-0.0619924,-0.0389054,0.039693,-0.143684,0.0718936,-0.232954,0.0195312,-0.0108077,0.0430928,-0.0581694,-0.00787458,-0.0674665,0.0293935,-0.08653,-0.0796009,-0.098549,0.0904768,-0.0783602,0.0837167,0.0524678,-0.126322,-0.14128,0.067365,-0.167576,-0.0756752,
-0.0258396,-0.050102,-0.176699,-0.171309,-0.0719361,-0.119395,-0.0585427,0.0113296,0.162838,-0.0783705,0.0168566,0.0887982,0.205706,-0.0251389,0.0716332,-0.0373704,-0.163456,0.00911464,0.0188953,-0.0346044,0.131013,0.05131,-0.0586558,0.0554261,-0.0543589,-0.127796,-0.157311,-0.0942737,-0.0455267,-0.0577519,-0.163763,0.00404915,-0.110532,0.0882976,-0.227517,-0.0206922,0.109567,-0.0137086,0.218177,-0.0517072,0.0569262,-0.219284,-0.0129243,0.113881,-0.158442,-0.0118019,0.1112,-0.0674383,-0.178521,0.130016,-0.112398,-0.0485061,-0.153039,0.116903,-0.125324,-0.128142,0.0756376,0.120445,0.0075007,0.024613,-0.0217473,0.0437774,0.0245461,0.0246187,-0.0116505,-0.0458837,-0.0991947,-0.152777,-0.0917357,-0.00956493,0.0510351,-0.100963,0.0269866,-0.0561868,-0.116017,0.0538417,-0.0197209,-0.220017,-0.234004,0.1728,-0.0461377,-0.0399814,-0.132303,-0.0414707,0.0289351,0.0243618,-0.0151541,-0.0314035,-0.170455,0.0525336,0.125597,0.0793499,-0.0157292,0.0395118,-0.240218,0.158492,0.0554637,0.0960503,0.13865,-0.00808477,-0.0951968,-0.020742,-0.0276176,-0.0340313,-0.0465983,0.0844925,0.0202939,0.0580131,-0.0531695,-0.115048,-0.0324143,0.123693,-0.0330581,-0.0574418,0.0755852,-0.0290655,-0.0970979,-0.150026,0.027909,-0.0429256,-0.217113,0.122527,-0.0571408,-0.197765,0.0173625,-0.000672233,0.0894923,0.00128375,0.0290764,0.133739,0.0165445,0.165168,-0.0218974,0.0931343,-0.000653819,0.019793,-0.0289112,0.117281,0.0111864,-0.0737836,-0.0377476,-0.101358,-0.0271651,0.0424049,0.0660989,0.0656709,0.0563598,-0.00876576,0.0726083,-0.164046,-0.24713,0.126548,-0.0385138,-0.0802909,-0.0203124,-0.0947839,-0.171771,-0.178827,-0.0391169,0.112076,
0.162543,0.037219,-0.162582,-0.0789125,-0.0640537,0.0326255,0.00342297,0.127544,-0.0500611,0.0800795,-0.199357,0.0995891,-0.121381,0.0938831,0.190915,-0.0097914,0.0581965,0.136229,-0.0810641,0.0957558,0.107675,0.109833,-0.0366703,-0.055434,-0.082935,-0.0489562,0.0133485,0.0990664,0.148571,0.207698,0.108305,-0.0344102,-0.0110815,0.0604728,0.103773,0.0102414,-0.103953,0.12535,0.25123,-0.162247,-0.00372337,-0.0951286,-0.0221186,0.0549114,0.132929,-0.00284133,-0.0215375,0.0592199,-0.0452403,0.146553,-0.0441742,0.231508,0.103105,-0.0831587,-0.0917672,-0.1495,0.0550894,-0.0388276,-0.0661872,-0.0474691,-0.157006,0.0768493,0.137624,-0.057384,-0.036834,0.0104818,-0.0498082,-0.107923,-0.159307,-0.137742,0.15984,0.0794458,-0.0863302,-0.0536674,-0.0274929,-0.110156,-0.0672999,0.0582146,-0.0789936,0.0940667,-0.0120501,-0.047025,-0.0840526,-0.0880393,0.018137,-0.0871752,-0.0284679,0.10846,0.0283878,-0.148989,0.094886,0.0358305,-0.0449132,-0.184062,-0.0604444,0.123174,0.0686401,0.24497,-0.0353084,0.0555317,0.0780482,0.0453349,-0.0186662,-0.108945,-0.0154064,0.017966,0.18434,-0.105487,-0.049816,0.182875,-0.258779,0.00655681,-0.116669,-0.0319219,0.0301345,0.189767,-0.0286052,0.0250228,-0.00961657,-0.114252,-0.102896,-0.0507223,-0.0580466,-0.187047,-0.0743828,0.215365,-0.0132719,0.0714636,-0.016145,0.0240618,-0.237227,0.0572124,0.11439,-0.0722864,-0.146716,-0.0415763,-0.165103,0.0650393,-0.109285,0.192405,0.10826,-0.171817,-0.00590945,-0.194581,-0.0468481,-0.102225,0.139635,0.0380341,0.0890562,0.133273,-0.120543,0.0343477,0.155589,0.0668793,-0.139205,-0.147337,-0.135303,-0.0996887,-0.0699294,-0.0726297,
-0.135351,0.12725,-0.119238,-0.0109957,-0.102452,-0.0656143,-0.0528441,-0.0241125,0.0318404,0.0447718,0.0497675,-0.0711273,-0.11696,0.211994,-0.0167031,-0.0783147,-0.121121,0.0638143,0.0986822,-0.0370962,-0.00651353,0.0421463,-0.0974943,0.058281,-0.15016,0.0467255,-0.0730788,0.202519,0.192283,-0.173873,0.198961,-0.0461364,-0.21243,-0.110981,-0.173946,-0.0471035,-0.0776646,-0.0997804,-0.0367839,0.232617,-0.00324851,-0.219095,-0.163666,0.0177639,0.0441613,0.251165,-0.0372836,0.0962285,0.153958,-0.128691,-0.0234829,0.0525653,0.0289213,0.0954894,-0.185676,0.00676012,0.0373997,0.0704478,0.14823,-0.0822502,-0.173037,-0.147599,0.0358294,0.0288864,0.0770313,-0.127534,-0.143238,0.0547274,-0.222247,0.10633,-0.189218,0.181607,-0.15435,-0.214271,-0.0286227,0.0226226,-0.0150101,-0.0374488,-0.122692,0.107589,0.0297875,-0.0890037,0.0643028,0.0325853,-0.0994893,0.0705872,-0.0929365,0.0892593,0.387797,-0.42299,-0.0282201,0.0510168,-0.360907,-0.246805,-0.0255918,-0.155287,0.243501,0.0353259,0.106892,-0.0821144,0.0312056,-0.0445871,-0.229188,-0.132706,-0.000407114,-0.092604,0.0374037,-0.221676,-0.155844,0.122059,-0.0691137,0.111385,-0.21232,-0.0753001,0.053691,-0.0262584,0.14456,-0.0213504,-0.0809047,0.0763669,-0.0655908,-0.064391,-0.00366905,-0.16708,-0.117942,-0.0195659,0.0542205,-0.100667,0.0334889,-0.203129,0.0731436,0.0836722,-0.0981147,-0.0551225,0.0698091,0.118046,-0.146448,-0.172169,0.0282809,-0.22157,-0.0901213,0.0186397,-0.0634842,-0.0142317,-0.0807272,-0.0402004,-0.170304,-0.097946,-0.127819,0.0587503,-0.0611602,-0.143766,0.0586446,-0.0871772,-0.0174005,-0.12808,0.0389561,-0.0513574,-0.0354276,0.192954,